Binder Name,Binder Type,Name,Set code,Set name,Collector number,Foil,Rarity,Quantity,ManaBox ID,Scryfall ID,Purchase price,Misprint,Altered,Condition,Language,Purchase price currency,Added
Library,binder,Oblivion Sower,DDP,Duel Decks: Zendikar vs. Eldrazi,41,foil,mythic,1,10524,9f3a5dea-0422-49f8-a35b-757ea500a52d,1.02,false,false,near_mint,en,USD,2024-04-14T23:32:26.393Z
Library,binder,Wastes,OGW,Oath of the Gatewatch,184,normal,common,2,9197,69b215fe-0d97-4ca1-9490-174220fd454b,0.86,false,false,near_mint,en,USD,2024-04-14T23:32:26.393Z
Library,binder,Witness the End,OGW,Oath of the Gatewatch,82,foil,common,1,9300,0c06d8ec-55ab-4be9-a470-77c79d643d1f,0.28,false,false,near_mint,en,USD,2024-04-14T23:43:56.244Z
Library,binder,Forest,BFZ,Battle for Zendikar,272,normal,common,3,10057,2d3a6ecf-323d-4650-aabf-92995e3c72c6,0.15,false,false,near_mint,en,USD,2024-04-14T23:43:56.244Z
Library,binder,Eldrazi Skyspawner,BFZ,Battle for Zendikar,58,normal,common,2,10293,9c9c1a10-446e-492a-95cc-a459dc6c08a0,0.09,false,false,near_mint,en,USD,2024-04-14T23:43:56.244Z
Library,binder,Swamp,BFZ,Battle for Zendikar,260,normal,common,2,10081,132155ae-f7a4-4957-91cb-e51ff52716f9,0.17,false,false,near_mint,en,USD,2024-04-14T23:43:56.244Z
Library,binder,Oblivion Strike,OGW,Oath of the Gatewatch,75,normal,common,2,9307,24e30acf-b30f-4bb3-b80e-dc7e9559da51,0.03,false,false,near_mint,en,USD,2024-04-14T23:43:56.244Z
Library,binder,Fathom Feeder,BFZ,Battle for Zendikar,203,normal,rare,1,10148,b080ed31-db68-4e3c-8bf6-48b53d3ba622,0.22,false,false,near_mint,en,USD,2024-04-14T23:43:56.244Z
Library,binder,Island,SOI,Shadows over Innistrad,286,normal,common,7,8710,bffca348-2af9-44bb-815f-f7f7240ac975,0.04,false,false,near_mint,en,USD,2024-04-14T23:43:56.244Z
Library,binder,Island,ORI,Magic Origins,259,normal,common,2,10683,7880b12e-948b-4f3a-bb0b-604e3dd66f78,0.04,false,false,near_mint,en,USD,2024-04-14T23:43:56.244Z
Library,binder,Tide Drifter,BFZ,Battle for Zendikar,67,normal,uncommon,1,10284,4c590579-e0ef-4839-8f67-f52813cd9fe7,0.1,false,false,near_mint,en,USD,2024-04-14T23:43:56.244Z
Library,binder,Island,BFZ,Battle for Zendikar,259,normal,common,1,10083,71207752-0d8a-4ab5-be64-cca600608e76,0.21,false,false,near_mint,en,USD,2024-04-14T23:43:56.244Z
Library,binder,Prophet of Distortion,OGW,Oath of the Gatewatch,46,normal,uncommon,1,9336,03ee2d7e-50ee-4f5a-b787-cf9669a892f3,0.17,false,false,near_mint,en,USD,2024-04-14T23:43:56.244Z
Library,binder,Ruination Guide,BFZ,Battle for Zendikar,64,normal,uncommon,1,10287,f0bdbe64-d985-4bc5-bb1d-4cbf12ef60b2,0.15,false,false,near_mint,en,USD,2024-04-14T23:43:56.244Z
Library,binder,Island,BFZ,Battle for Zendikar,257,normal,common,3,10087,21e41579-5cbf-41c8-ac1b-e6256220087d,0.15,false,false,near_mint,en,USD,2024-04-14T23:43:56.244Z
Library,binder,Swamp,BFZ,Battle for Zendikar,262,normal,common,4,10077,5452c8e4-3463-4ae3-a9d1-5947bea4684e,0.21,false,false,near_mint,en,USD,2024-04-14T23:43:56.244Z
Library,binder,Swamp,BFZ,Battle for Zendikar,261,normal,common,3,10079,a8594426-c965-4187-a72d-7582f21b0ea1,0.17,false,false,near_mint,en,USD,2024-04-14T23:43:56.244Z
Library,binder,Negate,ORI,Magic Origins,65,normal,common,1,10877,e848b632-e08a-4341-a99c-d8207f9ffe48,0.11,false,false,near_mint,en,USD,2024-04-14T23:47:04.665Z
Library,binder,Ulamog's Nullifier,BFZ,Battle for Zendikar,207,normal,uncommon,1,10144,acd482ad-ca4a-470f-8a76-14ec7b58316a,0.1,false,false,near_mint,en,USD,2024-04-14T23:47:04.665Z
Library,binder,Mist Intruder,BFZ,Battle for Zendikar,61,normal,common,1,10290,f8c2e662-d8c3-44d4-b666-fe0d4a046271,0.05,false,false,near_mint,en,USD,2024-04-14T23:47:04.665Z
Library,binder,Bearer of Silence,OGW,Oath of the Gatewatch,67,normal,rare,1,9315,50460cce-ee1c-4384-bb0c-d90616e0d2e9,0.13,false,false,near_mint,en,USD,2024-04-14T23:47:04.665Z
Library,binder,Clutch of Currents,BFZ,Battle for Zendikar,72,normal,common,1,10279,3d20f482-e0b2-4e4a-be32-347ab112912c,0.05,false,false,near_mint,en,USD,2024-04-14T23:47:04.665Z
Library,binder,Sludge Crawler,BFZ,Battle for Zendikar,98,normal,common,1,10253,9782b463-0677-40f4-ab2c-4c3ff19f1168,0.06,false,false,near_mint,en,USD,2024-04-14T23:47:04.665Z
Library,binder,Blighted Cataract,BFZ,Battle for Zendikar,229,normal,uncommon,1,10122,8908b6b0-a488-426c-954d-458456be0651,0.05,false,false,near_mint,en,USD,2024-04-14T23:47:04.665Z
Library,binder,Benthic Infiltrator,BFZ,Battle for Zendikar,55,normal,common,1,10296,f380ae58-08cc-42df-ac74-3c6890a62463,0.07,false,false,near_mint,en,USD,2024-04-14T23:47:04.665Z
Library,binder,Island,BFZ,Battle for Zendikar,256,normal,common,2,10089,5cde9dcf-f0b4-4e76-ac4e-d4a8ac355fbe,0.15,false,false,near_mint,en,USD,2024-04-14T23:47:04.665Z
Library,binder,Island,SOI,Shadows over Innistrad,287,normal,common,7,8709,6d74e713-11f7-4341-9b22-5300a4587a51,0.05,false,false,near_mint,en,USD,2024-04-14T23:47:04.665Z
Library,binder,"Arwen, Mortal Queen",LTR,The Lord of the Rings: Tales of Middle-earth,193,normal,mythic,2,83083,547f92d4-cd1d-4ca7-a6e2-6473b4d3c832,3.15,false,false,near_mint,en,USD,2024-04-15T01:44:33.034Z
Library,binder,Elvish Mystic,CMM,Commander Masters,284,foil,common,1,84500,75918859-c93f-41b4-9ad0-a4a96c389f0d,4.8,false,false,near_mint,en,USD,2024-04-15T01:44:33.034Z
Library,binder,Fall of Cair Andros,LTR,The Lord of the Rings: Tales of Middle-earth,124,foil,rare,1,82985,354b4623-50a0-41f1-ad1e-7dd6ac3852df,0.33,false,false,near_mint,en,USD,2024-04-15T01:44:33.034Z
Library,binder,Gandalf of the Secret Fire,LTC,Tales of Middle-earth Commander,507,foil,mythic,1,86715,bc40e6dd-0aa8-4c37-a2eb-4dc9662e416e,1.28,false,false,near_mint,en,USD,2024-04-15T01:45:39.344Z
Library,binder,"Aragorn, Hornburg Hero",LTC,Tales of Middle-earth Commander,492,normal,mythic,1,86374,14c62aa6-2660-4a18-8f69-4088e18abb40,2.33,false,false,near_mint,en,USD,2024-04-15T01:46:51.350Z
Library,binder,Second Breakfast,LTR,The Lord of the Rings: Tales of Middle-earth,29,normal,common,6,82814,002f647a-25f8-461b-8617-52674f5d577c,0.08,false,false,near_mint,en,USD,2024-04-15T01:51:55.035Z
Library,binder,"Éowyn, Lady of Rohan",LTR,The Lord of the Rings: Tales of Middle-earth,10,normal,uncommon,8,83594,e59710c4-24de-419e-a8a0-e8392d450c23,0.06,false,false,near_mint,en,USD,2024-04-15T01:51:55.035Z
Library,binder,Lash of the Balrog,LTR,The Lord of the Rings: Tales of Middle-earth,92,normal,common,5,83236,812fee97-e145-4458-b495-bc6ad227335b,0.1,false,false,near_mint,en,USD,2024-04-15T01:51:55.035Z
Library,binder,Isolation at Orthanc,LTR,The Lord of the Rings: Tales of Middle-earth,57,normal,common,7,83084,54b9c323-ac9b-4864-bd57-81b557f44114,0.06,false,false,near_mint,en,USD,2024-04-15T01:51:55.035Z
Library,binder,Snarling Warg,LTR,The Lord of the Rings: Tales of Middle-earth,109,normal,common,5,83351,a1ad561c-ccb4-480a-88a4-0555d0ef245e,0.02,false,false,near_mint,en,USD,2024-04-15T01:51:55.035Z
Library,binder,Grey Havens Navigator,LTR,The Lord of the Rings: Tales of Middle-earth,53,normal,common,6,83068,4dd89994-bdff-47ca-a65d-10afcc7e773e,0.07,false,false,near_mint,en,USD,2024-04-15T01:51:55.035Z
Library,binder,Gimli's Fury,LTR,The Lord of the Rings: Tales of Middle-earth,131,normal,common,5,83627,efde011d-8732-49b3-9204-8b114a3d81ba,0.16,false,false,near_mint,en,USD,2024-04-15T01:51:55.035Z
Library,binder,Captain of Umbar,LTR,The Lord of the Rings: Tales of Middle-earth,45,normal,common,7,83472,c222577d-a3c7-41d9-b11b-62065bdb98ef,0.11,false,false,near_mint,en,USD,2024-04-15T01:51:55.035Z
Library,binder,Uglúk of the White Hand,LTR,The Lord of the Rings: Tales of Middle-earth,235,normal,uncommon,4,83610,e914c7fc-be3c-4346-bf37-6e10f4998204,0.04,false,false,near_mint,en,USD,2024-04-15T01:51:55.035Z
Library,binder,Stern Scolding,LTR,The Lord of the Rings: Tales of Middle-earth,71,normal,uncommon,8,83012,3ca1e1de-b916-445f-b3b2-0f4d0cc7ceeb,0.65,false,false,near_mint,en,USD,2024-04-15T01:51:55.035Z
Library,binder,Olog-hai Crusher,LTR,The Lord of the Rings: Tales of Middle-earth,140,normal,common,2,83476,c33bf593-62e0-491a-a31a-328bce6d8735,0.02,false,false,near_mint,en,USD,2024-04-15T01:51:55.035Z
Library,binder,Braided Net // Braided Quipu,LCI,The Lost Caverns of Ixalan,47,normal,rare,1,88560,68a6ede0-6d57-4e29-9e3b-3569ab7f0bcd,0.09,false,false,near_mint,en,USD,2024-04-15T01:57:12.656Z
Library,binder,Kinjalli's Dawnrunner,LCI,The Lost Caverns of Ixalan,19,foil,uncommon,1,89057,fc4c527c-6963-47f4-bcad-841d06bb2211,0.03,false,false,near_mint,en,USD,2024-04-15T01:57:12.656Z
Library,binder,Soulcoil Viper,LCI,The Lost Caverns of Ixalan,120,normal,uncommon,1,88285,1125fdf2-2dbb-49a6-b76f-8cd6c3d6fab4,0.01,false,false,near_mint,en,USD,2024-04-15T01:57:12.656Z
Library,binder,Careening Mine Cart,LCI,The Lost Caverns of Ixalan,247,normal,uncommon,1,88519,5a96d8ae-200a-40be-95a8-72b53638a090,0.04,false,false,near_mint,en,USD,2024-04-15T01:57:12.656Z
Library,binder,Zoyowa's Justice,LCI,The Lost Caverns of Ixalan,173,normal,uncommon,1,88230,04839717-d2f9-481d-9d13-e4038dbcbb0e,0.12,false,false,near_mint,en,USD,2024-04-15T01:57:12.656Z
Library,binder,Twists and Turns // Mycoid Maze,LCI,The Lost Caverns of Ixalan,217,normal,uncommon,1,88419,3cdf691e-96a5-45c7-9b94-6f04af81c8e4,0.06,false,false,near_mint,en,USD,2024-04-15T01:57:12.656Z
Library,binder,Mineshaft Spider,LCI,The Lost Caverns of Ixalan,202,normal,common,1,88833,b75a3639-a917-4700-a093-14a4cda78d9f,0.01,false,false,near_mint,en,USD,2024-04-15T01:57:12.656Z
Library,binder,Over the Edge,LCI,The Lost Caverns of Ixalan,205,normal,common,1,88342,23dddddb-5409-4c28-bf32-e6473f2cc620,0.04,false,false,near_mint,en,USD,2024-04-15T01:57:12.656Z
Library,binder,Buried Treasure,LCI,The Lost Caverns of Ixalan,246,normal,common,1,88479,4c9c45b6-dedd-4481-a06a-c83ace2f18fa,0.02,false,false,near_mint,en,USD,2024-04-15T01:57:12.656Z
Library,binder,Ancestral Reminiscence,LCI,The Lost Caverns of Ixalan,45,normal,common,1,88542,625690d3-7131-45de-adea-9c927241e661,0.02,false,false,near_mint,en,USD,2024-04-15T01:57:12.656Z
Library,binder,Ancestors' Aid,LCI,The Lost Caverns of Ixalan,132,normal,common,1,88996,e90d5b7d-e27d-42d6-ba7a-d4a6b0dd8549,0.06,false,false,near_mint,en,USD,2024-04-15T01:57:12.656Z
Library,binder,Miner's Guidewing,LCI,The Lost Caverns of Ixalan,24,normal,common,2,88690,9048cd9d-df3f-4705-a5f4-e5b09760c631,0.06,false,false,near_mint,en,USD,2024-04-15T01:57:12.656Z
Library,binder,Deathcap Marionette,LCI,The Lost Caverns of Ixalan,100,normal,common,1,88894,ccc9d22c-dfce-4136-aed8-a5fe9bb852f2,0.02,false,false,near_mint,en,USD,2024-04-15T01:57:12.656Z
Library,binder,Envoy of Okinec Ahau,LCI,The Lost Caverns of Ixalan,11,normal,common,1,88717,96de0741-9270-4118-bb8e-f3480c75a582,0.02,false,false,near_mint,en,USD,2024-04-15T01:57:12.656Z
Library,binder,Mountain,LCI,The Lost Caverns of Ixalan,290,normal,common,1,86323,7cb82fdb-5090-45c0-ae67-4846667c8625,0.36,false,false,near_mint,en,USD,2024-04-15T01:58:04.352Z
Library,binder,Forest,OTJ,Outlaws of Thunder Junction,286,normal,common,1,93742,8e9ac507-7c8f-431f-8d1a-220ceeacf871,,false,false,near_mint,en,USD,2024-04-15T02:03:28.649Z
Library,binder,Intrepid Stablemaster,OTJ,Outlaws of Thunder Junction,169,normal,uncommon,1,93153,4d6cdf2a-026a-41ba-87d9-8fcd8a67f06e,0.16,false,false,near_mint,en,USD,2024-04-15T02:03:28.649Z
Library,binder,Lavaspur Boots,OTJ,Outlaws of Thunder Junction,243,normal,uncommon,1,93392,e50709de-e6ef-4dbc-af1e-290fed279f34,1.05,false,false,near_mint,en,USD,2024-04-15T02:03:28.649Z
Library,binder,Canyon Crab,OTJ,Outlaws of Thunder Junction,40,normal,uncommon,1,93317,b740a8a8-e1d3-4642-a214-03731c9b5553,0.3,false,false,near_mint,en,USD,2024-04-15T02:03:28.649Z
Library,binder,Congregation Gryff,OTJ,Outlaws of Thunder Junction,200,normal,uncommon,1,93045,0ef4907a-2fc1-42c5-bffc-3b3f93601fb9,0.2,false,false,near_mint,en,USD,2024-04-15T02:03:28.649Z
Library,binder,Vengeful Townsfolk,OTJ,Outlaws of Thunder Junction,37,normal,common,1,93102,2df404af-571a-4867-83f5-bb4163b433ff,0.18,false,false,near_mint,en,USD,2024-04-15T02:03:28.649Z
Library,binder,Peerless Ropemaster,OTJ,Outlaws of Thunder Junction,60,normal,common,1,93304,ae044509-2f31-4506-a124-0e445b7181a2,0.27,false,false,near_mint,en,USD,2024-04-15T02:03:28.649Z
Library,binder,Eriette's Lullaby,OTJ,Outlaws of Thunder Junction,10,normal,common,1,93067,184c18b6-40e2-4f7f-a3bb-49bc695b68ec,0.24,false,false,near_mint,en,USD,2024-04-15T02:03:28.649Z
Library,binder,Trick Shot,OTJ,Outlaws of Thunder Junction,151,normal,common,1,93351,cd3c2d02-67ca-4858-9b7a-3cfe8a08356c,0.17,false,false,near_mint,en,USD,2024-04-15T02:03:28.649Z
Library,binder,Cactarantula,OTJ,Outlaws of Thunder Junction,158,normal,common,2,93103,2e0e27f9-dc2c-4366-b810-3e8d0bdff8c3,0.15,false,false,near_mint,en,USD,2024-04-15T02:03:28.649Z
Library,binder,Assimilation Aegis,OTJ,Outlaws of Thunder Junction,192,normal,mythic,1,93024,014bf3c6-e46f-48f8-902f-82deeba260b2,1.68,false,false,near_mint,en,USD,2024-04-15T02:04:52.420Z
Library,binder,Throw from the Saddle,OTJ,Outlaws of Thunder Junction,185,foil,common,1,93225,775874cc-4b78-4904-9c97-431c2e400c64,,false,false,near_mint,en,USD,2024-04-15T02:04:52.420Z
Library,binder,Primal Might,OTP,Breaking News,32,normal,rare,1,93357,d11a1ac4-b025-4bc7-a00f-5de04acefbf8,0.12,false,false,near_mint,en,USD,2024-04-15T02:04:52.420Z
Library,binder,"Chandra, Flamecaller",OGW,Oath of the Gatewatch,104,normal,mythic,1,9278,49fdd0d3-7140-4c12-a41c-37eedd986d9e,0.48,false,false,near_mint,en,USD,2024-04-15T02:09:45.320Z
Library,binder,"Kiora, Master of the Depths",BFZ,Battle for Zendikar,213,normal,mythic,1,10138,4b63c228-3265-4029-9bc0-36b3e31dfb53,2.1,false,false,near_mint,en,USD,2024-04-15T02:09:45.320Z
Library,binder,"Nahiri, the Harbinger",SOI,Shadows over Innistrad,247,normal,mythic,1,8749,84d70487-21d1-4897-ac20-2a996e893b5b,0.55,false,false,near_mint,en,USD,2024-04-15T02:09:45.320Z
Library,binder,Ulvenwald Hydra,SOI,Shadows over Innistrad,235,normal,mythic,1,8761,8a5d48df-7d21-462c-b721-b769a785bb00,1.83,false,false,near_mint,en,USD,2024-04-15T02:09:45.320Z
Library,binder,Avaricious Dragon,ORI,Magic Origins,131,normal,mythic,1,10811,354255d7-dc29-403b-aa90-9044cde669d0,1.77,false,false,near_mint,en,USD,2024-04-15T02:09:45.320Z
Library,binder,Soulblade Djinn,ORI,Magic Origins,75,normal,rare,1,10867,e2a48455-dde4-4263-9146-af547c0aad48,0.17,false,false,near_mint,en,USD,2024-04-15T02:13:33.147Z
Library,binder,Ugin's Insight,BFZ,Battle for Zendikar,87,normal,rare,1,10264,f37d5938-9c8f-4203-8f3f-d6e89ced28ef,0.17,false,false,near_mint,en,USD,2024-04-15T02:13:33.147Z
Library,binder,Sphinx of Magosi,W17,Welcome Deck 2017,12,normal,rare,1,5857,a2b4f70d-e922-4ecb-9d5a-6253f7a7716c,0.11,false,false,near_mint,en,USD,2024-04-15T02:13:33.147Z
Library,binder,Monastery Siege,FRF,Fate Reforged,43,normal,rare,1,12083,eef398b5-38f7-4a11-8fcf-d4e0d27267cf,2.29,false,false,near_mint,en,USD,2024-04-15T02:13:33.147Z
Library,binder,Deepfathom Skulker,OGW,Oath of the Gatewatch,43,normal,rare,1,9339,496a22cc-36dd-4d4d-b887-8c4733a29870,0.26,false,false,near_mint,en,USD,2024-04-15T02:13:33.147Z
Library,binder,Oath of Jace,OGW,Oath of the Gatewatch,60,normal,rare,1,9322,e8e7b007-a14b-40b2-9de7-38545c50a073,0.26,false,false,near_mint,en,USD,2024-04-15T02:13:33.147Z
Library,binder,Exert Influence,BFZ,Battle for Zendikar,77,normal,rare,1,10274,c35e9d13-ee4b-42f1-a154-18ab32947ad3,0.15,false,false,near_mint,en,USD,2024-04-15T02:13:33.147Z
Library,binder,Icefall Regent,PDTK,Dragons of Tarkir Promos,58s,foil,rare,1,11856,e1752991-c7b0-4397-913b-b93a7705bbcb,1.49,false,false,near_mint,en,USD,2024-04-15T02:13:33.147Z
Library,binder,Drowner of Hope,BFZ,Battle for Zendikar,57,normal,rare,1,10294,0fd5b48c-6850-47d4-8106-297be6c8f708,0.16,false,false,near_mint,en,USD,2024-04-15T02:13:33.147Z
Library,binder,Rattlechains,SOI,Shadows over Innistrad,81,normal,rare,1,8915,a6fc4db9-a29c-4f50-8e41-105b45af0be9,0.21,false,false,near_mint,en,USD,2024-04-15T02:13:33.147Z
Library,binder,"Alhammarret, High Arbiter",PORI,Magic Origins Promos,43,foil,rare,1,10628,028ed496-6472-490b-8b1d-fe3c667fb7ba,0.46,false,false,near_mint,en,USD,2024-04-15T02:13:33.147Z
Library,binder,Thing in the Ice // Awoken Horror,SOI,Shadows over Innistrad,92,normal,rare,1,8904,359d1b13-6156-43b0-a9a7-6bfff36c1a91,2.76,false,false,near_mint,en,USD,2024-04-15T02:13:33.147Z
Library,binder,Pia and Kiran Nalaar,MOC,March of the Machine Commander,288,normal,rare,1,81695,5aab5a55-0aee-4d8e-92b7-92b057a00509,0.1,false,false,near_mint,en,USD,2024-04-15T02:13:33.147Z
Library,binder,Tyrant of Valakut,OGW,Oath of the Gatewatch,119,normal,rare,1,9263,f388be9e-332e-4199-9f30-862d631fa26b,0.14,false,false,near_mint,en,USD,2024-04-15T02:13:33.147Z
Library,binder,Welcome to the Fold,SOI,Shadows over Innistrad,96,normal,rare,2,8900,2d07fbe1-e66a-4893-86ee-7752ad77b120,0.13,false,false,near_mint,en,USD,2024-04-15T02:13:33.147Z
Library,binder,Scourge Wolf,SOI,Shadows over Innistrad,179,normal,rare,1,8817,072f47ad-3055-4bd2-b7fd-cfbd22720d58,0.18,false,false,near_mint,en,USD,2024-04-15T02:19:16.428Z
Library,binder,Scab-Clan Berserker,ORI,Magic Origins,160,normal,rare,1,10782,38d600b0-8649-424a-acad-879f3067b55e,0.27,false,false,near_mint,en,USD,2024-04-15T02:19:16.428Z
Library,binder,Markov Blademaster,DKA,Dark Ascension,96,normal,rare,1,18441,122163dd-e070-48af-8036-e9850541d138,0.32,false,false,near_mint,en,USD,2024-04-15T02:19:16.428Z
Library,binder,Fated Conflagration,PBNG,Born of the Gods Promos,94★,foil,rare,1,14964,9cf2cea6-0356-4036-9472-cf45ee225702,0.28,false,false,near_mint,en,USD,2024-04-15T02:19:16.428Z
Library,binder,Shivan Dragon,W16,Welcome Deck 2016,13,normal,rare,1,9086,ca25d8fe-93b3-4d2c-96df-ca6e4f528543,0.1,false,false,near_mint,en,USD,2024-04-15T02:19:16.428Z
Library,binder,"Jaya Ballard, Task Mage",PD2,Premium Deck Series: Fire and Lightning,10,foil,rare,1,20501,17e96837-31bd-4598-9c3d-37af1f52b5c3,0.23,false,false,near_mint,en,USD,2024-04-15T02:19:16.428Z
Library,binder,Bring to Light,BFZ,Battle for Zendikar,209,normal,rare,1,10142,d25b13a4-6282-4426-8b01-9550f7d52d16,0.45,false,false,near_mint,en,USD,2024-04-15T02:19:16.428Z
Library,binder,Vile Redeemer,OGW,Oath of the Gatewatch,125,normal,rare,1,9257,f48b0613-127a-4338-aea4-ad0b8aa96d77,0.18,false,false,near_mint,en,USD,2024-04-15T02:19:16.428Z
Library,binder,Soul Swallower,SOI,Shadows over Innistrad,230,normal,rare,1,8766,22fbc045-2c86-4816-8622-db56929ae94d,0.2,false,false,near_mint,en,USD,2024-04-15T02:19:16.428Z
Library,binder,Altered Ego,SOI,Shadows over Innistrad,241,normal,rare,1,8755,c05da08d-8fac-47bc-80d8-78a80d1463d2,1.03,false,false,near_mint,en,USD,2024-04-15T02:19:16.428Z
Library,binder,Tireless Tracker,SOI,Shadows over Innistrad,233,normal,rare,1,8763,ee8e9928-d9b2-4570-adb8-44b34115decd,1.41,false,false,near_mint,en,USD,2024-04-15T02:19:16.428Z
Library,binder,Evolutionary Leap,ORI,Magic Origins,176,normal,rare,1,10766,c27f3193-3083-409e-99d8-10f5b1afe9f1,0.49,false,false,near_mint,en,USD,2024-04-15T02:19:16.428Z
Library,binder,Outland Colossus,ORI,Magic Origins,193,normal,rare,1,10749,1caad298-52cb-46f1-8212-fe657ab80159,0.11,false,false,near_mint,en,USD,2024-04-15T02:19:16.428Z
Library,binder,Triskaidekaphobia,SOI,Shadows over Innistrad,141,normal,rare,1,8855,8060b717-94c9-4962-9676-0b1ca6a357a8,0.18,false,false,near_mint,en,USD,2024-04-15T02:19:16.428Z
Library,binder,Ruinous Path,BFZ,Battle for Zendikar,123,normal,rare,1,10228,709ab9cf-eed8-4d73-b10d-c7f6d8750328,0.14,false,false,near_mint,en,USD,2024-04-15T02:19:16.428Z
Library,binder,Silumgar Assassin,DTK,Dragons of Tarkir,121,normal,rare,1,11693,ecc4693f-59fe-4671-b8c6-66fe53a76bbe,0.21,false,false,near_mint,en,USD,2024-04-15T02:19:16.428Z
Library,binder,Nightmare,W16,Welcome Deck 2016,8,normal,rare,1,9091,afc8ec11-78cc-438f-9e49-50089fd247e6,0.17,false,false,near_mint,en,USD,2024-04-15T02:19:16.428Z
Library,binder,Felidar Sovereign,BFZ,Battle for Zendikar,26,normal,rare,1,10325,039499c3-0b35-4e8e-b0c9-bdf0b4cd90d5,2.17,false,false,near_mint,en,USD,2024-04-15T02:19:16.428Z
Library,binder,Vryn Wingmare,ORI,Magic Origins,40,normal,rare,1,10902,a34291dc-103f-493d-b217-bd1b0e946d8d,0.31,false,false,near_mint,en,USD,2024-04-15T02:19:16.428Z
Library,binder,Harness the Storm,SOI,Shadows over Innistrad,163,normal,rare,2,8833,5294d359-c599-40ed-9e06-2a3cc8624d6a,0.25,false,false,near_mint,en,USD,2024-04-15T02:19:16.428Z
Library,binder,Emeria Shepherd,BFZ,Battle for Zendikar,22,normal,rare,1,10329,7c366f25-93c7-4088-88a4-64d3ee18a89a,1.47,false,false,near_mint,en,USD,2024-04-15T02:21:16.694Z
Library,binder,Stone Haven Outfitter,OGW,Oath of the Gatewatch,37,normal,rare,1,9345,e1b98e63-f23d-432a-86ae-f88bdad2f648,0.35,false,false,near_mint,en,USD,2024-04-15T02:21:16.694Z
Library,binder,"Ayli, Eternal Pilgrim",OGW,Oath of the Gatewatch,151,normal,rare,1,9231,e7b5893d-6df6-4cae-ae70-d02d443d1740,0.95,false,false,near_mint,en,USD,2024-04-15T02:21:16.694Z
Library,binder,Aegis Angel,W16,Welcome Deck 2016,1,normal,rare,1,9098,44a93838-caea-41da-bf00-163b40cfb758,0.23,false,false,near_mint,en,USD,2024-04-15T02:21:16.694Z
Library,binder,Hanweir Militia Captain // Westvale Cult Leader,SOI,Shadows over Innistrad,21,normal,rare,2,8975,7e137566-5033-48e8-88ba-65e3821b3cec,0.51,false,false,near_mint,en,USD,2024-04-15T02:21:16.694Z
Library,binder,Forest,DTK,Dragons of Tarkir,263,normal,common,1,11551,23c9425a-2093-40c1-b3a9-a882d80cf198,0.16,false,false,near_mint,en,USD,2024-04-15T03:01:59.013Z
Library,binder,Mountain,ISD,Innistrad,259,normal,common,1,18639,17de9f2c-e051-404c-8ec0-c35f500efd67,0.2,false,false,near_mint,en,USD,2024-04-15T03:01:59.013Z
Library,binder,Island,ORI,Magic Origins,258,normal,common,4,10684,13d88f06-276b-41d4-a4c3-d904f93ea403,0.05,false,false,near_mint,en,USD,2024-04-15T03:01:59.013Z
Library,binder,Evolving Wilds,ORI,Magic Origins,246,normal,common,2,10696,b14a3dd4-27bd-4825-a525-2d6cc2201046,0.07,false,false,near_mint,en,USD,2024-04-15T03:01:59.013Z
Library,binder,Mortuary Mire,BFZ,Battle for Zendikar,240,normal,common,1,10111,c6b31722-9626-4fea-9971-54c9aa8238e8,0.19,false,false,near_mint,en,USD,2024-04-15T03:01:59.013Z
Library,binder,Plains,ORI,Magic Origins,253,normal,common,1,10689,88f96591-4f22-451e-bfb5-32561cc4640d,0.08,false,false,near_mint,en,USD,2024-04-15T03:01:59.013Z
Library,binder,Island,ORI,Magic Origins,257,normal,common,5,10685,d3a9df3b-b542-4915-96ac-0c9027f6870a,0.05,false,false,near_mint,en,USD,2024-04-15T03:01:59.013Z
Library,binder,Mountain,FRF,Fate Reforged,183,foil,common,1,11943,a7d5cb40-7365-492b-a3bc-4a624f78cec4,0.67,false,false,near_mint,en,USD,2024-04-15T03:01:59.013Z
Library,binder,Mountain,SOI,Shadows over Innistrad,292,normal,common,7,8704,a7878436-bf83-45c6-a040-e2fad447862a,0.06,false,false,near_mint,en,USD,2024-04-15T03:01:59.013Z
Library,binder,Forest,FRF,Fate Reforged,184,normal,common,10,11942,8b712739-df44-4c23-b076-0fb778aa6dc4,0.17,false,false,near_mint,en,USD,2024-04-15T03:01:59.013Z
Library,binder,Forest,SOI,Shadows over Innistrad,297,normal,common,10,8699,ee1ebe0b-995f-4239-aad3-bfe471a88b6e,0.17,false,false,near_mint,en,USD,2024-04-15T03:01:59.013Z
Library,binder,Mountain,SOI,Shadows over Innistrad,293,normal,common,8,8703,d55384ef-6e5e-4e0b-8156-edad0fc9b25b,0.07,false,false,near_mint,en,USD,2024-04-15T03:01:59.013Z
Library,binder,Forest,SOI,Shadows over Innistrad,296,normal,common,6,8700,2c8c30af-055a-4921-99a8-f99c472c7315,0.14,false,false,near_mint,en,USD,2024-04-15T03:01:59.013Z
Library,binder,Island,ORI,Magic Origins,260,normal,common,3,10682,03f845b1-3b8a-4387-aae3-fd497acf193c,0.05,false,false,near_mint,en,USD,2024-04-15T03:01:59.013Z
Library,binder,Stone Quarry,SOI,Shadows over Innistrad,279,normal,uncommon,2,8717,e636cdc3-4b83-4f15-ad4a-6c8fa3533408,0.11,false,false,near_mint,en,USD,2024-04-15T03:01:59.013Z
Library,binder,Plains,BFZ,Battle for Zendikar,253,normal,common,2,10095,b11c9a26-3234-480b-94cf-49f15f2b0002,0.16,false,false,near_mint,en,USD,2024-04-15T03:01:59.013Z
Library,binder,Mountain,SOI,Shadows over Innistrad,294,normal,common,6,8702,b37dc16e-3631-46df-acc4-19040fb8a86e,0.06,false,false,near_mint,en,USD,2024-04-15T03:01:59.013Z
Library,binder,Plains,SOI,Shadows over Innistrad,284,normal,common,6,8712,6401c6e7-3415-4e68-b40c-9777c33785eb,0.07,false,false,near_mint,en,USD,2024-04-15T03:01:59.013Z
Library,binder,Forest,SOI,Shadows over Innistrad,295,normal,common,4,8701,42efdb6a-1c54-497a-9058-af4256241649,0.09,false,false,near_mint,en,USD,2024-04-15T03:01:59.013Z
Library,binder,Plains,SOI,Shadows over Innistrad,283,normal,common,7,8713,56bbcfb7-cfbc-4752-9b6c-ffbd5d3dd678,0.08,false,false,near_mint,en,USD,2024-04-15T03:01:59.013Z
Library,binder,Plains,BFZ,Battle for Zendikar,251,normal,common,1,10099,5a8279b9-c1dd-43db-a01b-89567bb43374,0.18,false,false,near_mint,en,USD,2024-04-15T03:25:24.269Z
Library,binder,Swamp,BFZ,Battle for Zendikar,264,normal,common,2,10073,1c590ebb-1e3a-4861-b8f2-aef9c4259efd,0.2,false,false,near_mint,en,USD,2024-04-15T03:25:24.269Z
Library,binder,Mountain,BFZ,Battle for Zendikar,269,normal,common,1,10063,3cecf0db-0e0e-4329-b055-bb9dad912ca8,0.18,false,false,near_mint,en,USD,2024-04-15T03:25:24.269Z
Library,binder,Blighted Gorge,BFZ,Battle for Zendikar,231,normal,uncommon,1,10120,88cbfe5d-79b7-45db-b3cd-4ae7a9964a37,0.06,false,false,near_mint,en,USD,2024-04-15T03:25:24.269Z
Library,binder,Looming Spires,BFZ,Battle for Zendikar,238,normal,common,1,10113,b88177a2-de41-417d-a8f1-07edf005b453,0.06,false,false,near_mint,en,USD,2024-04-15T03:25:24.269Z
Library,binder,Swamp,SOI,Shadows over Innistrad,289,normal,common,8,8707,19f62f5c-ddea-4564-bc47-5845ab15d8e2,0.22,false,false,near_mint,en,USD,2024-04-15T03:25:24.269Z
Library,binder,Forest,BFZ,Battle for Zendikar,271,normal,common,3,10059,491b26e4-1d52-457c-a00c-bdee127f8a97,0.17,false,false,near_mint,en,USD,2024-04-15T03:25:24.269Z
Library,binder,Swamp,SOI,Shadows over Innistrad,290,normal,common,7,8706,6fae7689-a9df-4f69-8040-9fbe24f64838,0.11,false,false,near_mint,en,USD,2024-04-15T03:25:24.269Z
Library,binder,Mountain,BFZ,Battle for Zendikar,267,normal,common,3,10067,37acb733-b3bd-4140-915d-b2c0989208aa,0.28,false,false,near_mint,en,USD,2024-04-15T03:25:24.269Z
Library,binder,Mountain,THS,Theros,242,foil,common,1,15422,e78801a7-af8c-4f1d-b29e-7a36676b6818,0.24,false,false,near_mint,en,USD,2024-04-15T03:38:10.049Z
Library,binder,Island,CM2,Commander Anthology Volume II,292,normal,common,1,1445,b294323b-d7a2-4d82-bf99-b388edcb7d32,0.18,false,false,near_mint,en,USD,2024-04-15T03:38:10.049Z
Library,binder,Swamp,ORI,Magic Origins,261,normal,common,1,10681,e1ae0b13-c9f6-4659-ba85-a87a81f6e730,0.12,false,false,near_mint,en,USD,2024-04-15T03:38:10.049Z
Library,binder,Swamp,ORI,Magic Origins,263,normal,common,1,10679,a63b7238-ebdc-4dd8-b799-1ca33c14163b,0.05,false,false,near_mint,en,USD,2024-04-15T03:38:10.049Z
Library,binder,Swamp,ORI,Magic Origins,264,normal,common,1,10678,c617c618-8320-4f76-80a6-83581470dc13,0.05,false,false,near_mint,en,USD,2024-04-15T03:38:10.049Z
Library,binder,Bloodfell Caves,FRF,Fate Reforged,165,normal,common,1,11961,cbb65512-fb39-473e-b646-15ed81b55d17,0.1,false,false,near_mint,en,USD,2024-04-15T03:38:10.049Z
Library,binder,Blighted Steppe,BFZ,Battle for Zendikar,232,normal,uncommon,1,10119,f43df8ee-d3e4-419e-aed0-1059d95f9cab,0.11,false,false,near_mint,en,USD,2024-04-15T03:38:10.049Z
Library,binder,Meandering River,OGW,Oath of the Gatewatch,173,normal,uncommon,3,9209,6a5bedf1-92b6-465c-afc2-ce8e150a5e57,0.03,false,false,near_mint,en,USD,2024-04-15T03:38:10.049Z
Library,binder,Forest,DTK,Dragons of Tarkir,264,normal,common,1,11550,67becef5-cd70-4fe9-b8a3-1bff2ea04ab4,0.16,false,false,near_mint,en,USD,2024-04-15T03:40:44.526Z
Library,binder,Lightning Axe,SOI,Shadows over Innistrad,170,normal,uncommon,2,8826,97d3105d-4cf9-48bf-8d12-27e856ae7a87,0.19,false,false,near_mint,en,USD,2024-04-15T04:44:18.570Z
Library,binder,Brute Strength,OGW,Oath of the Gatewatch,103,normal,common,1,9279,ec60192a-19b3-447c-b732-bbcb2d275df6,0.03,false,false,near_mint,en,USD,2024-04-15T04:44:18.570Z
Library,binder,Thunderbreak Regent,DTK,Dragons of Tarkir,162,normal,rare,1,11652,a2b9cf2b-efe3-4815-be18-c3b69ee762f2,0.84,false,false,near_mint,en,USD,2024-04-15T04:44:18.570Z
Library,binder,Village Messenger // Moonrise Intruder,SOI,Shadows over Innistrad,190,normal,uncommon,1,8806,44deb8cf-b9d1-4a14-aeaf-e62cf3dc9ef2,0.16,false,false,near_mint,en,USD,2024-04-15T04:44:18.570Z
Library,binder,Cinder Hellion,OGW,Oath of the Gatewatch,105,normal,common,3,9277,5a069118-42e4-40e3-a2ba-593ac89b9064,0.07,false,false,near_mint,en,USD,2024-04-15T04:44:18.570Z
Library,binder,Reduce to Ashes,SOI,Shadows over Innistrad,176,normal,common,1,8820,a2e23215-ced7-4c44-8595-dd9df3d8227b,0.01,false,false,near_mint,en,USD,2024-04-15T04:44:18.570Z
Library,binder,Sure Strike,BFZ,Battle for Zendikar,157,normal,common,1,10194,074dd176-4608-42ca-8fc3-c7040cd7b32e,0.03,false,false,near_mint,en,USD,2024-04-15T04:44:18.570Z
Library,binder,Uncaged Fury,SOI,Shadows over Innistrad,188,normal,common,1,8808,40440487-5ff2-43da-aa06-c649bf972ef1,0.06,false,false,near_mint,en,USD,2024-04-15T04:44:18.570Z
Library,binder,Monastery Swiftspear,KTK,Khans of Tarkir,118,normal,uncommon,1,13280,b81c6c8b-a9cf-4866-89ba-7f8ad077b836,0.36,false,false,near_mint,en,USD,2024-04-15T04:44:18.570Z
Library,binder,Fiery Impulse,ORI,Magic Origins,145,normal,common,1,10797,5b81a589-44bf-4441-9079-1ae66d067519,0.64,false,false,near_mint,en,USD,2024-04-15T04:44:18.570Z
Library,binder,Titan's Strength,ORI,Magic Origins,166,normal,common,1,10776,0e48f309-8e56-4741-a9ff-e899dafb333a,0.09,false,false,near_mint,en,USD,2024-04-15T04:44:18.570Z
Library,binder,Expedite,OGW,Oath of the Gatewatch,108,normal,common,3,9274,59c65eb7-4353-45ce-9c2e-1791c2804ccf,0.16,false,false,near_mint,en,USD,2024-04-15T04:44:18.570Z
Library,binder,Embodiment of Fury,OGW,Oath of the Gatewatch,107,normal,uncommon,1,9275,92f385d1-a6c5-40b7-bc90-6f71b6f815e7,0.07,false,false,near_mint,en,USD,2024-04-15T04:44:18.570Z
Library,binder,Demolish,ORI,Magic Origins,139,normal,common,2,10803,ae7c95da-458d-4914-9e7c-2c5fc1aa626b,0.02,false,false,near_mint,en,USD,2024-04-15T04:44:18.570Z
Library,binder,Tormenting Voice,SOI,Shadows over Innistrad,186,normal,common,2,8810,2f5b0a20-2422-465e-b74e-4402b34fb57b,0.06,false,false,near_mint,en,USD,2024-04-15T04:44:18.570Z
Library,binder,Rush of Adrenaline,SOI,Shadows over Innistrad,177,normal,common,2,8819,d0def54b-9f0a-4ab1-9df9-25506a06350c,0.04,false,false,near_mint,en,USD,2024-04-15T04:44:18.570Z
Library,binder,Pyre Hound,SOI,Shadows over Innistrad,174,normal,common,4,8822,5d19c5fb-01af-4ca4-af7e-00ec2a748afd,0.06,false,false,near_mint,en,USD,2024-04-15T04:44:18.570Z
Library,binder,Fiery Temper,SOI,Shadows over Innistrad,156,normal,common,3,8840,61caf82d-e077-4931-a6ad-09fa7f04b36f,0.13,false,false,near_mint,en,USD,2024-04-15T04:44:18.570Z
Library,binder,Ember-Eye Wolf,SOI,Shadows over Innistrad,154,normal,common,4,8842,98fe1e1e-b14a-4efe-894b-b9da635f007f,0.09,false,false,near_mint,en,USD,2024-04-15T05:39:27.339Z
Library,binder,Senseless Rage,SOI,Shadows over Innistrad,180,normal,common,2,8816,9c779cb6-3454-4d5a-85a1-bea5cf8005b1,0.04,false,false,near_mint,en,USD,2024-04-15T05:39:27.339Z
Library,binder,Gore Swine,FRF,Fate Reforged,103,normal,common,1,12023,31c36d53-1173-4a55-8fb8-63a624fde7de,0.03,false,false,near_mint,en,USD,2024-04-15T05:41:30.863Z
Library,binder,Cone of Flame,W16,Welcome Deck 2016,12,normal,uncommon,1,9087,9b434a60-0875-47f4-a626-2c9bfa3c9b3b,0.02,false,false,near_mint,en,USD,2024-04-15T05:41:30.863Z
Library,binder,Borderland Marauder,W16,Welcome Deck 2016,11,normal,common,1,9088,41eaedf2-38be-4825-a711-3cc0f7659ae3,0.02,false,false,near_mint,en,USD,2024-04-15T05:41:30.863Z
Library,binder,Magmatic Chasm,SOI,Shadows over Innistrad,172,normal,common,1,8824,d4d5de8b-0286-4fca-86fd-e983a91f4a8c,0.06,false,false,near_mint,en,USD,2024-04-15T05:41:30.863Z
Library,binder,Sanguinary Mage,SOI,Shadows over Innistrad,178,normal,common,2,8818,ace86fac-769c-4440-9a40-318d7172555b,0.06,false,false,near_mint,en,USD,2024-04-15T05:41:30.863Z
Library,binder,Voldaren Duelist,SOI,Shadows over Innistrad,191,normal,common,3,8805,d2ca081d-6771-407e-ae03-3d6b2ec61dff,0.02,false,false,near_mint,en,USD,2024-04-15T05:41:30.863Z
Library,binder,Makindi Sliderunner,BFZ,Battle for Zendikar,148,normal,common,4,10203,9e6da400-ee4e-44d1-887d-1e2fb59b9322,0.02,false,false,near_mint,en,USD,2024-04-15T05:41:30.863Z
Library,binder,Valakut Predator,BFZ,Battle for Zendikar,160,normal,common,2,10191,88318272-8192-4d6d-a22a-eca87abb480d,0.05,false,false,near_mint,en,USD,2024-04-15T05:41:30.863Z
Library,binder,Sparkmage's Gambit,OGW,Oath of the Gatewatch,117,normal,common,7,9265,736ad6c8-e275-4644-9d1e-d2d380149839,0.03,false,false,near_mint,en,USD,2024-04-15T05:41:30.863Z
Library,binder,Relentless Hunter,OGW,Oath of the Gatewatch,158,normal,uncommon,3,9224,91a52252-46b6-42e5-8cb5-c4f823cd0bf5,0.02,false,false,near_mint,en,USD,2024-04-15T05:41:30.863Z
Library,binder,Reckless Bushwhacker,OGW,Oath of the Gatewatch,116,normal,uncommon,1,9266,0405b1b9-976a-4aaf-bec6-fa006decea74,0.37,false,false,near_mint,en,USD,2024-04-15T06:11:06.771Z
Library,binder,Goblin Freerunner,OGW,Oath of the Gatewatch,111,normal,common,3,9271,5082e0a1-5c3e-4b8c-ba88-290151564133,0.03,false,false,near_mint,en,USD,2024-04-15T06:11:06.771Z
Library,binder,Dual Shot,SOI,Shadows over Innistrad,153,normal,common,3,8843,b7ac4fa4-4a03-41a9-b7e4-c3a6da89472f,0.08,false,false,near_mint,en,USD,2024-04-15T06:11:06.771Z
Library,binder,Dance with Devils,SOI,Shadows over Innistrad,150,normal,uncommon,2,8846,f1112ebe-2a42-48b9-b0e5-f708305d088a,0.07,false,false,near_mint,en,USD,2024-04-15T06:11:06.771Z
Library,binder,Bloodmad Vampire,SOI,Shadows over Innistrad,146,normal,common,2,8850,b64e974a-3cf7-49f1-9d5a-c74f920f0169,0.07,false,false,near_mint,en,USD,2024-04-15T06:11:06.771Z
Library,binder,Malevolent Whispers,SOI,Shadows over Innistrad,173,normal,uncommon,1,8823,674d33d6-dfd4-4972-aaa3-6de0236a8c45,0.04,false,false,near_mint,en,USD,2024-04-15T06:11:06.771Z
Library,binder,Convicted Killer // Branded Howler,SOI,Shadows over Innistrad,149,normal,common,1,8847,f43f5f02-1b29-4e75-a6af-378dcc88c3df,0.04,false,false,near_mint,en,USD,2024-04-15T06:11:06.771Z
Library,binder,Vessel of Volatility,SOI,Shadows over Innistrad,189,normal,common,2,8807,81647b86-2c84-4a14-8d5a-919f7a5b8bc7,0.09,false,false,near_mint,en,USD,2024-04-15T06:11:06.771Z
Library,binder,Kessig Forgemaster // Flameheart Werewolf,SOI,Shadows over Innistrad,169,normal,uncommon,1,8827,33e542ce-1106-489d-9563-bd62886b8ed3,0.15,false,false,near_mint,en,USD,2024-04-15T06:11:06.771Z
Library,binder,Stensia Masquerade,SOI,Shadows over Innistrad,184,normal,uncommon,2,8812,48f1b024-d7d5-4e81-b016-06826e2b8bbf,0.23,false,false,near_mint,en,USD,2024-04-15T06:11:06.771Z
Library,binder,Spiteful Motives,SOI,Shadows over Innistrad,183,normal,uncommon,2,8813,592d7349-d066-49b0-9920-c1ec1595e00d,0.07,false,false,near_mint,en,USD,2024-04-15T06:11:06.771Z
Library,binder,Insolent Neonate,SOI,Shadows over Innistrad,168,normal,common,1,8828,813104f6-e6e4-4709-8626-12fe4262a11f,0.12,false,false,near_mint,en,USD,2024-04-15T06:11:06.771Z
Library,binder,Mad Prophet,SOI,Shadows over Innistrad,171,normal,uncommon,1,8825,8f498cb6-2be2-4cd0-b002-564a0f006a69,0.03,false,false,near_mint,en,USD,2024-04-15T06:11:06.771Z
Library,binder,Gatstaf Arsonists // Gatstaf Ravagers,SOI,Shadows over Innistrad,158,normal,common,3,8838,6ab67098-d3d5-4799-ae03-c734244f370e,0.05,false,false,near_mint,en,USD,2024-04-15T06:11:06.771Z
Library,binder,Sarkhan's Rage,DTK,Dragons of Tarkir,153,normal,common,1,11661,4787924f-3186-4e18-b53c-dd67c5f42220,0.05,false,false,near_mint,en,USD,2024-04-15T06:14:04.689Z
Library,binder,Ravenous Bloodseeker,SOI,Shadows over Innistrad,175,normal,uncommon,2,8821,cc4d04bc-6263-43b0-9b01-894a532cd3ed,0.05,false,false,near_mint,en,USD,2024-04-15T06:14:04.689Z
Library,binder,Chandra's Fury,ORI,Magic Origins,136,normal,common,1,10806,d2b85237-98a8-4b52-9cc6-6fd14849b069,0.08,false,false,near_mint,en,USD,2024-04-15T06:14:04.689Z
Library,binder,Immobilizer Eldrazi,OGW,Oath of the Gatewatch,97,normal,uncommon,1,9285,95d9c92d-8b1b-4adc-8015-d50e673b6321,0.06,false,false,near_mint,en,USD,2024-04-15T06:14:04.689Z
Library,binder,Reality Hemorrhage,OGW,Oath of the Gatewatch,100,normal,common,4,9282,c044168d-cb08-493d-98c1-b66b6149fe5a,0.07,false,false,near_mint,en,USD,2024-04-15T06:14:04.689Z
Library,binder,Akoum Flameseeker,OGW,Oath of the Gatewatch,101,normal,common,2,9281,6ef4e1e2-7961-47d2-bb55-9168ea201214,0.02,false,false,near_mint,en,USD,2024-04-15T06:14:04.689Z
Library,binder,Consuming Sinkhole,OGW,Oath of the Gatewatch,94,normal,common,2,9288,82a42b28-3d1b-4432-b8c9-2d42e4d0e1c5,0.04,false,false,near_mint,en,USD,2024-04-15T06:14:04.689Z
Library,binder,Hulking Devil,SOI,Shadows over Innistrad,165,normal,common,1,8831,031ecfc4-cc84-4f74-8eb1-3eaa234d8093,0.03,false,false,near_mint,en,USD,2024-04-15T06:14:04.689Z
Library,binder,Skin Invasion // Skin Shedder,SOI,Shadows over Innistrad,182,normal,uncommon,1,8814,c0243401-e3ae-41c6-a3a0-9cd4b330c200,0.11,false,false,near_mint,en,USD,2024-04-15T06:14:04.689Z
Library,binder,Incorrigible Youths,SOI,Shadows over Innistrad,166,normal,uncommon,1,8830,4e826571-6f00-4b40-975b-d51b2b17b4a4,0.12,false,false,near_mint,en,USD,2024-04-15T06:14:04.689Z
Library,binder,Gibbering Fiend,SOI,Shadows over Innistrad,161,normal,uncommon,1,8835,5113c437-3276-4591-b95e-c2afb9d6329a,0.19,false,false,near_mint,en,USD,2024-04-15T06:14:04.689Z
Library,binder,Press into Service,OGW,Oath of the Gatewatch,114,normal,uncommon,1,9268,69b9eb4b-3ab8-4506-baa4-3a818e7677a3,0.08,false,false,near_mint,en,USD,2024-04-15T06:14:04.689Z
Library,binder,Pyromancer's Assault,OGW,Oath of the Gatewatch,115,normal,uncommon,1,9267,b2c8dad1-278c-4ced-8124-5593b140d361,0.1,false,false,near_mint,en,USD,2024-04-15T06:14:04.689Z
Library,binder,Zada's Commando,OGW,Oath of the Gatewatch,120,normal,common,1,9262,f4ad826d-c7e6-4dfd-991f-15d75b87d504,0.03,false,false,near_mint,en,USD,2024-04-15T06:14:04.689Z
Library,binder,Vestige of Emrakul,BFZ,Battle for Zendikar,136,normal,common,1,10215,a5d84986-64a1-4bd1-a4f6-3eb147aca357,0.05,false,false,near_mint,en,USD,2024-04-15T06:14:04.689Z
Library,binder,Touch of the Void,BFZ,Battle for Zendikar,134,normal,common,3,10217,006ead4a-dc57-4856-8e13-235ba55483e6,0.04,false,false,near_mint,en,USD,2024-04-15T06:14:04.689Z
Library,binder,Molten Nursery,BFZ,Battle for Zendikar,130,normal,uncommon,2,10221,3db8aaf5-e2bf-40ea-bd5d-663017cfd4a6,0.09,false,false,near_mint,en,USD,2024-04-15T06:14:04.689Z
Library,binder,Boulder Salvo,OGW,Oath of the Gatewatch,102,normal,common,2,9280,4e269989-bb22-4da4-a374-434a572e8e8f,0.08,false,false,near_mint,en,USD,2024-04-15T06:14:04.689Z
Library,binder,Devour in Flames,OGW,Oath of the Gatewatch,106,normal,uncommon,3,9276,432dd78b-9520-4c28-8699-d7ff9c477070,0.11,false,false,near_mint,en,USD,2024-04-15T06:14:04.689Z
Library,binder,Screamreach Brawler,DTK,Dragons of Tarkir,155,normal,common,1,11659,6bfab1c5-e267-43a9-ae16-f6b8ae531eef,0.03,false,false,near_mint,en,USD,2024-04-15T06:20:29.388Z
Library,binder,Valakut Invoker,BFZ,Battle for Zendikar,159,normal,common,1,10192,178c66b8-c577-49c6-9efc-7bab740e66b6,0.02,false,false,near_mint,en,USD,2024-04-15T06:20:29.388Z
Library,binder,Kolaghan Stormsinger,DTK,Dragons of Tarkir,145,normal,common,1,11669,8b6723f5-a7a9-425d-b4b0-f380da578ef8,0.03,false,false,near_mint,en,USD,2024-04-15T06:20:29.388Z
Library,binder,Cobblebrute,ORI,Magic Origins,138,normal,common,1,10804,ffa87a70-c9fb-4ab3-ac16-367888aa775b,0.02,false,false,near_mint,en,USD,2024-04-15T06:20:29.388Z
Library,binder,Akroan Sergeant,ORI,Magic Origins,130,normal,common,1,10812,31913547-460c-45b3-be23-89f0e3a43325,0.02,false,false,near_mint,en,USD,2024-04-15T06:20:29.388Z
Library,binder,Stonefury,BFZ,Battle for Zendikar,156,normal,common,1,10195,6aa37f74-50dd-4013-b48a-c33f1dbfb3e1,0.03,false,false,near_mint,en,USD,2024-04-15T06:20:29.388Z
Library,binder,Sprinting Warbrute,DTK,Dragons of Tarkir,157,normal,common,1,11657,a215bde8-1680-4aea-9d0f-2d6d80a592e3,0.04,false,false,near_mint,en,USD,2024-04-15T06:20:29.388Z
Library,binder,Akoum Stonewaker,BFZ,Battle for Zendikar,140,normal,uncommon,1,10211,c92ab7b5-6a29-463e-b294-3cb0efaccddb,0.08,false,false,near_mint,en,USD,2024-04-15T06:20:29.388Z
Library,binder,Shatterskull Recruit,BFZ,Battle for Zendikar,155,normal,common,1,10196,c8add5f2-4ccf-4505-86f6-cc36aff1c3fe,0.02,false,false,near_mint,en,USD,2024-04-15T06:20:29.388Z
Library,binder,Eldrazi Aggressor,OGW,Oath of the Gatewatch,95,normal,common,2,9287,62f3ec85-552d-4e28-939e-ab2c39e3e9c5,0.02,false,false,near_mint,en,USD,2024-04-15T06:20:29.388Z
Library,binder,Maw of Kozilek,OGW,Oath of the Gatewatch,99,normal,common,1,9283,48669993-ad68-499e-8f2e-bc5c651b4b28,0.03,false,false,near_mint,en,USD,2024-04-15T06:20:29.388Z
Library,binder,Vile Aggregate,BFZ,Battle for Zendikar,137,normal,uncommon,1,10214,1ec66525-a7e9-450f-83df-03d9957837d5,0.07,false,false,near_mint,en,USD,2024-04-15T06:20:29.388Z
Library,binder,Ulrich's Kindred,SOI,Shadows over Innistrad,187,normal,uncommon,1,8809,86d0ee03-a8c6-4f37-9885-60a26a2e2728,0.14,false,false,near_mint,en,USD,2024-04-15T06:20:29.388Z
Library,binder,Kozilek's Sentinel,BFZ,Battle for Zendikar,129,normal,common,1,10222,786c6a0f-3f75-45ff-aae9-5c866be279d0,0.05,false,false,near_mint,en,USD,2024-04-15T06:20:29.388Z
Library,binder,Tears of Valakut,OGW,Oath of the Gatewatch,118,normal,uncommon,1,9264,db858823-ae8b-4da1-be6f-aee541e008ae,0.15,false,false,near_mint,en,USD,2024-04-15T06:20:29.388Z
Library,binder,Lightning Javelin,ORI,Magic Origins,153,normal,common,1,10789,c1ccaeed-9670-4432-8a45-d5c06119fa9f,0.05,false,false,near_mint,en,USD,2024-04-15T06:20:29.388Z
Library,binder,Mage-Ring Bully,ORI,Magic Origins,154,normal,common,1,10788,1a129f22-dd7e-4b2c-a514-a2ac55bb5661,0.03,false,false,near_mint,en,USD,2024-04-15T06:20:29.388Z
Library,binder,Rolling Thunder,BFZ,Battle for Zendikar,154,normal,uncommon,1,10197,5dd980d5-c6d1-4834-977b-22e80f0b449d,0.08,false,false,near_mint,en,USD,2024-04-15T06:20:29.388Z
Library,binder,Mardu Runemark,FRF,Fate Reforged,107,normal,common,1,12019,333df10b-7db4-4f8a-a754-e8a630b26cac,0.07,false,false,near_mint,en,USD,2024-04-15T06:20:29.388Z
Library,binder,Belligerent Whiptail,BFZ,Battle for Zendikar,141,normal,common,2,10210,a5b5b7d2-acb8-4aca-b9e7-67e59aeb384b,0.01,false,false,near_mint,en,USD,2024-04-15T06:20:29.388Z
Library,binder,Boiling Earth,BFZ,Battle for Zendikar,142,normal,common,4,10209,cdaab44c-4ce1-43fb-915c-c687fe8559ce,0.07,false,false,near_mint,en,USD,2024-04-15T06:20:29.388Z
Library,binder,Reckless Cohort,BFZ,Battle for Zendikar,152,normal,common,2,10199,77a4cdec-e5fc-4ea8-a7bc-f1109fadae3c,0.02,false,false,near_mint,en,USD,2024-04-15T06:20:29.388Z
Library,binder,Ondu Champion,BFZ,Battle for Zendikar,149,normal,common,3,10202,708e1979-902b-410a-ae46-3fd1d2acc31d,0.03,false,false,near_mint,en,USD,2024-04-15T06:20:29.388Z
Library,binder,Lavastep Raider,BFZ,Battle for Zendikar,147,normal,common,2,10204,2428f13f-c445-4eb4-bab1-309f27cab208,0.04,false,false,near_mint,en,USD,2024-04-15T06:20:29.388Z
Library,binder,Ongoing Investigation,SOI,Shadows over Innistrad,77,normal,uncommon,1,8919,19b8f962-8d4e-4dd8-a157-c0a55f9e152a,0.12,false,false,near_mint,en,USD,2024-04-15T21:52:54.137Z
Library,binder,Wave-Wing Elemental,BFZ,Battle for Zendikar,88,normal,common,1,10263,11b45809-87fc-409d-942a-1f31f68d27ac,0.05,false,false,near_mint,en,USD,2024-04-15T21:52:54.137Z
Library,binder,Horribly Awry,BFZ,Battle for Zendikar,59,normal,uncommon,1,10292,4cd05532-686e-40dc-858b-8a77a3628c99,0.07,false,false,near_mint,en,USD,2024-04-15T21:52:54.137Z
Library,binder,Disperse,W16,Welcome Deck 2016,5,normal,common,1,9094,c8017c06-82ea-4661-b422-e5b9089842e2,0.09,false,false,near_mint,en,USD,2024-04-15T21:52:54.137Z
Library,binder,Blinding Drone,OGW,Oath of the Gatewatch,41,normal,common,1,9341,4eb60957-0811-40c3-a92b-cce3e6a94745,0.04,false,false,near_mint,en,USD,2024-04-15T21:52:54.137Z
Library,binder,Cultivator Drone,OGW,Oath of the Gatewatch,42,normal,common,1,9340,bbe4bb6f-bec6-49d2-99d7-e3750a0ea03f,0.05,false,false,near_mint,en,USD,2024-04-15T21:52:54.137Z
Library,binder,Windrider Patrol,BFZ,Battle for Zendikar,89,normal,uncommon,1,10262,4ac7b904-7658-4248-a75c-b3a862bde196,0.08,false,false,near_mint,en,USD,2024-04-15T21:52:54.137Z
Library,binder,Tightening Coils,BFZ,Battle for Zendikar,86,normal,common,1,10265,a014dd06-626d-4917-8981-e0064718b571,0.03,false,false,near_mint,en,USD,2024-04-15T21:52:54.137Z
Library,binder,Coralhelm Guide,BFZ,Battle for Zendikar,74,normal,common,1,10277,33787a5b-d1d1-4d60-ba09-d9c98025e9b3,0.04,false,false,near_mint,en,USD,2024-04-15T21:52:54.137Z
Library,binder,Reckless Scholar,SOI,Shadows over Innistrad,82,normal,uncommon,1,8914,d46f9dd3-45cc-4682-a6a0-99f67c0b73c6,0.09,false,false,near_mint,en,USD,2024-04-15T21:52:54.137Z
Library,binder,Bone to Ash,ORI,Magic Origins,47,normal,common,1,10895,db7a29e0-02a8-4d04-8b80-831a7bed58f7,0.01,false,false,near_mint,en,USD,2024-04-15T21:52:54.137Z
Library,binder,Psychic Rebuttal,ORI,Magic Origins,67,normal,uncommon,1,10875,67a105f8-0c01-4c09-a3bf-8c912b6dc741,0.09,false,false,near_mint,en,USD,2024-04-15T21:52:54.137Z
Library,binder,Fleeting Memories,SOI,Shadows over Innistrad,62,normal,uncommon,1,8934,4b9eaf90-2a9e-44a7-bdae-03c26f9d21e7,0.12,false,false,near_mint,en,USD,2024-04-15T21:52:54.137Z
Library,binder,Lamplighter of Selhoff,SOI,Shadows over Innistrad,72,normal,common,1,8924,80dadecc-f1f1-44a2-8829-6c94aade73a0,0.02,false,false,near_mint,en,USD,2024-04-15T21:52:54.137Z
Library,binder,Daring Sleuth // Bearer of Overwhelming Truths,SOI,Shadows over Innistrad,54,normal,uncommon,1,8942,440f9f10-6999-4cff-ab98-8aed77813b07,0.18,false,false,near_mint,en,USD,2024-04-15T21:52:54.137Z
Library,binder,Shifting Loyalties,FRF,Fate Reforged,51,normal,uncommon,1,12075,ed9ff175-2e4c-4658-813e-1bfb4b9a6ca0,0.08,false,false,near_mint,en,USD,2024-04-15T21:52:54.137Z
Library,binder,Fascination,FRF,Fate Reforged,34,normal,uncommon,1,12092,37c96615-0dcb-4108-978a-b41b43e12f38,1.27,false,false,near_mint,en,USD,2024-04-15T21:52:54.137Z
Library,binder,Jeskai Runemark,FRF,Fate Reforged,37,normal,common,1,12089,2ada6302-326b-4ab1-a9a3-ae4fa6a9001c,0.06,false,false,near_mint,en,USD,2024-04-15T21:52:54.137Z
Library,binder,Lotus Path Djinn,FRF,Fate Reforged,39,normal,common,1,12087,197ec248-70d9-47f4-a53b-99b23f021116,0.04,false,false,near_mint,en,USD,2024-04-15T21:52:54.137Z
Library,binder,Cyclone Sire,OGW,Oath of the Gatewatch,54,normal,uncommon,1,9328,bff62270-57ed-4706-bedf-11f60ae2da43,0.05,false,false,near_mint,en,USD,2024-04-15T21:52:54.137Z
Library,binder,Vessel of Paramnesia,SOI,Shadows over Innistrad,95,normal,common,1,8901,b4596140-1113-4349-aabe-4e828ea574e8,0.03,false,false,near_mint,en,USD,2024-04-15T21:52:54.137Z
Library,binder,Gone Missing,SOI,Shadows over Innistrad,67,normal,common,1,8929,e88ae6bf-9c58-4543-ba66-19ea41d01e9b,0.03,false,false,near_mint,en,USD,2024-04-15T21:52:54.137Z
Library,binder,Unity of Purpose,OGW,Oath of the Gatewatch,66,normal,uncommon,1,9316,6f87292c-0140-44d7-881e-2e8c9ff737a1,0.09,false,false,near_mint,en,USD,2024-04-15T21:52:54.137Z
Library,binder,Containment Membrane,OGW,Oath of the Gatewatch,52,normal,common,1,9330,49dd3963-a4d7-4992-b6f8-753996390bbf,0.02,false,false,near_mint,en,USD,2024-04-15T21:52:54.137Z
Library,binder,Furtive Homunculus,SOI,Shadows over Innistrad,64,normal,common,2,8932,f376ec9b-48ac-4ed7-bfa2-60e9dca32dd7,0.05,false,false,near_mint,en,USD,2024-04-15T21:52:54.137Z
Library,binder,Scrapskin Drake,ORI,Magic Origins,69,normal,common,1,10873,f5a1b7fc-6b0e-4228-b320-b1274e5ed14b,0.03,false,false,near_mint,en,USD,2024-04-15T21:52:54.137Z
Library,binder,Ulamog's Reclaimer,BFZ,Battle for Zendikar,68,normal,uncommon,1,10283,29a237a6-0e72-47ce-b28d-a0260963f406,0.06,false,false,near_mint,en,USD,2024-04-15T21:52:54.137Z
Library,binder,Air Servant,W16,Welcome Deck 2016,4,normal,uncommon,1,9095,01007d7f-e29b-49d5-bc60-44b2fb77ed3d,0.08,false,false,near_mint,en,USD,2024-04-15T21:52:54.137Z
Library,binder,Stitched Mangler,SOI,Shadows over Innistrad,89,normal,common,1,8907,c03c643c-8e4c-4dc9-8756-c253fa057729,0.04,false,false,near_mint,en,USD,2024-04-15T21:52:54.137Z
Library,binder,Roiling Waters,OGW,Oath of the Gatewatch,62,normal,uncommon,1,9320,3d878c10-de5e-4224-98ce-d49902b5ab8b,0.01,false,false,near_mint,en,USD,2024-04-15T21:52:54.137Z
Library,binder,Pore Over the Pages,SOI,Shadows over Innistrad,79,normal,uncommon,1,8917,b2288f7b-05b1-4a6c-8d02-42ffcadc6f0b,0.11,false,false,near_mint,en,USD,2024-04-15T21:52:54.137Z
Library,binder,Anticipate,BFZ,Battle for Zendikar,69,normal,common,1,10282,871c1931-06b4-4c69-9c2f-0dee3543c632,0.06,false,false,near_mint,en,USD,2024-04-15T21:52:54.137Z
Library,binder,Niblis of Dusk,SOI,Shadows over Innistrad,76,normal,common,1,8920,394dd931-e34e-4314-88c9-774a2f3c8c1b,0.07,false,false,near_mint,en,USD,2024-04-15T21:52:54.137Z
Library,binder,Just the Wind,SOI,Shadows over Innistrad,71,normal,common,2,8925,98b3d18c-7029-4eff-a918-f75e7d9d79d7,0.08,false,false,near_mint,en,USD,2024-04-15T21:52:54.137Z
Library,binder,Jace's Scrutiny,SOI,Shadows over Innistrad,70,normal,common,1,8926,3d0eea0d-c790-4d91-962f-f05b22d0c8fa,0.08,false,false,near_mint,en,USD,2024-04-15T21:52:54.137Z
Library,binder,Void Grafter,OGW,Oath of the Gatewatch,150,normal,uncommon,1,9232,6c2e37e2-a4bd-4f90-9191-3125784a3369,0.11,false,false,near_mint,en,USD,2024-04-15T21:52:54.137Z
Library,binder,Oracle of Dust,BFZ,Battle for Zendikar,63,normal,common,1,10288,2c121d73-0c87-4a3f-b013-4f9314e22606,0.04,false,false,near_mint,en,USD,2024-04-15T21:52:54.137Z
Library,binder,Grip of the Roil,OGW,Oath of the Gatewatch,56,normal,uncommon,1,9326,6cf33069-013f-43ab-9a31-e67bb6dc996d,0.04,false,false,near_mint,en,USD,2024-04-15T21:52:54.137Z
Library,binder,Hydrolash,ORI,Magic Origins,59,normal,uncommon,2,10883,eeaaa583-bdd3-448a-921e-527df5f7f548,0.01,false,false,near_mint,en,USD,2024-04-15T21:52:54.137Z
Library,binder,Cloud Manta,BFZ,Battle for Zendikar,71,normal,common,1,10280,1854f819-d08e-4a23-bedb-4618b79623e9,0.04,false,false,near_mint,en,USD,2024-04-15T21:52:54.137Z
Library,binder,Updraft Elemental,DTK,Dragons of Tarkir,82,normal,common,1,11732,9621c700-569d-4d07-847e-68b97113415f,0.03,false,false,near_mint,en,USD,2024-04-15T21:52:54.137Z
Library,binder,Gurmag Drowner,DTK,Dragons of Tarkir,57,normal,common,1,11757,5087a664-6ed7-43a1-8851-71bbee204eb1,0.06,false,false,near_mint,en,USD,2024-04-15T21:52:54.137Z
Library,binder,Qarsi Deceiver,DTK,Dragons of Tarkir,71,normal,uncommon,1,11743,64d64264-895f-4d4d-8e5c-ab1d0d6e340b,0.1,false,false,near_mint,en,USD,2024-04-15T21:52:54.137Z
Library,binder,Encase in Ice,DTK,Dragons of Tarkir,54,normal,uncommon,1,11760,bcad5bd9-3236-48d4-920f-c3ed12d5f329,0.03,false,false,near_mint,en,USD,2024-04-15T21:52:54.137Z
Library,binder,Abstruse Interference,OGW,Oath of the Gatewatch,40,normal,common,4,9342,249a7be3-311e-4ce6-97dc-97242463ae23,0.04,false,false,near_mint,en,USD,2024-04-15T21:52:54.137Z
Library,binder,Uninvited Geist // Unimpeded Trespasser,SOI,Shadows over Innistrad,94,normal,uncommon,2,8902,4dea7c9f-ce66-447b-9f1b-d9bca5806153,0.06,false,false,near_mint,en,USD,2024-04-15T21:52:54.137Z
Library,binder,Comparative Analysis,OGW,Oath of the Gatewatch,51,normal,common,2,9331,dd83129b-7e8c-4cc5-a7b3-e0ae221d7ad4,0.05,false,false,near_mint,en,USD,2024-04-15T21:52:54.137Z
Library,binder,Nivix Barrier,ORI,Magic Origins,66,normal,common,3,10876,0b9b968d-b0cc-411d-9366-8358be28aef2,0.11,false,false,near_mint,en,USD,2024-04-15T21:52:54.137Z
Library,binder,Manic Scribe,SOI,Shadows over Innistrad,73,normal,uncommon,4,8923,eb0fadba-4205-47ce-b4cf-e0ff7308749b,0.26,false,false,near_mint,en,USD,2024-04-15T21:52:54.137Z
Library,binder,Press for Answers,SOI,Shadows over Innistrad,80,normal,common,2,8916,5ec8b8bf-7b02-4f5e-bbd3-9560f9888192,0.05,false,false,near_mint,en,USD,2024-04-15T21:52:54.137Z
Library,binder,Sleep Paralysis,SOI,Shadows over Innistrad,87,normal,common,2,8909,f010e4f4-f1a3-4062-834c-eec5f1f443d6,0.03,false,false,near_mint,en,USD,2024-04-15T21:52:54.137Z
Library,binder,Seagraf Skaab,SOI,Shadows over Innistrad,84,normal,common,2,8912,065d497d-5cfd-43c9-8c86-9a1da3d7e17e,0.05,false,false,near_mint,en,USD,2024-04-15T21:52:54.137Z
Library,binder,Silent Observer,SOI,Shadows over Innistrad,86,normal,common,3,8910,535e3d1b-b71b-406a-bec6-73b2cb45f6c8,0.01,false,false,near_mint,en,USD,2024-04-15T21:52:54.137Z
Library,binder,Watercourser,ORI,Magic Origins,82,normal,common,4,10860,60b12e87-ccd6-4c84-80b2-9ac7d099be89,0.02,false,false,near_mint,en,USD,2024-04-15T21:52:54.137Z
Library,binder,Sigiled Starfish,ORI,Magic Origins,73,normal,uncommon,2,10869,d5849fa3-6296-4ca9-b2ac-519cf90f6b62,0.08,false,false,near_mint,en,USD,2024-04-15T21:52:54.137Z
Library,binder,Ancient Crab,OGW,Oath of the Gatewatch,50,normal,common,2,9332,783794e3-fe0c-4014-ae5a-6c249af23ddc,0.03,false,false,near_mint,en,USD,2024-04-15T21:52:54.137Z
Library,binder,Stormrider Spirit,SOI,Shadows over Innistrad,91,normal,common,2,8905,9c0fb4be-df73-43a9-bd48-fd47a4190fc1,0.02,false,false,near_mint,en,USD,2024-04-15T21:52:54.137Z
Library,binder,Stitchwing Skaab,SOI,Shadows over Innistrad,90,normal,uncommon,2,8906,f84bb1ce-a8a0-4a29-9129-b1d7041fd01a,0.06,false,false,near_mint,en,USD,2024-04-15T21:52:54.137Z
Library,binder,Jwar Isle Avenger,OGW,Oath of the Gatewatch,58,normal,common,2,9324,0a5b059f-2fa3-474f-9c74-6d4021703add,0.07,false,false,near_mint,en,USD,2024-04-15T21:52:54.137Z
Library,binder,Drownyard Explorers,SOI,Shadows over Innistrad,56,normal,common,2,8940,3714713f-deb4-4b1c-8764-35287293ca18,0.03,false,false,near_mint,en,USD,2024-04-15T21:52:54.137Z
Library,binder,Catalog,SOI,Shadows over Innistrad,51,normal,common,3,8945,1b069516-1465-4acf-b4b9-ca7f1238b4fe,0.01,false,false,near_mint,en,USD,2024-04-15T21:52:54.137Z
Library,binder,Murk Strider,BFZ,Battle for Zendikar,62,normal,common,3,10289,130849ba-3893-490d-bfb0-51c76e53cf62,0.05,false,false,near_mint,en,USD,2024-04-15T21:52:54.137Z
Library,binder,Roilmage's Trick,BFZ,Battle for Zendikar,83,normal,common,2,10268,d2194713-c08c-4fba-8e31-bb67c9932173,0.04,false,false,near_mint,en,USD,2024-04-15T21:52:54.137Z
Library,binder,Umara Entangler,OGW,Oath of the Gatewatch,65,normal,common,3,9317,0d4ddc45-cd67-4b2c-84d0-4604783fd8e7,0.01,false,false,near_mint,en,USD,2024-04-15T21:52:54.137Z
Library,binder,Tower Geist,ORI,Magic Origins,80,normal,uncommon,2,10862,c62815ee-d1d6-4c96-8ab0-4c0a8250ae86,0.02,false,false,near_mint,en,USD,2024-04-15T21:52:54.137Z
Library,binder,Erdwal Illuminator,SOI,Shadows over Innistrad,60,normal,uncommon,2,8936,63df99f9-4f85-4c76-8d76-9075c9ef2b86,0.2,false,false,near_mint,en,USD,2024-04-15T21:52:54.137Z
Library,binder,Pieces of the Puzzle,SOI,Shadows over Innistrad,78,normal,common,4,8918,69204c83-2e43-4ca1-a4cd-d75399a7d6dd,0.13,false,false,near_mint,en,USD,2024-04-15T21:52:54.137Z
Library,binder,Faerie Miscreant,ORI,Magic Origins,57,normal,common,3,10885,1c487f1a-a51d-449c-827d-c7b9381acb34,0.08,false,false,near_mint,en,USD,2024-04-15T21:52:54.137Z
Library,binder,Claustrophobia,ORI,Magic Origins,50,normal,common,2,10892,4d249de3-4a84-4e98-9557-06e23e78de15,0.01,false,false,near_mint,en,USD,2024-04-15T21:52:54.137Z
Library,binder,Brilliant Spectrum,BFZ,Battle for Zendikar,70,normal,common,3,10281,1fc4013b-fb4f-4bbe-a15c-488f89545695,0.04,false,false,near_mint,en,USD,2024-04-15T21:52:54.137Z
Library,binder,Ghostly Wings,SOI,Shadows over Innistrad,66,normal,common,2,8930,f1b1848c-3160-45f5-91a0-74ab6d91c01b,0.03,false,false,near_mint,en,USD,2024-04-15T21:52:54.137Z
Library,binder,Deep-Sea Terror,ORI,Magic Origins,52,normal,common,2,10890,007b526c-5387-4ed4-a320-b826d507e014,0.04,false,false,near_mint,en,USD,2024-04-15T21:52:54.137Z
Library,binder,Gravity Negator,OGW,Oath of the Gatewatch,45,normal,common,3,9337,85f9b63e-6ecc-4d85-9724-87b8176ae6a6,0.04,false,false,near_mint,en,USD,2024-04-15T21:52:54.137Z
Library,binder,Turn to Frog,ORI,Magic Origins,81,normal,uncommon,1,10861,f13c604f-b2a7-4370-b7e4-698d8e8647bb,0.09,false,false,near_mint,en,USD,2024-04-15T21:55:31.612Z
Library,binder,Stratus Walk,ORI,Magic Origins,77,normal,common,1,10865,947bb8f3-51f5-4fbe-9098-7e48f9fe1452,0.14,false,false,near_mint,en,USD,2024-04-15T21:55:31.612Z
Library,binder,Geralf's Masterpiece,SOI,Shadows over Innistrad,65,normal,mythic,1,8931,f00d28b8-2ed8-4266-a870-d308f9ebd5da,0.33,false,false,near_mint,en,USD,2024-04-15T21:55:31.612Z
Library,binder,Stormchaser Mage,OGW,Oath of the Gatewatch,159,normal,uncommon,1,9223,7bba1b45-d8ae-42fd-b30f-c904640ab173,0.18,false,false,near_mint,en,USD,2024-04-15T21:55:31.612Z
Library,binder,Clash of Wills,ORI,Magic Origins,49,normal,uncommon,1,10893,665ee42f-8d76-4f8b-9dd3-7455a90f0da7,0.14,false,false,near_mint,en,USD,2024-04-15T21:55:31.612Z
Library,binder,Broken Concentration,SOI,Shadows over Innistrad,50,normal,uncommon,1,8946,252eef1f-0a62-420d-aad8-e3d7f1e07c1b,0.04,false,false,near_mint,en,USD,2024-04-15T21:55:31.612Z
Library,binder,Sphinx's Tutelage,ORI,Magic Origins,76,normal,uncommon,1,10866,4d90c3b0-f958-4a15-94a1-9bf1b0a9ac2a,1.32,false,false,near_mint,en,USD,2024-04-15T21:55:31.612Z
Library,binder,Halimar Tidecaller,BFZ,Battle for Zendikar,79,normal,uncommon,1,10272,dc3e3b18-bf00-4f1a-9918-9a0e9d75b747,0.12,false,false,near_mint,en,USD,2024-04-15T21:55:31.612Z
Library,binder,Dreadwaters,ORI,Magic Origins,56,normal,common,1,10886,c4c1434a-4832-4008-a091-e0703dedd0a2,0.05,false,false,near_mint,en,USD,2024-04-15T21:55:31.612Z
Library,binder,Sweep Away,OGW,Oath of the Gatewatch,64,normal,common,2,9318,75234f6d-a2da-42dd-a668-8db8f341e7f0,0.05,false,false,near_mint,en,USD,2024-04-15T21:55:31.612Z
Library,binder,Solitary Hunter // One of the Pack,SOI,Shadows over Innistrad,229,normal,common,1,8767,6c200ef1-ea08-48d4-ab50-77940a0e08c3,0.02,false,false,near_mint,en,USD,2024-04-15T22:07:44.544Z
Library,binder,Thornhide Wolves,SOI,Shadows over Innistrad,232,normal,common,2,8764,9c699b5f-a2de-4c87-a7bc-16be4bc0a8cd,0.03,false,false,near_mint,en,USD,2024-04-15T22:07:44.544Z
Library,binder,Snapping Gnarlid,BFZ,Battle for Zendikar,190,normal,common,2,10161,834409e3-134e-4a34-89cb-53e2a039e980,0.02,false,false,near_mint,en,USD,2024-04-15T22:07:44.544Z
Library,binder,Loam Dryad,SOI,Shadows over Innistrad,216,normal,common,1,8780,61c9441d-18d9-4ec6-859e-e9a7893b54e3,0.06,false,false,near_mint,en,USD,2024-04-15T22:07:44.544Z
Library,binder,Zendikar's Roil,ORI,Magic Origins,209,normal,uncommon,1,10733,f75c0783-936d-4fa2-bdcb-01dae7a67fdb,0.76,false,false,near_mint,en,USD,2024-04-15T22:07:44.544Z
Library,binder,Veteran Cathar,SOI,Shadows over Innistrad,238,normal,uncommon,1,8758,a471e83e-c0e0-4af6-bfcf-7f4a39f6fccf,0.02,false,false,near_mint,en,USD,2024-04-15T22:07:44.544Z
Library,binder,Crawling Sensation,SOI,Shadows over Innistrad,199,normal,uncommon,1,8797,7f6d5abe-22b5-4ef1-ad74-af3e75e22a07,0.21,false,false,near_mint,en,USD,2024-04-15T22:07:44.544Z
Library,binder,Tajuru Pathwarden,OGW,Oath of the Gatewatch,145,normal,common,4,9237,b073e75b-b432-41a5-a71e-d169fecf774f,0.02,false,false,near_mint,en,USD,2024-04-15T22:07:44.544Z
Library,binder,Blisterpod,BFZ,Battle for Zendikar,163,normal,common,1,10188,e16f1803-634a-41b0-ae21-484d6f914a0d,0.04,false,false,near_mint,en,USD,2024-04-15T22:07:44.544Z
Library,binder,Giant Mantis,BFZ,Battle for Zendikar,173,normal,common,2,10178,98518e4a-d1d0-4e41-bae7-242c779f06a1,0.02,false,false,near_mint,en,USD,2024-04-15T22:07:44.544Z
Library,binder,Tajuru Warcaller,BFZ,Battle for Zendikar,195,normal,uncommon,2,10156,762501fe-5102-4c21-8ad5-430590a59830,0.04,false,false,near_mint,en,USD,2024-04-15T22:07:44.544Z
Library,binder,Gloomwidow,SOI,Shadows over Innistrad,206,normal,uncommon,4,8790,ee04dfd8-e704-46d7-bdf8-b0b2ee747a49,0.08,false,false,near_mint,en,USD,2024-04-15T22:07:44.544Z
Library,binder,Netcaster Spider,OGW,Oath of the Gatewatch,137,normal,common,2,9245,456de8f8-f5dc-44fb-81b1-ca653c32be8e,0.03,false,false,near_mint,en,USD,2024-04-15T22:07:44.544Z
Library,binder,Sylvan Scrying,BFZ,Battle for Zendikar,192,normal,uncommon,1,10159,d1b93087-e6a0-4ba9-83ba-a0ed2e396dc7,0.4,false,false,near_mint,en,USD,2024-04-15T22:07:44.544Z
Library,binder,Call the Scions,BFZ,Battle for Zendikar,165,normal,common,3,10186,5d248ed0-c2b4-4558-9a09-ace8fd4b0599,0.03,false,false,near_mint,en,USD,2024-04-15T22:07:44.544Z
Library,binder,Howlpack Resurgence,SOI,Shadows over Innistrad,211,normal,uncommon,1,8785,a0063470-3728-4d7e-8f77-5e9c9c7d6a6a,0.34,false,false,near_mint,en,USD,2024-04-15T22:07:44.544Z
Library,binder,Stoic Builder,SOI,Shadows over Innistrad,231,normal,common,1,8765,0820f17c-ab4a-4a14-84ff-4ea200bef112,0.04,false,false,near_mint,en,USD,2024-04-15T22:07:44.544Z
Library,binder,Shaman of the Pack,ORI,Magic Origins,217,normal,uncommon,1,10725,304687b1-2294-4144-b2bd-7e36f9aaac34,0.28,false,false,near_mint,en,USD,2024-04-15T22:07:44.544Z
Library,binder,Glade Watcher,DTK,Dragons of Tarkir,188,normal,common,1,11626,02c9c6d9-e715-4b70-a10e-8bc5a4e9e938,0.03,false,false,near_mint,en,USD,2024-04-15T22:07:44.544Z
Library,binder,Tajuru Beastmaster,BFZ,Battle for Zendikar,193,normal,common,1,10158,3447b4af-2eb2-48ae-a12e-2fdf83d4cb70,0.03,false,false,near_mint,en,USD,2024-04-15T22:07:44.544Z
Library,binder,Inspiring Call,DTK,Dragons of Tarkir,191,normal,uncommon,1,11623,c565b991-7021-4b81-b9c0-f7231daae360,0.24,false,false,near_mint,en,USD,2024-04-15T22:07:44.544Z
Library,binder,Guardian Shield-Bearer,DTK,Dragons of Tarkir,189,normal,common,1,11625,dcbd7958-29a0-4f59-9648-eabe0fbfb4f9,0.03,false,false,near_mint,en,USD,2024-04-15T22:07:44.544Z
Library,binder,Incremental Growth,W16,Welcome Deck 2016,14,normal,uncommon,1,9085,e90aaa61-3281-4e8f-9eb3-548896d0c14d,0.04,false,false,near_mint,en,USD,2024-04-15T22:07:44.544Z
Library,binder,Oakenform,W16,Welcome Deck 2016,15,normal,common,1,9084,2ff4b431-3ca6-436f-aa44-911174538e04,0.02,false,false,near_mint,en,USD,2024-04-15T22:07:44.544Z
Library,binder,Grovetender Druids,BFZ,Battle for Zendikar,212,normal,uncommon,1,10139,5c2fd3a4-e09a-4fe5-93eb-2276a65c4911,0.04,false,false,near_mint,en,USD,2024-04-15T22:07:44.544Z
Library,binder,Confront the Unknown,SOI,Shadows over Innistrad,198,normal,common,2,8798,c59557c3-aba2-4f80-8f37-accb7b991cb9,0.11,false,false,near_mint,en,USD,2024-04-15T22:07:44.544Z
Library,binder,Graf Mole,SOI,Shadows over Innistrad,207,normal,uncommon,1,8789,25a40334-65d8-46d2-9c56-389e9b32107c,0.08,false,false,near_mint,en,USD,2024-04-15T22:07:44.544Z
Library,binder,Aim High,SOI,Shadows over Innistrad,193,normal,common,1,8803,98cd33cc-df39-4db1-a4a0-09756ec8372c,0.03,false,false,near_mint,en,USD,2024-04-15T22:07:44.544Z
Library,binder,Duskwatch Recruiter // Krallenhorde Howler,SOI,Shadows over Innistrad,203,normal,uncommon,1,8793,e1915d93-c7dd-4bb7-bd5c-63a359a02b97,0.6,false,false,near_mint,en,USD,2024-04-15T22:07:44.544Z
Library,binder,Skyrider Elf,BFZ,Battle for Zendikar,220,normal,uncommon,1,10131,477eb787-aec7-43fd-9813-184111d9dcc5,0.11,false,false,near_mint,en,USD,2024-04-15T22:07:44.544Z
Library,binder,Birthing Hulk,OGW,Oath of the Gatewatch,121,normal,uncommon,1,9261,a1a644e0-96e5-4b73-873f-1132948cb21f,0.15,false,false,near_mint,en,USD,2024-04-15T22:07:44.544Z
Library,binder,Nissa's Judgment,OGW,Oath of the Gatewatch,139,normal,uncommon,1,9243,96b263fb-00b5-4050-85e1-cfc4018bb75d,0.07,false,false,near_mint,en,USD,2024-04-15T22:07:44.544Z
Library,binder,Stalking Drone,OGW,Oath of the Gatewatch,124,normal,common,2,9258,12bc5b4c-a809-43f0-8848-38812ce865c2,0.02,false,false,near_mint,en,USD,2024-04-15T22:07:44.544Z
Library,binder,Murasa Ranger,BFZ,Battle for Zendikar,178,normal,uncommon,2,10173,c4a3c02b-b576-4099-9016-15449f93bb09,0.02,false,false,near_mint,en,USD,2024-04-15T22:07:44.544Z
Library,binder,Wild Instincts,ORI,Magic Origins,206,normal,common,2,10736,58fafd9d-777f-4d88-ad93-63af6d7ef274,0.07,false,false,near_mint,en,USD,2024-04-15T22:07:44.544Z
Library,binder,Autumnal Gloom // Ancient of the Equinox,SOI,Shadows over Innistrad,194,normal,uncommon,2,8802,d41b07c8-f0c8-4654-bcc2-00c785c8c628,0.12,false,false,near_mint,en,USD,2024-04-15T22:07:44.544Z
Library,binder,Moldgraf Scavenger,SOI,Shadows over Innistrad,218,normal,common,4,8778,76755763-7c02-451f-b799-2106a3a4973b,0.05,false,false,near_mint,en,USD,2024-04-15T22:07:44.544Z
Library,binder,Might Beyond Reason,SOI,Shadows over Innistrad,217,normal,common,4,8779,5a274689-82f1-488a-baf8-cd8ef3477b72,0.03,false,false,near_mint,en,USD,2024-04-15T22:07:44.544Z
Library,binder,Loam Larva,OGW,Oath of the Gatewatch,135,normal,common,3,9247,affa9314-0021-445e-9496-349254b16bf8,0.03,false,false,near_mint,en,USD,2024-04-15T22:07:44.544Z
Library,binder,Vessel of Nascency,SOI,Shadows over Innistrad,237,normal,common,2,8759,89533790-38c2-4b53-90fa-8abf8c1a6abb,0.13,false,false,near_mint,en,USD,2024-04-15T22:07:44.544Z
Library,binder,Clip Wings,SOI,Shadows over Innistrad,197,normal,common,2,8799,f2835993-6c71-4a63-bad5-cb25aedc4a15,0.02,false,false,near_mint,en,USD,2024-04-15T22:07:44.544Z
Library,binder,Fertile Thicket,BFZ,Battle for Zendikar,237,normal,common,2,10114,15231a9b-1956-4ff6-b637-942444d3349f,0.04,false,false,near_mint,en,USD,2024-04-15T22:07:44.544Z
Library,binder,Plummet,BFZ,Battle for Zendikar,184,normal,common,3,10167,5f6acb5b-b087-4cad-b40f-2de37029847c,0.01,false,false,near_mint,en,USD,2024-04-15T22:07:44.544Z
Library,binder,Kessig Dire Swine,SOI,Shadows over Innistrad,214,normal,common,3,8782,9235ac46-dac9-46e6-9c7f-a69caaee1a2e,0.02,false,false,near_mint,en,USD,2024-04-15T22:07:44.544Z
Library,binder,Equestrian Skill,SOI,Shadows over Innistrad,204,normal,common,3,8792,f9af14d1-a304-4744-9d6f-9ff5fcd92ad3,0.02,false,false,near_mint,en,USD,2024-04-15T22:07:44.544Z
Library,binder,Lead by Example,OGW,Oath of the Gatewatch,134,normal,common,5,9248,2cdcb985-b0bb-4921-a7e4-3ee6e8f8992b,0.04,false,false,near_mint,en,USD,2024-04-15T22:07:44.544Z
Library,binder,Rabid Bite,SOI,Shadows over Innistrad,223,normal,common,3,8773,2f573622-877b-4d21-adfc-40a32b7c2e6d,0.04,false,false,near_mint,en,USD,2024-04-15T22:07:44.544Z
Library,binder,Pack Guardian,SOI,Shadows over Innistrad,221,normal,uncommon,2,8775,64dcc129-88c2-4f20-be0b-36c4141688c9,0.13,false,false,near_mint,en,USD,2024-04-15T22:07:44.544Z
Library,binder,Vines of the Recluse,OGW,Oath of the Gatewatch,146,normal,common,2,9236,e0a1fc4b-ec68-4fd1-af0f-6ccc8c6dee89,0.02,false,false,near_mint,en,USD,2024-04-15T22:07:44.544Z
Library,binder,Root Out,SOI,Shadows over Innistrad,224,normal,common,2,8772,ffb04258-d6ab-440c-85d2-05a995aeba2c,0.06,false,false,near_mint,en,USD,2024-04-15T22:07:44.544Z
Library,binder,Oran-Rief Invoker,BFZ,Battle for Zendikar,182,normal,common,4,10169,0957875c-e1a2-4d14-8b61-c806903fc760,0.04,false,false,near_mint,en,USD,2024-04-15T22:07:44.544Z
Library,binder,Slaughter Drone,OGW,Oath of the Gatewatch,79,normal,common,1,9303,275b1185-49aa-45ae-8e2d-12aa469a7d77,0.04,false,false,near_mint,en,USD,2024-04-15T22:24:44.604Z
Library,binder,Catacomb Slug,ORI,Magic Origins,86,normal,common,2,10856,d30d6df7-6199-4b06-9d45-785ee1e2ed3b,0.04,false,false,near_mint,en,USD,2024-04-15T22:24:44.604Z
Library,binder,Unholy Hunger,ORI,Magic Origins,125,normal,common,1,10817,5994b7b0-3bca-480b-b265-ed269f15c17e,0.05,false,false,near_mint,en,USD,2024-04-15T22:24:44.604Z
Library,binder,Nantuko Husk,ORI,Magic Origins,109,normal,common,1,10833,3915c0be-7e9c-45bc-9c83-80beba469a81,0.08,false,false,near_mint,en,USD,2024-04-15T22:24:44.604Z
Library,binder,Blood-Cursed Knight,ORI,Magic Origins,211,normal,uncommon,1,10731,644bb558-113e-4e49-a395-7e0036c3419c,0.15,false,false,near_mint,en,USD,2024-04-15T22:24:44.604Z
Library,binder,Alms of the Vein,SOI,Shadows over Innistrad,98,normal,common,1,8898,79b80948-a3cd-4962-8fce-d58f2db7e68e,0.18,false,false,near_mint,en,USD,2024-04-15T22:24:44.604Z
Library,binder,Crow of Dark Tidings,SOI,Shadows over Innistrad,105,normal,common,2,8891,14e4d1b5-72de-4062-9fdd-e9bfd655ee79,0.04,false,false,near_mint,en,USD,2024-04-15T22:24:44.604Z
Library,binder,Stromkirk Mentor,SOI,Shadows over Innistrad,137,normal,common,1,8859,aa90b7dc-fb90-411e-a762-06a800bae0cf,0.07,false,false,near_mint,en,USD,2024-04-15T22:24:44.604Z
Library,binder,Vessel of Malignity,SOI,Shadows over Innistrad,144,normal,common,1,8852,81b44857-1edb-4de4-b646-917101faf881,0.04,false,false,near_mint,en,USD,2024-04-15T22:24:44.604Z
Library,binder,Sinister Concoction,SOI,Shadows over Innistrad,135,normal,uncommon,1,8861,815ca911-ccc1-4466-8d12-054b8d241992,0.18,false,false,near_mint,en,USD,2024-04-15T22:24:44.604Z
Library,binder,Vulturous Aven,DTK,Dragons of Tarkir,126,normal,common,1,11688,b2fb0cc9-aebd-4bbf-8735-add3b753c118,0.06,false,false,near_mint,en,USD,2024-04-15T22:24:44.604Z
Library,binder,Guul Draz Overseer,BFZ,Battle for Zendikar,112,normal,rare,1,10239,793bb4e0-8fdd-440e-9e6e-92a899794cae,0.13,false,false,near_mint,en,USD,2024-04-15T22:24:44.604Z
Library,binder,Nirkana Assassin,BFZ,Battle for Zendikar,118,normal,common,3,10233,2ca43ea1-ba7b-4dc7-b6f6-a0c92321ebe1,0.07,false,false,near_mint,en,USD,2024-04-15T22:24:44.604Z
Library,binder,Undead Servant,ORI,Magic Origins,124,normal,common,1,10818,36afdfd4-8db7-45b6-9b6d-b9293fe6c26d,0.04,false,false,near_mint,en,USD,2024-04-15T22:24:44.604Z
Library,binder,Deadbridge Shaman,ORI,Magic Origins,91,normal,common,1,10851,2b62a4c2-e66d-4fc3-8703-a90b84f567bf,0.03,false,false,near_mint,en,USD,2024-04-15T22:24:44.604Z
Library,binder,Malakir Familiar,BFZ,Battle for Zendikar,116,normal,uncommon,2,10235,4f03b00a-f6d0-419a-abfd-fa8bc63226db,0.06,false,false,near_mint,en,USD,2024-04-15T22:24:44.604Z
Library,binder,Murderous Compulsion,SOI,Shadows over Innistrad,126,normal,common,1,8870,33b94db1-ac8c-4667-81d5-408df0f30879,0.03,false,false,near_mint,en,USD,2024-04-15T22:24:44.604Z
Library,binder,Mire's Malice,BFZ,Battle for Zendikar,117,normal,common,1,10234,c2d737fb-fd09-4483-8128-8897cbcdc4f5,0.03,false,false,near_mint,en,USD,2024-04-15T22:24:44.604Z
Library,binder,Kalastria Healer,BFZ,Battle for Zendikar,114,normal,common,1,10237,42c21cb3-21f4-4a8d-8068-52649f2a1846,0.02,false,false,near_mint,en,USD,2024-04-15T22:24:44.604Z
Library,binder,Indulgent Aristocrat,SOI,Shadows over Innistrad,118,normal,uncommon,1,8878,f24200d4-cd98-424c-bc2f-69f8b361d8fc,0.28,false,false,near_mint,en,USD,2024-04-15T22:24:44.604Z
Library,binder,Null Caller,OGW,Oath of the Gatewatch,88,normal,uncommon,1,9294,4afe773b-2987-4001-a0fd-9dca414a9129,0.04,false,false,near_mint,en,USD,2024-04-15T22:24:44.604Z
Library,binder,Bone Splinters,BFZ,Battle for Zendikar,105,normal,common,2,10246,74780faa-1c64-4d73-8d09-53b47ba02d7a,0.04,false,false,near_mint,en,USD,2024-04-15T22:24:44.604Z
Library,binder,Skitterskin,BFZ,Battle for Zendikar,97,normal,uncommon,1,10254,e3cbecdc-bc30-4797-bf6f-a7a61db05b48,0.05,false,false,near_mint,en,USD,2024-04-15T22:24:44.604Z
Library,binder,Kozilek's Shrieker,OGW,Oath of the Gatewatch,73,normal,common,1,9309,a384cd5b-2c6c-4969-bb62-a017e2fc9794,0.05,false,false,near_mint,en,USD,2024-04-15T22:24:44.604Z
Library,binder,Noxious Dragon,FRF,Fate Reforged,77,normal,uncommon,1,12049,cece7235-604c-49b6-b80f-3229a20b154f,0.07,false,false,near_mint,en,USD,2024-04-15T22:24:44.604Z
Library,binder,Harsh Sustenance,FRF,Fate Reforged,154,normal,common,1,11972,770d60a0-23fc-4224-873c-2e5549b3a816,0.06,false,false,near_mint,en,USD,2024-04-15T22:24:44.604Z
Library,binder,Sultai Emissary,FRF,Fate Reforged,85,normal,common,1,12041,12421e1c-5144-4391-abf2-a2fb864920e9,0.05,false,false,near_mint,en,USD,2024-04-15T22:24:44.604Z
Library,binder,Biting Rain,SOI,Shadows over Innistrad,102,normal,uncommon,1,8894,5ac62d2f-6834-4d98-b69d-bd7b5831d981,0.14,false,false,near_mint,en,USD,2024-04-15T22:24:44.604Z
Library,binder,Visions of Brutality,OGW,Oath of the Gatewatch,81,normal,uncommon,1,9301,ec9ed374-54ad-4b81-b071-0b4668feb282,0.14,false,false,near_mint,en,USD,2024-04-15T22:24:44.604Z
Library,binder,Merciless Resolve,SOI,Shadows over Innistrad,123,normal,common,1,8873,356af156-a059-416c-b78b-d9058b742818,0.04,false,false,near_mint,en,USD,2024-04-15T22:24:44.604Z
Library,binder,Zulaport Chainmage,OGW,Oath of the Gatewatch,93,normal,common,1,9289,92461f3c-21dc-48a8-b532-9c4e2e1e80b5,0.03,false,false,near_mint,en,USD,2024-04-15T22:24:44.604Z
Library,binder,Vampire Noble,SOI,Shadows over Innistrad,143,normal,common,1,8853,b2435f17-0378-4480-8d56-d256245c7ced,0.1,false,false,near_mint,en,USD,2024-04-15T22:24:44.604Z
Library,binder,Havoc Sower,OGW,Oath of the Gatewatch,71,normal,uncommon,3,9311,f8585871-24a2-41d7-ae12-29aabfbc9ccc,0.07,false,false,near_mint,en,USD,2024-04-15T22:24:44.604Z
Library,binder,Kozilek's Translator,OGW,Oath of the Gatewatch,74,normal,common,2,9308,d80665ae-fcb2-48fd-95be-8768293bcef7,0.04,false,false,near_mint,en,USD,2024-04-15T22:24:44.604Z
Library,binder,Swarm Surge,BFZ,Battle for Zendikar,100,normal,common,1,10251,837287cc-f3a4-4ba7-8518-9b1e4a53acda,0.06,false,false,near_mint,en,USD,2024-04-15T22:24:44.604Z
Library,binder,Dominator Drone,BFZ,Battle for Zendikar,92,normal,common,2,10259,12e7e2b5-3141-4a19-aa49-91ab7e5c211c,0.05,false,false,near_mint,en,USD,2024-04-15T22:24:44.604Z
Library,binder,Flayer Drone,OGW,Oath of the Gatewatch,148,normal,uncommon,1,9234,3931db42-3773-4aae-b6eb-2209e7312f8c,0.09,false,false,near_mint,en,USD,2024-04-15T22:24:44.604Z
Library,binder,Mind Raker,BFZ,Battle for Zendikar,95,normal,common,1,10256,a4d07fea-e16a-45e3-a172-9d726cd42769,0.05,false,false,near_mint,en,USD,2024-04-15T22:24:44.604Z
Library,binder,Kalastria Nightwatch,BFZ,Battle for Zendikar,115,normal,common,2,10236,13989bf2-fd02-4702-9170-4b066837de65,0.06,false,false,near_mint,en,USD,2024-04-15T22:24:44.604Z
Library,binder,Altar's Reap,BFZ,Battle for Zendikar,103,normal,common,3,10248,d4ca3f24-eb14-46fe-9a7a-3752f706d067,0.11,false,false,near_mint,en,USD,2024-04-15T22:24:44.604Z
Library,binder,Olivia's Bloodsworn,SOI,Shadows over Innistrad,127,normal,uncommon,2,8869,fdda34e9-f28b-4606-8298-b2d0c15033e6,0.15,false,false,near_mint,en,USD,2024-04-15T22:24:44.604Z
Library,binder,Voracious Null,BFZ,Battle for Zendikar,125,normal,common,5,10226,74364056-f4ee-46d3-834d-a5157ec312b9,0.03,false,false,near_mint,en,USD,2024-04-15T22:24:44.604Z
Library,binder,Farbog Revenant,SOI,Shadows over Innistrad,110,normal,common,2,8886,0f6de332-debb-49f3-8b29-1719060ab00c,0.03,false,false,near_mint,en,USD,2024-04-15T22:24:44.604Z
Library,binder,Vampire Envoy,OGW,Oath of the Gatewatch,92,normal,common,7,9290,3ba8e7aa-9a87-410e-b846-5f5c910585cf,0.05,false,false,near_mint,en,USD,2024-04-15T22:24:44.604Z
Library,binder,Stallion of Ashmouth,SOI,Shadows over Innistrad,136,normal,common,2,8860,7b465a5d-3ce4-4c96-a3f3-4ad9716946c4,0.02,false,false,near_mint,en,USD,2024-04-15T22:24:44.604Z
Library,binder,Unnatural Endurance,OGW,Oath of the Gatewatch,80,normal,common,4,9302,ac497133-a44a-4acc-ba7e-8fc1fae7e226,0.05,false,false,near_mint,en,USD,2024-04-15T22:24:44.604Z
Library,binder,Hound of the Farbogs,SOI,Shadows over Innistrad,117,normal,common,3,8879,0fc37615-ef72-4176-9e94-080e56af1d8a,0.03,false,false,near_mint,en,USD,2024-04-15T22:24:44.604Z
Library,binder,Witness the End,OGW,Oath of the Gatewatch,82,normal,common,3,9300,0c06d8ec-55ab-4be9-a470-77c79d643d1f,0.04,false,false,near_mint,en,USD,2024-04-15T22:24:44.604Z
Library,binder,Dead Weight,SOI,Shadows over Innistrad,106,normal,common,3,8890,f09a09de-35c9-4a4e-a4ac-1ce24e166ad9,0.01,false,false,near_mint,en,USD,2024-04-15T22:24:44.604Z
Library,binder,Throttle,SOI,Shadows over Innistrad,138,normal,common,2,8858,953f9001-17b2-4087-8d87-5dbaa6c48b16,0.03,false,false,near_mint,en,USD,2024-04-15T22:24:44.604Z
Library,binder,Ghoulcaller's Accomplice,SOI,Shadows over Innistrad,112,normal,common,2,8884,6f48828d-5f97-434f-a3b8-9e8c75cc8932,0.02,false,false,near_mint,en,USD,2024-04-15T22:24:44.604Z
Library,binder,Corpse Churn,OGW,Oath of the Gatewatch,83,normal,common,3,9299,6b7e6054-c6b8-4b29-83c5-a2e4e295bdf3,0.06,false,false,near_mint,en,USD,2024-04-15T22:24:44.604Z
Library,binder,Tar Snare,OGW,Oath of the Gatewatch,90,normal,common,2,9292,06ee017c-25ae-4668-8cfe-ae3b55e851aa,0.01,false,false,near_mint,en,USD,2024-04-15T22:24:44.604Z
Library,binder,Behind the Scenes,SOI,Shadows over Innistrad,100,normal,uncommon,2,8896,7fac171d-a8b6-4bb7-a559-473574aa02a8,0.21,false,false,near_mint,en,USD,2024-04-15T22:24:44.604Z
Library,binder,Eyeblight Assassin,ORI,Magic Origins,95,normal,common,3,10847,7f8aaaf1-6b21-465d-8450-0718beb9106b,0.04,false,false,near_mint,en,USD,2024-04-15T22:24:44.604Z
Library,binder,Untamed Hunger,OGW,Oath of the Gatewatch,91,normal,common,3,9291,595deb86-b6cf-4e4f-a6cf-f5ff128b720d,0.05,false,false,near_mint,en,USD,2024-04-15T22:24:44.604Z
Library,binder,Rottenheart Ghoul,SOI,Shadows over Innistrad,132,normal,common,2,8864,933f0504-c611-4557-b1e6-f5be72154805,0.04,false,false,near_mint,en,USD,2024-04-15T22:24:44.604Z
Library,binder,Baloth Null,OGW,Oath of the Gatewatch,152,normal,uncommon,1,9230,8811d210-23e2-4318-9730-7ee3b2021c68,0.05,false,false,near_mint,en,USD,2024-04-15T22:28:19.268Z
Library,binder,Hand of Silumgar,DTK,Dragons of Tarkir,105,normal,common,1,11709,884cbc26-f164-47bd-878c-dd46652465d0,0.04,false,false,near_mint,en,USD,2024-04-15T22:28:19.268Z
Library,binder,Coat with Venom,DTK,Dragons of Tarkir,91,normal,common,1,11723,8cc8e012-7043-405c-b6cd-b3b38f8a8d54,0.05,false,false,near_mint,en,USD,2024-04-15T22:28:19.268Z
Library,binder,Gravepurge,DTK,Dragons of Tarkir,104,normal,common,1,11710,b5bf549c-799f-456f-85d5-8a7302bc729d,0.14,false,false,near_mint,en,USD,2024-04-15T22:28:19.268Z
Library,binder,Foul-Tongue Shriek,DTK,Dragons of Tarkir,103,normal,common,1,11711,81d98ee0-6b32-4735-89f1-b37da766761f,0.25,false,false,near_mint,en,USD,2024-04-15T22:28:19.268Z
Library,binder,Sengir Vampire,W16,Welcome Deck 2016,9,normal,uncommon,1,9090,3e28d7bb-4520-4cf4-85c9-c56f5da40d82,0.04,false,false,near_mint,en,USD,2024-04-15T22:28:19.268Z
Library,binder,Mind Rot,W16,Welcome Deck 2016,7,normal,common,1,9092,8363865b-23f9-4cca-beb4-a5d467caff4c,0.03,false,false,near_mint,en,USD,2024-04-15T22:28:19.268Z
Library,binder,Walking Corpse,W16,Welcome Deck 2016,10,normal,common,1,9089,98485e9e-dbac-44dd-a446-ef3ef81830c1,0.03,false,false,near_mint,en,USD,2024-04-15T22:28:19.268Z
Library,binder,Shamble Back,SOI,Shadows over Innistrad,134,normal,common,1,8862,f6913dce-05f5-4e1b-9dd9-67eb347b5be8,0.09,false,false,near_mint,en,USD,2024-04-15T22:28:19.268Z
Library,binder,Grotesque Mutation,SOI,Shadows over Innistrad,115,normal,common,1,8881,ce84d54c-ef63-4b90-a2b6-99a4aa21c02d,0.04,false,false,near_mint,en,USD,2024-04-15T22:28:19.268Z
Library,binder,Sky Scourer,OGW,Oath of the Gatewatch,78,normal,common,1,9304,eb00fa72-bcda-4081-9048-e13752da8d46,0.04,false,false,near_mint,en,USD,2024-04-15T22:28:19.268Z
Library,binder,Morkrut Necropod,SOI,Shadows over Innistrad,125,normal,uncommon,2,8871,f726f215-d0a5-4e2c-b874-9dc209479993,0.09,false,false,near_mint,en,USD,2024-04-15T22:28:19.268Z
Library,binder,Demon's Grasp,BFZ,Battle for Zendikar,108,normal,common,2,10243,ff953948-db26-43af-9905-7d387769b4a9,0.01,false,false,near_mint,en,USD,2024-04-15T22:28:19.268Z
Library,binder,Hollow Scavenger // Bakery Raid,WOE,Wilds of Eldraine,174,foil,common,1,85244,0ad345b6-7077-4dd2-b515-c774a3185fe4,0.08,false,false,near_mint,en,USD,2024-04-16T05:55:03.196Z
Library,binder,Toadstool Admirer,WOE,Wilds of Eldraine,192,foil,common,1,85821,f0a6349a-beff-4abd-b005-86d27c1e2957,0.01,false,false,near_mint,en,USD,2024-04-16T05:55:03.196Z
Library,binder,Conceited Witch // Price of Beauty,WOE,Wilds of Eldraine,84,foil,common,1,85848,f8a0c0f6-fef9-42c5-934d-a2855c11b440,0.02,false,false,near_mint,en,USD,2024-04-16T05:55:03.196Z
Library,binder,Oppression,WOT,Wilds of Eldraine: Enchanting Tales,32,foil,rare,1,85326,2e8ffc89-6436-4e4d-aa43-8f704b658b96,0.47,false,false,near_mint,en,USD,2024-04-16T05:55:03.196Z
Library,binder,Fraying Sanity,WOT,Wilds of Eldraine: Enchanting Tales,19,normal,rare,1,85331,303ecebb-cadc-465a-8ef8-7b314f971f6c,0.29,false,false,near_mint,en,USD,2024-04-16T05:55:03.196Z
Library,binder,Virtue of Courage // Embereth Blaze,WOE,Wilds of Eldraine,282,normal,mythic,1,85814,ed585964-68ed-4889-8d20-678b43c46018,1.57,false,false,near_mint,en,USD,2024-04-16T05:55:03.196Z
Library,binder,Sentinel of Lost Lore,WOE,Wilds of Eldraine,184,normal,rare,1,85825,f109a5bf-1472-4b87-b3d3-70db0e123693,0.1,false,false,near_mint,en,USD,2024-04-16T05:55:03.196Z
Library,binder,Specter of Mortality,WOE,Wilds of Eldraine,107,foil,rare,1,85432,5e4c00b5-f6d6-4fbd-828f-ad30321f2cd9,0.14,false,false,near_mint,en,USD,2024-04-16T05:55:03.196Z
Library,binder,Raid Bombardment,WOT,Wilds of Eldraine: Enchanting Tales,47,foil,uncommon,1,85280,1a7576d7-ef3a-48b1-a06b-81d334c57b96,0.11,false,false,near_mint,en,USD,2024-04-16T05:55:03.196Z
Library,binder,Curiosity,WOT,Wilds of Eldraine: Enchanting Tales,17,normal,uncommon,1,85584,96056dc1-b989-4c87-8ad9-7a9dd99dd7fc,0.15,false,false,near_mint,en,USD,2024-04-16T05:55:03.196Z
Library,binder,Swamp,WOE,Wilds of Eldraine,264,foil,common,1,85817,ee68f2cb-851b-4196-ac58-844d72628e6a,1.13,false,false,near_mint,en,USD,2024-04-16T05:55:03.196Z
Library,binder,Chancellor of Tales,WOE,Wilds of Eldraine,45,foil,uncommon,1,85841,f67bd5ef-305b-4bf7-990b-3014778b14a0,0.04,false,false,near_mint,en,USD,2024-04-16T05:55:03.196Z
Library,binder,Icewrought Sentry,WOE,Wilds of Eldraine,55,foil,uncommon,1,85535,859419d3-cd15-4362-98b3-a7ff98e29692,0.04,false,false,near_mint,en,USD,2024-04-16T05:55:03.196Z
Library,binder,Lord Skitter's Butcher,WOE,Wilds of Eldraine,99,foil,uncommon,1,85295,21b31d2b-ef66-4e16-a75e-4e27eb5ebfe9,0.13,false,false,near_mint,en,USD,2024-04-16T05:55:03.196Z
Library,binder,Cut In,WOE,Wilds of Eldraine,125,foil,common,1,85562,8ea4d40a-7657-4ff8-9fc2-915b99432275,0.04,false,false,near_mint,en,USD,2024-04-16T05:55:03.196Z
Library,binder,Food,TWOE,Wilds of Eldraine Tokens,12,foil,common,1,85201,29a40362-be01-4a16-9c98-0761fffb2560,,false,false,near_mint,en,USD,2024-04-16T05:55:03.196Z
Library,binder,"Elrond, Master of Healing",LTR,The Lord of the Rings: Tales of Middle-earth,318,normal,rare,1,83047,476e2a30-4410-432d-9c8a-beaaa40220c1,0.23,false,false,near_mint,en,USD,2024-04-16T06:00:55.805Z
Library,binder,Dreadful as the Storm,LTR,The Lord of the Rings: Tales of Middle-earth,48,foil,common,1,83425,b6e0b4ff-85b5-485f-a78f-1a58bb343238,0.05,false,false,near_mint,en,USD,2024-04-16T06:00:55.805Z
Library,binder,Lash of the Balrog,LTR,The Lord of the Rings: Tales of Middle-earth,408,normal,common,8,83360,a3bb0051-3ba3-4e22-9098-42ee0d9b645c,0.12,false,false,near_mint,en,USD,2024-04-16T06:00:55.805Z
Library,binder,"Denethor, Ruling Steward",LTR,The Lord of the Rings: Tales of Middle-earth,198,normal,uncommon,7,83669,fa8654cf-431c-427b-b78f-0e48f6007e9e,0.15,false,false,near_mint,en,USD,2024-04-16T06:00:55.805Z
Library,binder,Chance-Met Elves,LTR,The Lord of the Rings: Tales of Middle-earth,157,normal,common,4,82843,0aa57431-39e2-4152-8a30-1c1e8faef153,0.02,false,false,near_mint,en,USD,2024-04-16T06:00:55.805Z
Library,binder,Haunt of the Dead Marshes,LTR,The Lord of the Rings: Tales of Middle-earth,90,normal,common,4,83151,673c6c12-2513-4d1b-acf0-6a1f741d49dd,0.03,false,false,near_mint,en,USD,2024-04-16T06:00:55.805Z
Library,binder,Nimrodel Watcher,LTR,The Lord of the Rings: Tales of Middle-earth,63,normal,common,4,83473,c253ee40-41c9-4cb5-a1a3-94b0aaed09d4,0.01,false,false,near_mint,en,USD,2024-04-16T06:00:55.805Z
Library,binder,Mountain,LTR,The Lord of the Rings: Tales of Middle-earth,279,normal,common,4,83395,af1b83d9-078b-44dc-a118-4659201f4854,0.46,false,false,near_mint,en,USD,2024-04-16T06:00:55.805Z
Library,binder,Enraged Huorn,LTR,The Lord of the Rings: Tales of Middle-earth,162,foil,common,1,83383,a9b48836-6d37-46eb-8c41-a3eeecc72ae1,0.04,false,false,near_mint,en,USD,2024-04-16T06:00:55.805Z
Library,binder,Gríma Wormtongue,LTR,The Lord of the Rings: Tales of Middle-earth,88,normal,uncommon,4,83283,8e3bd86b-e8ca-4885-a823-78fb967e6caf,0.12,false,false,near_mint,en,USD,2024-04-16T06:00:55.805Z
Library,binder,Galadhrim Bow,LTR,The Lord of the Rings: Tales of Middle-earth,167,normal,common,3,83340,9df34f21-798f-440d-8b09-ec5b5c0b8c12,0.03,false,false,near_mint,en,USD,2024-04-16T06:00:55.805Z
Library,binder,Galadhrim Guide,LTR,The Lord of the Rings: Tales of Middle-earth,168,normal,common,3,83642,f4603f59-f899-4caf-a874-bf234d2045fb,0.02,false,false,near_mint,en,USD,2024-04-16T06:00:55.805Z
Library,binder,Lothlórien Lookout,LTR,The Lord of the Rings: Tales of Middle-earth,175,normal,common,4,83070,4e3639c1-ebc3-4a0b-ab93-549e45aff0f7,0.06,false,false,near_mint,en,USD,2024-04-16T06:00:55.805Z
Library,binder,Island,LTR,The Lord of the Rings: Tales of Middle-earth,274,normal,common,5,83618,eba0c7c5-ed63-41a5-93e1-a979a6f983b9,0.38,false,false,near_mint,en,USD,2024-04-16T06:00:55.805Z
Library,binder,Plains,LTR,The Lord of the Rings: Tales of Middle-earth,273,foil,common,3,83254,8538a97f-302d-468a-8a6c-50c800d614e5,0.65,false,false,near_mint,en,USD,2024-04-16T06:00:55.805Z
Library,binder,"Legolas, Counter of Kills",LTR,The Lord of the Rings: Tales of Middle-earth,324,normal,uncommon,4,82970,30fe0cb4-71f0-4acb-af1a-a48775826487,0.12,false,false,near_mint,en,USD,2024-04-16T06:00:55.805Z
Library,binder,Chance-Met Elves,LTR,The Lord of the Rings: Tales of Middle-earth,157,foil,common,2,82843,0aa57431-39e2-4152-8a30-1c1e8faef153,0.06,false,false,near_mint,en,USD,2024-04-16T06:00:55.805Z
Library,binder,"Quickbeam, Upstart Ent",LTR,The Lord of the Rings: Tales of Middle-earth,419,normal,uncommon,6,83024,402d829d-9d99-48ac-9ffe-14405ec56302,0.08,false,false,near_mint,en,USD,2024-04-16T06:00:55.805Z
Library,binder,You Cannot Pass!,LTR,The Lord of the Rings: Tales of Middle-earth,38,normal,uncommon,8,82859,116d4030-acd2-4aa2-8254-aaaff1264459,0.07,false,false,near_mint,en,USD,2024-04-16T06:00:55.805Z
Library,binder,Mirkwood Spider,LTR,The Lord of the Rings: Tales of Middle-earth,178,normal,common,5,83388,ad961ba1-c74f-4a44-87fe-b30e2b63e378,0.03,false,false,near_mint,en,USD,2024-04-16T06:01:48.967Z
Library,binder,Oliphaunt,LTR,The Lord of the Rings: Tales of Middle-earth,139,normal,common,4,83161,6989018c-37b1-4282-a4af-9cc97f160b4d,0.09,false,false,near_mint,en,USD,2024-04-16T06:01:48.967Z
Library,binder,Mushroom Watchdogs,LTR,The Lord of the Rings: Tales of Middle-earth,180,normal,common,4,83526,d15fd66d-fa7e-411d-9014-a56caa879d93,0.03,false,false,near_mint,en,USD,2024-04-16T06:01:48.967Z
Library,binder,Gwaihir the Windlord,LTR,The Lord of the Rings: Tales of Middle-earth,210,normal,uncommon,6,82897,1a42c951-1146-4f49-a690-7d385962b191,0.09,false,false,near_mint,en,USD,2024-04-16T06:01:48.967Z
Library,binder,The Grey Havens,LTR,The Lord of the Rings: Tales of Middle-earth,443,foil,uncommon,1,83319,9714aa30-1db2-4670-9a0b-72acfc3f703c,0.43,false,false,near_mint,en,USD,2024-04-16T06:03:29.574Z
Library,binder,Shadow Summoning,LTR,The Lord of the Rings: Tales of Middle-earth,226,normal,uncommon,4,83619,ec0984b2-bed6-41b1-9087-2cfd16749037,0.12,false,false,near_mint,en,USD,2024-04-16T06:03:29.574Z
Library,binder,Ent's Fury,LTR,The Lord of the Rings: Tales of Middle-earth,164,normal,common,6,83494,c7946af6-69ab-47a1-955c-1954a04752df,0.08,false,false,near_mint,en,USD,2024-04-16T06:03:29.574Z
Library,binder,Samwise the Stouthearted,LTR,The Lord of the Rings: Tales of Middle-earth,306,normal,uncommon,3,83041,44c6a273-9307-432a-96f5-3e536da70f95,0.06,false,false,near_mint,en,USD,2024-04-16T06:03:29.574Z
Library,binder,Plains,LTR,The Lord of the Rings: Tales of Middle-earth,262,normal,common,6,83656,f724ae86-b968-4f49-8267-c2c34c22f1b6,0.11,false,false,near_mint,en,USD,2024-04-16T06:03:29.574Z
Library,binder,Saruman of Many Colors,LTR,The Lord of the Rings: Tales of Middle-earth,412,normal,mythic,1,83617,eb7fc17a-00e6-48f2-a1b9-970d7720f87d,5.34,false,false,near_mint,en,USD,2024-04-16T06:10:35.163Z
Library,binder,"Merry, Esquire of Rohan",LTR,The Lord of the Rings: Tales of Middle-earth,325,normal,rare,1,83555,d9d21bce-a381-4c5d-9e0f-b2cdc96a20b6,0.28,false,false,near_mint,en,USD,2024-04-16T06:10:35.163Z
Library,binder,"Erkenbrand, Lord of Westfold",LTR,The Lord of the Rings: Tales of Middle-earth,123,normal,uncommon,4,82999,38f81e68-cddd-47f4-b1d1-a297c3298c25,0.12,false,false,near_mint,en,USD,2024-04-16T06:10:35.163Z
Library,binder,Smaug,TLTR,Tales of Middle-earth Tokens,7,normal,common,1,82884,16d2b87e-f8f9-4756-9ea2-64bc5c13bb96,0.3,false,false,near_mint,en,USD,2024-04-16T06:10:35.163Z
Library,binder,Escape from Orthanc,LTR,The Lord of the Rings: Tales of Middle-earth,12,normal,common,6,83644,f4ff3330-dcca-4435-87e7-871be91a68b0,0.07,false,false,near_mint,en,USD,2024-04-16T06:10:35.163Z
Library,binder,Swamp,LTR,The Lord of the Rings: Tales of Middle-earth,267,foil,common,1,83548,d86cd8fb-4ba7-4311-b0f3-b06fa112eda5,0.1,false,false,near_mint,en,USD,2024-04-16T06:10:35.163Z
Library,binder,Easterling Vanguard,LTR,The Lord of the Rings: Tales of Middle-earth,83,foil,common,2,83607,e860dd40-07c5-47c3-92a8-1ee95a953c2f,0.08,false,false,near_mint,en,USD,2024-04-16T06:10:35.163Z
Library,binder,Voracious Fell Beast,LTR,The Lord of the Rings: Tales of Middle-earth,422,foil,uncommon,2,83542,d6ce6be0-ebfe-4d50-87c6-8c1fc7536f1f,0.17,false,false,near_mint,en,USD,2024-04-16T06:10:35.163Z
Library,binder,Press the Enemy,LTR,The Lord of the Rings: Tales of Middle-earth,65,normal,rare,2,83580,dfa5380a-480c-4c61-ac52-5debc49c5df9,0.21,false,false,near_mint,en,USD,2024-04-16T06:10:35.163Z
Library,binder,Willow-Wind,LTR,The Lord of the Rings: Tales of Middle-earth,76,normal,common,5,82844,0adc3bff-0eb1-40e9-b954-5515babd07a3,0.08,false,false,near_mint,en,USD,2024-04-16T06:10:35.163Z
Library,binder,Hithlain Knots,LTR,The Lord of the Rings: Tales of Middle-earth,54,normal,common,5,83448,bbcc27e7-cbe4-45c2-b157-7251a10e7ba4,0.1,false,false,near_mint,en,USD,2024-04-16T06:10:35.163Z
Library,binder,Arwen's Gift,LTR,The Lord of the Rings: Tales of Middle-earth,39,normal,common,6,82969,30e1ec49-ad4f-4623-aeeb-dba07d6e6251,0.08,false,false,near_mint,en,USD,2024-04-16T06:10:35.163Z
Library,binder,Council's Deliberation,LTR,The Lord of the Rings: Tales of Middle-earth,46,normal,uncommon,6,83142,651503a2-5d1e-408a-9cdc-0cee05ab3ef0,0.1,false,false,near_mint,en,USD,2024-04-16T06:13:33.870Z
Library,binder,Pippin's Bravery,LTR,The Lord of the Rings: Tales of Middle-earth,182,normal,common,5,83453,bc60dc65-6813-4d57-877b-df195ed00d00,0.08,false,false,near_mint,en,USD,2024-04-16T06:13:33.870Z
Library,binder,Hobbit's Sting,LTR,The Lord of the Rings: Tales of Middle-earth,20,normal,common,4,82820,019eab42-9e0c-4958-ac97-74d3db5580f3,0.03,false,false,near_mint,en,USD,2024-04-16T06:13:54.505Z
Library,binder,Shelob's Ambush,LTR,The Lord of the Rings: Tales of Middle-earth,108,normal,common,4,82941,25e69fa8-7339-4bfa-8e35-9cbfe0001d8b,0.05,false,false,near_mint,en,USD,2024-04-16T06:14:57.965Z
Library,binder,Swamp,LTR,The Lord of the Rings: Tales of Middle-earth,277,normal,common,8,83535,d412d727-4fe8-4c21-a2cb-609395935dd8,0.76,false,false,near_mint,en,USD,2024-04-16T06:14:57.965Z
Library,binder,Orc Army,TLTR,Tales of Middle-earth Tokens,5,normal,common,1,82965,2f8b43e8-dd89-452e-b572-8559e19fdea2,0.06,false,false,near_mint,en,USD,2024-04-16T06:14:57.965Z
Library,binder,Dunland Crebain,LTR,The Lord of the Rings: Tales of Middle-earth,411,foil,common,1,83634,f1b90963-2a4c-4e0a-9d00-5d3df258c880,0.07,false,false,near_mint,en,USD,2024-04-16T06:14:57.965Z
Library,binder,Fire of Orthanc,LTR,The Lord of the Rings: Tales of Middle-earth,127,normal,common,4,83332,9b5871c5-bb94-4803-93ba-cd1a630b00d6,0.09,false,false,near_mint,en,USD,2024-04-16T06:15:18.058Z
Library,binder,Food,TLTR,Tales of Middle-earth Tokens,9,normal,common,1,83127,61f04cd9-63ef-4dda-948a-0be76628900c,0.12,false,false,near_mint,en,USD,2024-04-16T06:30:31.098Z
Library,binder,Oath of the Grey Host,LTR,The Lord of the Rings: Tales of Middle-earth,101,foil,uncommon,2,83165,6a780abd-f276-40d3-b2af-d2e47d858d3d,0.15,false,false,near_mint,en,USD,2024-04-16T06:30:31.098Z
Library,binder,Barad-dûr,LTR,The Lord of the Rings: Tales of Middle-earth,253,normal,rare,2,83616,eb5038af-06b0-401e-8dea-a1a8483788ae,0.91,false,false,near_mint,en,USD,2024-04-16T06:30:31.098Z
Library,binder,Mirkwood Bats,LTR,The Lord of the Rings: Tales of Middle-earth,421,foil,common,2,83265,882747f9-b4fe-42be-8fe9-f871cd0779bd,1.15,false,false,near_mint,en,USD,2024-04-16T06:30:31.098Z
Library,binder,Rally at the Hornburg,LTR,The Lord of the Rings: Tales of Middle-earth,142,normal,common,5,83622,ee7292f7-1c7e-449c-9c52-7584d6a14c2c,0.11,false,false,near_mint,en,USD,2024-04-16T06:30:31.098Z
Library,binder,Relentless Rohirrim,LTR,The Lord of the Rings: Tales of Middle-earth,144,normal,common,5,82924,21b7606a-6a4c-4bf0-b311-1883383161d2,0.09,false,false,near_mint,en,USD,2024-04-16T06:30:31.098Z
Library,binder,Rohirrim Lancer,LTR,The Lord of the Rings: Tales of Middle-earth,146,normal,common,5,82963,2f506f9f-4c0d-44e8-9f81-8403d808d0e4,0.09,false,false,near_mint,en,USD,2024-04-16T06:30:31.098Z
Library,binder,Haradrim Spearmaster,LTR,The Lord of the Rings: Tales of Middle-earth,135,normal,common,4,83118,6050cf98-cdce-4825-9ab8-2294a2b63faf,0.03,false,false,near_mint,en,USD,2024-04-16T06:30:31.098Z
Library,binder,Island,LTR,The Lord of the Rings: Tales of Middle-earth,275,normal,common,5,83289,8fee8302-39ca-43c3-b139-62e591559306,0.45,false,false,near_mint,en,USD,2024-04-16T06:30:31.098Z
Library,binder,Improvised Club,LTR,The Lord of the Rings: Tales of Middle-earth,137,normal,common,6,83432,b8397d13-eeaf-4b4e-b3cd-9a9ac231873a,0.08,false,false,near_mint,en,USD,2024-04-16T06:30:31.098Z
Library,binder,Detonate,MRD,Mirrodin,88,normal,uncommon,1,29957,237eedf5-8a8f-4668-a911-e2bf66f8221e,0.1,false,false,near_mint,en,USD,2024-04-16T06:30:31.098Z
Library,binder,Ranger's Firebrand,LTR,The Lord of the Rings: Tales of Middle-earth,143,foil,uncommon,2,82831,06541200-fa4c-4b98-bdc4-44708fd2ddf6,0.18,false,false,near_mint,en,USD,2024-04-16T06:30:31.098Z
Library,binder,"Meneldor, Swift Savior",LTR,The Lord of the Rings: Tales of Middle-earth,62,normal,uncommon,6,83131,62d2ee20-abbc-4a9d-8d30-4223242123e8,0.08,false,false,near_mint,en,USD,2024-04-16T06:30:31.098Z
Library,binder,"Landroval, Horizon Witness",LTR,The Lord of the Rings: Tales of Middle-earth,21,normal,uncommon,7,83089,5684483b-9a6a-499b-a5e1-e2815ee03cdb,0.08,false,false,near_mint,en,USD,2024-04-16T06:30:31.098Z
Library,binder,"Faramir, Field Commander",LTR,The Lord of the Rings: Tales of Middle-earth,14,normal,uncommon,5,82889,17c2250a-9af1-40de-9f09-7e8c7daec520,0.02,false,false,near_mint,en,USD,2024-04-16T06:30:31.098Z
Library,binder,Mountain,LTR,The Lord of the Rings: Tales of Middle-earth,278,normal,common,4,83401,b1902b98-7579-4b7a-8cb8-9bd0e0da5f67,0.33,false,false,near_mint,en,USD,2024-04-16T19:35:11.930Z
Library,binder,Gandalf the Grey,LTR,The Lord of the Rings: Tales of Middle-earth,207,foil,rare,1,83588,e2b975e6-e709-481f-bfbc-41a832508283,0.39,false,false,near_mint,en,USD,2024-04-16T20:05:39.417Z
Library,binder,Gimli's Axe,LTR,The Lord of the Rings: Tales of Middle-earth,130,normal,common,5,83550,d8999b6c-e501-48d0-ae51-a35b96f996ec,0.09,false,false,near_mint,en,USD,2024-04-16T20:26:28.312Z
Library,binder,Ioreth of the Healing House,LTR,The Lord of the Rings: Tales of Middle-earth,56,normal,uncommon,3,82827,03ab74cd-978a-49eb-9d38-bc8b472b3cef,0.18,false,false,near_mint,en,USD,2024-04-16T20:26:28.312Z
Library,binder,Éomer of the Riddermark,LTR,The Lord of the Rings: Tales of Middle-earth,121,normal,uncommon,3,83552,d920fcaf-4988-4186-962d-cdda25d79e7b,0.14,false,false,near_mint,en,USD,2024-04-16T20:26:28.312Z
Library,binder,Dunland Crebain,LTR,The Lord of the Rings: Tales of Middle-earth,411,normal,common,7,83634,f1b90963-2a4c-4e0a-9d00-5d3df258c880,0.05,false,false,near_mint,en,USD,2024-04-16T20:26:28.312Z
Library,binder,Olog-hai Crusher,LTR,The Lord of the Rings: Tales of Middle-earth,140,foil,common,1,83476,c33bf593-62e0-491a-a31a-328bce6d8735,0.04,false,false,near_mint,en,USD,2024-04-16T20:26:28.312Z
Library,binder,Dark Suspicions,PLS,Planeshift,40,normal,rare,1,32912,d518e2fd-7767-43d7-92e3-62a4a465154c,0.54,false,false,near_mint,en,USD,2024-04-16T20:26:28.312Z
Library,binder,Smite the Deathless,LTR,The Lord of the Rings: Tales of Middle-earth,148,normal,common,4,83271,8b716fcc-c4cc-4987-be82-2897a9888d23,0.04,false,false,near_mint,en,USD,2024-04-16T20:26:28.312Z
Library,binder,Battle-Scarred Goblin,LTR,The Lord of the Rings: Tales of Middle-earth,115,normal,common,4,83436,b91859de-1983-4c9c-a9e6-289c7dba1eb4,0.04,false,false,near_mint,en,USD,2024-04-16T20:26:28.312Z
Library,binder,"Shagrat, Loot Bearer",LTR,The Lord of the Rings: Tales of Middle-earth,228,normal,rare,1,82834,0731f64a-15da-4814-82e9-3a42e1657f36,0.13,false,false,near_mint,en,USD,2024-04-16T20:26:28.312Z
Library,binder,Haunt of the Dead Marshes,LTR,The Lord of the Rings: Tales of Middle-earth,90,foil,common,1,83151,673c6c12-2513-4d1b-acf0-6a1f741d49dd,0.19,false,false,near_mint,en,USD,2024-04-16T20:26:28.312Z
Library,binder,Tower of Calamities,SOM,Scars of Mirrodin,212,normal,rare,1,20820,8a77391b-5727-4408-bb50-970f7a13a83c,0.22,false,false,near_mint,en,USD,2024-04-16T20:26:28.312Z
Library,binder,Many Partings,LTR,The Lord of the Rings: Tales of Middle-earth,176,normal,common,5,83528,d179dbbe-9c79-4dbc-955a-5209a3e2745a,0.1,false,false,near_mint,en,USD,2024-04-16T20:26:28.312Z
Library,binder,"Elrond, Lord of Rivendell",LTR,The Lord of the Rings: Tales of Middle-earth,49,normal,uncommon,4,83369,a62a5e55-fa1b-4c70-9293-740dd513d52e,0.04,false,false,near_mint,en,USD,2024-04-16T20:26:28.312Z
Library,binder,Horses of the Bruinen,LTR,The Lord of the Rings: Tales of Middle-earth,55,normal,uncommon,5,83659,f7725dc2-2654-4ffb-b6b3-510ae64ec6af,0.03,false,false,near_mint,en,USD,2024-04-16T20:26:28.312Z
Library,binder,Ent-Draught Basin,LTR,The Lord of the Rings: Tales of Middle-earth,238,normal,uncommon,5,82875,1500126f-fbe4-4c39-bb06-1a36e2c4682f,0.01,false,false,near_mint,en,USD,2024-04-16T20:26:28.312Z
Library,binder,Pippin's Bravery,LTR,The Lord of the Rings: Tales of Middle-earth,414,normal,common,6,82841,08dc9616-83e5-451f-aaa8-d0c81802fa13,0.1,false,false,near_mint,en,USD,2024-04-16T20:26:28.312Z
Library,binder,"Éowyn, Fearless Knight",LTR,The Lord of the Rings: Tales of Middle-earth,201,normal,rare,1,83391,adffb389-c9a3-41c4-b078-292a2bcf870d,1.05,false,false,near_mint,en,USD,2024-04-16T20:26:28.312Z
Library,binder,Memorial to Genius,C21,Commander 2021,301,normal,uncommon,1,58521,1d96dd97-ce88-4576-8261-c7866a06275d,0.06,false,false,near_mint,en,USD,2024-04-16T20:26:28.312Z
Library,binder,Storm of Saruman,LTR,The Lord of the Rings: Tales of Middle-earth,72,normal,mythic,1,83078,52884e67-c742-4799-9afd-55bc70b2cf40,2.0,false,false,near_mint,en,USD,2024-04-16T20:26:28.312Z
Library,binder,Dúnedain Rangers,LTR,The Lord of the Rings: Tales of Middle-earth,159,normal,uncommon,4,83133,630e1e36-2f5d-44d4-9ff2-19ae75295016,0.11,false,false,near_mint,en,USD,2024-04-16T20:26:28.312Z
Library,binder,Dúnedain Blade,LTR,The Lord of the Rings: Tales of Middle-earth,6,normal,common,5,83014,3d5f92bf-e4e7-487a-834c-964fdd6ad674,0.09,false,false,near_mint,en,USD,2024-04-16T20:26:28.312Z
Library,binder,Entish Restoration,LTR,The Lord of the Rings: Tales of Middle-earth,163,foil,uncommon,1,83513,cd4dbf80-187b-40e3-9e0b-526f78d9a34e,4.08,false,false,near_mint,en,USD,2024-04-16T20:26:28.312Z
Library,binder,Eastfarthing Farmer,LTR,The Lord of the Rings: Tales of Middle-earth,8,normal,common,4,82944,26bb65ba-d605-4b79-a700-4a08ec5a90b4,0.03,false,false,near_mint,en,USD,2024-04-16T20:26:28.312Z
Library,binder,East-Mark Cavalier,LTR,The Lord of the Rings: Tales of Middle-earth,9,normal,common,5,83337,9be412c0-45d4-4856-a8cf-63a5a822dc5c,0.02,false,false,near_mint,en,USD,2024-04-16T20:26:28.312Z
Library,binder,Stew the Coneys,LTR,The Lord of the Rings: Tales of Middle-earth,189,normal,uncommon,3,83455,bcc7c41c-f416-457e-91ba-1f338f45eeac,0.03,false,false,near_mint,en,USD,2024-04-16T20:26:28.312Z
Library,binder,"Gollum, Patient Plotter",LTR,The Lord of the Rings: Tales of Middle-earth,309,normal,uncommon,3,83375,a881aa61-fc7c-4ffb-a129-f75be8b2e498,0.16,false,false,near_mint,en,USD,2024-04-16T20:26:28.312Z
Library,binder,Grey Havens Navigator,LTR,The Lord of the Rings: Tales of Middle-earth,53,foil,common,1,83068,4dd89994-bdff-47ca-a65d-10afcc7e773e,0.05,false,false,near_mint,en,USD,2024-04-16T20:26:28.312Z
Library,binder,Forest,LTR,The Lord of the Rings: Tales of Middle-earth,280,normal,common,5,82964,2f5b488e-d725-4ef7-90f4-71091325c0b6,0.58,false,false,near_mint,en,USD,2024-04-16T20:26:28.312Z
Library,binder,Fog on the Barrow-Downs,LTR,The Lord of the Rings: Tales of Middle-earth,16,normal,common,5,83446,bb0cda3a-20d7-425a-89fe-b0a3cd7ced03,0.03,false,false,near_mint,en,USD,2024-04-16T20:26:28.312Z
Library,binder,Soldier of the Grey Host,LTR,The Lord of the Rings: Tales of Middle-earth,32,normal,common,5,83429,b79999df-af8c-4724-9631-20eee5a00e49,0.02,false,false,near_mint,en,USD,2024-04-16T20:26:28.312Z
Library,binder,Eagles of the North,LTR,The Lord of the Rings: Tales of Middle-earth,7,normal,common,5,83470,c1bd3bc0-77bd-40fe-b4f1-835a04cb6e41,0.08,false,false,near_mint,en,USD,2024-04-16T20:26:28.312Z
Library,binder,Lost Isle Calling,LTR,The Lord of the Rings: Tales of Middle-earth,61,normal,rare,1,83211,7b744230-8127-4d4f-9d40-75e7c2aab77c,0.12,false,false,near_mint,en,USD,2024-04-16T20:26:28.312Z
Library,binder,Swamp,LTR,The Lord of the Rings: Tales of Middle-earth,276,normal,common,4,83333,9b5f68bc-1842-4efd-b85a-d897cfd63bde,0.59,false,false,near_mint,en,USD,2024-04-16T20:26:28.312Z
Library,binder,Warbeast of Gorgoroth,LTR,The Lord of the Rings: Tales of Middle-earth,152,normal,common,4,83112,5eeecb9e-fbde-429b-b3da-18a4dbadf6de,0.11,false,false,near_mint,en,USD,2024-04-16T20:26:28.312Z
Library,binder,Arwen Undómiel,LTR,The Lord of the Rings: Tales of Middle-earth,194,normal,uncommon,4,83484,c544e301-13b4-4dec-b65c-d54809bb7736,0.11,false,false,near_mint,en,USD,2024-04-16T20:26:28.312Z
Library,binder,Celeborn the Wise,LTR,The Lord of the Rings: Tales of Middle-earth,156,normal,uncommon,5,82959,2daf449a-5f3e-44fd-968e-55d8517ae797,0.09,false,false,near_mint,en,USD,2024-04-16T20:26:28.312Z
Library,binder,"Saradoc, Master of Buckland",LTR,The Lord of the Rings: Tales of Middle-earth,282,normal,rare,3,83372,a65a1fb5-cc2c-4556-b109-05c3d966ded9,0.25,false,false,near_mint,en,USD,2024-04-16T20:26:28.312Z
Library,binder,Galadhrim Guide,LTR,The Lord of the Rings: Tales of Middle-earth,168,foil,common,1,83642,f4603f59-f899-4caf-a874-bf234d2045fb,0.04,false,false,near_mint,en,USD,2024-04-16T20:26:28.312Z
Library,binder,"Sauron, the Necromancer",LTR,The Lord of the Rings: Tales of Middle-earth,106,normal,rare,1,82994,377d65d8-21c8-4292-97db-610e0173ba59,0.27,false,false,near_mint,en,USD,2024-04-16T20:26:28.312Z
Library,binder,Plains,LTR,The Lord of the Rings: Tales of Middle-earth,273,normal,common,3,83254,8538a97f-302d-468a-8a6c-50c800d614e5,0.57,false,false,near_mint,en,USD,2024-04-16T20:26:28.312Z
Library,binder,Morgul-Knife Wound,LTR,The Lord of the Rings: Tales of Middle-earth,98,foil,common,1,83102,5ae08177-48ee-4404-834d-d3cd7482ae81,0.06,false,false,near_mint,en,USD,2024-04-16T20:26:28.312Z
Library,binder,Shire Shirriff,LTR,The Lord of the Rings: Tales of Middle-earth,30,normal,uncommon,5,83039,444b687f-2571-4c55-a497-d24b9e18bc0f,0.02,false,false,near_mint,en,USD,2024-04-16T20:26:28.312Z
Library,binder,Westfold Rider,LTR,The Lord of the Rings: Tales of Middle-earth,37,normal,common,5,83187,71ed2e4b-c732-472a-a589-f1f53086d9ee,0.07,false,false,near_mint,en,USD,2024-04-16T20:26:28.312Z
Library,binder,Knights of Dol Amroth,LTR,The Lord of the Rings: Tales of Middle-earth,59,normal,common,5,83146,661338ff-a192-4007-a144-63d00f2e9ecb,0.11,false,false,near_mint,en,USD,2024-04-16T20:26:28.312Z
Library,binder,Esquire of the King,LTR,The Lord of the Rings: Tales of Middle-earth,13,normal,common,6,83503,caa6dded-ab08-43d0-b2fb-008854582cba,0.02,false,false,near_mint,en,USD,2024-04-16T20:26:28.312Z
Library,binder,Generous Ent,LTR,The Lord of the Rings: Tales of Middle-earth,169,normal,common,4,83258,85d22d5d-3875-42ff-b51e-c6e21db201f5,0.27,false,false,near_mint,en,USD,2024-04-16T20:26:28.312Z
Library,binder,Forest,LTR,The Lord of the Rings: Tales of Middle-earth,271,foil,common,2,82833,07264de1-4322-4adb-8f08-c0aa236747c7,0.15,false,false,near_mint,en,USD,2024-04-16T20:37:25.604Z
Library,binder,Mordor Muster,LTR,The Lord of the Rings: Tales of Middle-earth,96,normal,common,6,83385,aae2f15a-0629-453e-992c-a199af194a3c,0.09,false,false,near_mint,en,USD,2024-04-16T20:37:25.604Z
Library,binder,Peregrin Took,LTR,The Lord of the Rings: Tales of Middle-earth,315,normal,uncommon,3,83673,fbbdd288-83ec-4be9-b55f-17771fd5ecc4,0.07,false,false,near_mint,en,USD,2024-04-16T20:37:25.604Z
Library,binder,Kaldra Compleat,MH2,Modern Horizons 2,227,normal,mythic,1,59657,87cc2855-6b14-44dd-a398-7dc2bbae081f,3.03,false,false,near_mint,en,USD,2024-04-16T20:37:25.604Z
Library,binder,Forest,LTR,The Lord of the Rings: Tales of Middle-earth,281,foil,common,2,83018,3efeaa30-9db9-4e68-a658-9064d6e67516,0.81,false,false,near_mint,en,USD,2024-04-16T20:37:25.604Z
Library,binder,"Glorfindel, Dauntless Rescuer",LTR,The Lord of the Rings: Tales of Middle-earth,171,normal,uncommon,7,83444,baf7a546-8a8b-4396-ab64-9a5b9abffe79,0.03,false,false,near_mint,en,USD,2024-04-16T20:37:25.604Z
Library,binder,"Gimli, Counter of Kills",LTR,The Lord of the Rings: Tales of Middle-earth,312,normal,uncommon,4,83426,b72c5bd1-cca1-4735-b4fc-7a5182fb8cd6,0.11,false,false,near_mint,en,USD,2024-04-16T20:37:25.604Z
Library,binder,Eastfarthing Farmer,LTR,The Lord of the Rings: Tales of Middle-earth,8,foil,common,1,82944,26bb65ba-d605-4b79-a700-4a08ec5a90b4,0.06,false,false,near_mint,en,USD,2024-04-16T20:37:25.604Z
Library,binder,"Gimli, Mournful Avenger",LTR,The Lord of the Rings: Tales of Middle-earth,323,normal,rare,1,83192,72778dc1-0d93-4ba8-a194-51df78d4beba,0.19,false,false,near_mint,en,USD,2024-04-16T20:37:25.604Z
Library,binder,Breaking of the Fellowship,LTR,The Lord of the Rings: Tales of Middle-earth,117,normal,common,4,82865,130f60d0-4fac-4e4e-a938-58f3b96e5335,0.05,false,false,near_mint,en,USD,2024-04-16T20:37:25.604Z
Library,binder,Galadriel of Lothlórien,LTR,The Lord of the Rings: Tales of Middle-earth,206,normal,rare,1,83373,a6e5c3b3-9a70-4a1c-bfb3-db27e51c4b8d,0.25,false,false,near_mint,en,USD,2024-04-16T20:37:25.604Z
Library,binder,Lost Isle Calling,LTR,The Lord of the Rings: Tales of Middle-earth,444,foil,rare,1,83670,fab613e1-390c-4581-9c3e-4c4b26464d10,0.3,false,false,near_mint,en,USD,2024-04-16T20:37:25.604Z
Library,binder,Forest,LTR,The Lord of the Rings: Tales of Middle-earth,270,foil,common,2,83507,cbe793e4-c034-4a22-929d-d743c0255bf1,0.1,false,false,near_mint,en,USD,2024-04-16T20:37:25.604Z
Library,binder,Cast into the Fire,LTR,The Lord of the Rings: Tales of Middle-earth,118,foil,common,2,82962,2ef878cb-27b6-47d8-ad11-bd20529b0e7e,1.39,false,false,near_mint,en,USD,2024-04-16T20:37:25.604Z
Library,binder,"Elrond, Lord of Rivendell",LTR,The Lord of the Rings: Tales of Middle-earth,49,foil,uncommon,1,83369,a62a5e55-fa1b-4c70-9293-740dd513d52e,0.2,false,false,near_mint,en,USD,2024-04-16T20:37:25.604Z
Library,binder,Laboratory Maniac,UMA,Ultimate Masters,61,normal,uncommon,1,43438,608567fd-9f94-4058-831a-77cb6019ef02,4.91,false,false,near_mint,en,USD,2024-04-16T20:37:25.604Z
Library,binder,Ithilien Kingfisher,LTR,The Lord of the Rings: Tales of Middle-earth,58,normal,common,4,83158,68c29762-6859-4564-9e1d-a87fa63b951a,0.02,false,false,near_mint,en,USD,2024-04-16T20:37:25.604Z
Library,binder,Dunland Crebain,LTR,The Lord of the Rings: Tales of Middle-earth,82,normal,common,4,83160,695c05ab-e46e-46c7-bd2e-ef0b2307e449,0.03,false,false,near_mint,en,USD,2024-04-16T20:37:25.604Z
Library,binder,March from the Black Gate,LTR,The Lord of the Rings: Tales of Middle-earth,94,normal,uncommon,4,82810,e57815d4-b21f-4ceb-a3f1-73cff5f0e612,0.07,false,false,near_mint,en,USD,2024-04-16T20:37:25.604Z
Library,binder,Voracious Fell Beast,LTR,The Lord of the Rings: Tales of Middle-earth,422,normal,uncommon,1,83542,d6ce6be0-ebfe-4d50-87c6-8c1fc7536f1f,0.2,false,false,near_mint,en,USD,2024-04-16T20:37:25.604Z
Library,binder,The Bath Song,LTR,The Lord of the Rings: Tales of Middle-earth,40,foil,uncommon,1,83671,fb11c04f-6f17-4da4-bbf6-0bd09de6e544,0.15,false,false,near_mint,en,USD,2024-04-16T20:37:25.604Z
Library,binder,"Gandalf, Friend of the Shire",LTR,The Lord of the Rings: Tales of Middle-earth,308,normal,uncommon,3,83615,eae80537-f355-4aa3-8952-b08f3d1a1e41,0.05,false,false,near_mint,en,USD,2024-04-16T20:37:25.604Z
Library,binder,Forest,LTR,The Lord of the Rings: Tales of Middle-earth,270,normal,common,4,83507,cbe793e4-c034-4a22-929d-d743c0255bf1,0.14,false,false,near_mint,en,USD,2024-04-16T20:37:25.604Z
Library,binder,Shire Scarecrow,LTR,The Lord of the Rings: Tales of Middle-earth,249,normal,common,4,83421,b60b4f2e-ff47-4762-a803-30e81b665c09,0.05,false,false,near_mint,en,USD,2024-04-16T20:37:25.604Z
Library,binder,Brandywine Farmer,LTR,The Lord of the Rings: Tales of Middle-earth,155,normal,common,4,82904,1c24b5fa-506d-4eaf-881b-bc282c74a16c,0.01,false,false,near_mint,en,USD,2024-04-16T20:37:25.604Z
Library,binder,Ranger's Firebrand,LTR,The Lord of the Rings: Tales of Middle-earth,143,normal,uncommon,5,82831,06541200-fa4c-4b98-bdc4-44708fd2ddf6,0.11,false,false,near_mint,en,USD,2024-04-16T20:37:25.604Z
Library,binder,"Denethor, Ruling Steward",LTR,The Lord of the Rings: Tales of Middle-earth,198,foil,uncommon,1,83669,fa8654cf-431c-427b-b78f-0e48f6007e9e,0.24,false,false,near_mint,en,USD,2024-04-16T20:37:25.604Z
Library,binder,Dwarven Grunt,ODY,Odyssey,185,normal,common,1,31992,6f00d726-4289-48ff-8c14-6a5080a00fda,0.27,false,false,near_mint,en,USD,2024-04-16T20:37:25.604Z
Library,binder,"Gollum, Patient Plotter",LTR,The Lord of the Rings: Tales of Middle-earth,84,foil,uncommon,1,83069,4ddda7d4-0226-404f-8418-f1f5720dcef8,0.15,false,false,near_mint,en,USD,2024-04-16T20:37:25.604Z
Library,binder,Plains,LTR,The Lord of the Rings: Tales of Middle-earth,263,normal,common,3,83106,5bb495cc-9908-455e-bec9-3993d595f4f9,0.06,false,false,near_mint,en,USD,2024-04-16T20:37:25.604Z
Library,binder,Forest,LTR,The Lord of the Rings: Tales of Middle-earth,281,normal,common,4,83018,3efeaa30-9db9-4e68-a658-9064d6e67516,0.68,false,false,near_mint,en,USD,2024-04-16T20:37:25.604Z
Library,binder,Barrow-Blade,LTR,The Lord of the Rings: Tales of Middle-earth,237,normal,uncommon,4,83629,f0eb7284-78a5-4b5e-8f6d-6be540e0bef8,0.14,false,false,near_mint,en,USD,2024-04-16T20:37:25.604Z
Library,binder,"Gollum, Patient Plotter",LTR,The Lord of the Rings: Tales of Middle-earth,84,normal,uncommon,1,83069,4ddda7d4-0226-404f-8418-f1f5720dcef8,0.12,false,false,near_mint,en,USD,2024-04-16T20:37:25.604Z
Library,binder,"Legolas, Counter of Kills",LTR,The Lord of the Rings: Tales of Middle-earth,212,normal,uncommon,5,83496,c8bd408c-9e6d-436d-9c4f-9ef3203aeb64,0.12,false,false,near_mint,en,USD,2024-04-16T20:37:25.604Z
Library,binder,"Gothmog, Morgul Lieutenant",LTR,The Lord of the Rings: Tales of Middle-earth,87,normal,uncommon,6,83353,a1c10e93-88eb-46b9-8adc-583661807990,0.04,false,false,near_mint,en,USD,2024-04-16T20:37:25.604Z
Library,binder,"Sting, the Glinting Dagger",LTR,The Lord of the Rings: Tales of Middle-earth,250,normal,rare,1,83396,afbec7e7-f5b9-407e-bf96-2e088710e791,1.68,false,false,near_mint,en,USD,2024-04-16T20:43:59.787Z
Library,binder,Swamp,LTR,The Lord of the Rings: Tales of Middle-earth,277,foil,common,1,83535,d412d727-4fe8-4c21-a2cb-609395935dd8,0.96,false,false,near_mint,en,USD,2024-04-16T20:43:59.787Z
Library,binder,Mordor Trebuchet,LTR,The Lord of the Rings: Tales of Middle-earth,97,normal,common,2,83140,648bc8ae-1798-4c2f-a372-0487a90ba4d3,0.02,false,false,near_mint,en,USD,2024-04-16T20:43:59.787Z
Library,binder,Rush the Room,LTR,The Lord of the Rings: Tales of Middle-earth,147,normal,common,3,83646,f525b727-acde-427b-9c33-20964e8cf613,0.04,false,false,near_mint,en,USD,2024-04-16T20:43:59.787Z
Library,binder,Easterling Vanguard,LTR,The Lord of the Rings: Tales of Middle-earth,83,normal,common,3,83607,e860dd40-07c5-47c3-92a8-1ee95a953c2f,0.03,false,false,near_mint,en,USD,2024-04-16T20:43:59.787Z
Library,binder,"Butterbur, Bree Innkeeper",LTR,The Lord of the Rings: Tales of Middle-earth,197,normal,uncommon,4,83640,f3fd9ff1-278b-4e6a-b30b-90250d8b5762,0.03,false,false,near_mint,en,USD,2024-04-16T20:43:59.787Z
Library,binder,Rosie Cotton of South Lane,LTR,The Lord of the Rings: Tales of Middle-earth,27,normal,uncommon,4,83198,75338f49-1f02-4333-87e4-5779ef14e688,0.12,false,false,near_mint,en,USD,2024-04-16T20:43:59.787Z
Library,binder,Elephant Grass,VIS,Visions,104,normal,uncommon,1,38069,f4c1f5a7-0d28-43ab-9b66-937e963f42cd,1.04,false,false,near_mint,en,USD,2024-04-16T20:43:59.787Z
Library,binder,Mirkwood Bats,LTR,The Lord of the Rings: Tales of Middle-earth,95,normal,common,4,82881,15f035df-784a-4dc8-b7f5-77139a4e6e99,0.53,false,false,near_mint,en,USD,2024-04-16T20:43:59.787Z
Library,binder,"Grond, the Gatebreaker",LTR,The Lord of the Rings: Tales of Middle-earth,89,normal,uncommon,5,83056,4bc61b28-afdd-4de9-829b-ffe5ca7c7f19,0.11,false,false,near_mint,en,USD,2024-04-16T20:43:59.787Z
Library,binder,Goblin Fireleaper,LTR,The Lord of the Rings: Tales of Middle-earth,133,normal,uncommon,4,83620,ec120dae-8c40-4053-9341-1f7774464634,0.03,false,false,near_mint,en,USD,2024-04-16T20:43:59.787Z
Library,binder,Baneslayer Aspirant,CMB2,Mystery Booster Playtest Cards 2021,3,normal,rare,1,61136,0e0855fe-55b4-4bba-9313-1aac558ccb97,0.09,false,false,near_mint,en,USD,2024-04-16T20:43:59.787Z
Library,binder,Foray of Orcs,LTR,The Lord of the Rings: Tales of Middle-earth,128,normal,uncommon,3,83116,5fea0c66-c776-4dc7-a235-f3822521cacd,0.04,false,false,near_mint,en,USD,2024-04-16T20:43:59.787Z
Library,binder,Rosie Cotton of South Lane,LTR,The Lord of the Rings: Tales of Middle-earth,27,foil,uncommon,1,83198,75338f49-1f02-4333-87e4-5779ef14e688,0.22,false,false,near_mint,en,USD,2024-04-16T20:43:59.787Z
Library,binder,Gollum's Bite,LTR,The Lord of the Rings: Tales of Middle-earth,85,normal,uncommon,2,82900,1b1e790e-ff82-4888-8aee-9986c646241a,0.09,false,false,near_mint,en,USD,2024-04-16T20:43:59.787Z
Library,binder,Meriadoc Brandybuck,LTR,The Lord of the Rings: Tales of Middle-earth,314,normal,uncommon,3,83680,ff7cea33-4d46-450a-a54e-b8d70910eee8,0.25,false,false,near_mint,en,USD,2024-04-16T20:43:59.787Z
Library,binder,Assault on Osgiliath,LTR,The Lord of the Rings: Tales of Middle-earth,285,normal,rare,1,82934,2549b70a-6bd0-4c9b-96b7-4ab775a30cd3,0.3,false,false,near_mint,en,USD,2024-04-16T20:43:59.787Z
Library,binder,Plains,LTR,The Lord of the Rings: Tales of Middle-earth,272,normal,common,3,83073,4ff9fbf5-de6f-4ef9-a6ab-56da4b341b77,0.49,false,false,near_mint,en,USD,2024-04-16T20:43:59.787Z
Library,binder,Quarrel's End,LTR,The Lord of the Rings: Tales of Middle-earth,141,normal,common,4,83101,5a7e61a6-c602-4089-ae45-828d8e516a63,0.1,false,false,near_mint,en,USD,2024-04-16T20:43:59.787Z
Library,binder,Banish from Edoras,LTR,The Lord of the Rings: Tales of Middle-earth,1,normal,common,4,83363,a4410076-e1fe-45f3-a0ca-a91ab0133ff4,0.1,false,false,near_mint,en,USD,2024-04-16T20:43:59.787Z
Library,binder,Bewitching Leechcraft,LTR,The Lord of the Rings: Tales of Middle-earth,41,normal,common,4,83422,b612452e-b8a8-4a5a-82a8-01fd463cfc77,0.11,false,false,near_mint,en,USD,2024-04-16T20:43:59.787Z
Library,binder,Morgul-Knife Wound,LTR,The Lord of the Rings: Tales of Middle-earth,98,normal,common,4,83102,5ae08177-48ee-4404-834d-d3cd7482ae81,0.1,false,false,near_mint,en,USD,2024-04-16T20:43:59.787Z
Library,binder,Gift of Strands,LTR,The Lord of the Rings: Tales of Middle-earth,170,normal,uncommon,5,83277,8c54ee0c-1432-4f20-9a92-2cdfcbab30ac,0.09,false,false,near_mint,en,USD,2024-04-16T20:43:59.787Z
Library,binder,"Elrond, Lord of Rivendell",LTR,The Lord of the Rings: Tales of Middle-earth,307,normal,uncommon,2,82968,308465a9-2143-49f2-b9d0-a09272dd1b62,0.01,false,false,near_mint,en,USD,2024-04-16T20:43:59.787Z
Library,binder,Peregrin Took,LTR,The Lord of the Rings: Tales of Middle-earth,315,foil,uncommon,2,83673,fbbdd288-83ec-4be9-b55f-17771fd5ecc4,0.36,false,false,near_mint,en,USD,2024-04-16T20:43:59.787Z
Library,binder,"Bill Ferny, Bree Swindler",LTR,The Lord of the Rings: Tales of Middle-earth,42,normal,uncommon,3,82919,20ac63cb-fa4d-4340-8062-1029c8bd5ec8,0.03,false,false,near_mint,en,USD,2024-04-16T20:43:59.787Z
Library,binder,Prince Imrahil the Fair,LTR,The Lord of the Rings: Tales of Middle-earth,431,normal,uncommon,3,83349,a0c9c814-df6b-4b54-a233-9bed31009bed,0.15,false,false,near_mint,en,USD,2024-04-16T20:43:59.787Z
Library,binder,Nimble Hobbit,LTR,The Lord of the Rings: Tales of Middle-earth,23,normal,common,4,83479,c4cd0756-7bf3-4cb6-9687-1f9346b0bb92,0.01,false,false,near_mint,en,USD,2024-04-16T20:43:59.787Z
Library,binder,Many Partings,LTR,The Lord of the Rings: Tales of Middle-earth,176,foil,common,1,83528,d179dbbe-9c79-4dbc-955a-5209a3e2745a,0.21,false,false,near_mint,en,USD,2024-04-16T20:51:23.417Z
Library,binder,Island,LTR,The Lord of the Rings: Tales of Middle-earth,264,foil,common,2,83451,bbeca27a-6c5b-40b9-83a4-a3a2096ff6f8,0.08,false,false,near_mint,en,USD,2024-04-16T20:51:23.417Z
Library,binder,Book of Mazarbul,LTR,The Lord of the Rings: Tales of Middle-earth,116,foil,uncommon,1,82829,04dcef75-6f98-4233-ae32-6fe41724c8e0,0.21,false,false,near_mint,en,USD,2024-04-16T20:51:23.417Z
Library,binder,Mines of Moria,LTR,The Lord of the Rings: Tales of Middle-earth,342,normal,rare,1,82911,1d6cbb58-8c82-49b5-ae9c-f3baaa8bcc22,0.82,false,false,near_mint,en,USD,2024-04-16T20:51:23.417Z
Library,binder,Erebor Flamesmith,LTR,The Lord of the Rings: Tales of Middle-earth,122,normal,common,4,83086,552730c5-e3a6-468f-91b2-82c272dda400,0.25,false,false,near_mint,en,USD,2024-04-16T20:51:23.417Z
Library,binder,Bag End Porter,LTR,The Lord of the Rings: Tales of Middle-earth,153,normal,common,4,83427,b7557170-39a2-49df-823e-958c3eb34801,0.1,false,false,near_mint,en,USD,2024-04-16T20:51:23.417Z
Library,binder,"Boromir, Warden of the Tower",LTR,The Lord of the Rings: Tales of Middle-earth,4,normal,rare,1,83652,f6bc3720-2892-4dda-8f30-079a1ac8e1e2,3.09,false,false,near_mint,en,USD,2024-04-16T20:51:23.417Z
Library,binder,Fall of Gil-galad,LTR,The Lord of the Rings: Tales of Middle-earth,165,foil,rare,1,83672,fbaab2c0-ea18-4b2f-b75b-506cbbea97e1,0.37,false,false,near_mint,en,USD,2024-04-16T20:51:23.417Z
Library,binder,Gaea's Embrace,USG,Urza's Saga,255,normal,uncommon,1,35713,cce99456-d7cc-480f-b283-0ba063c89e0a,0.44,false,false,near_mint,en,USD,2024-04-16T20:51:23.417Z
Library,binder,Slip On the Ring,LTR,The Lord of the Rings: Tales of Middle-earth,31,foil,common,1,82961,2e20c2b8-ffe3-4d14-8588-f89719358e3d,0.21,false,false,near_mint,en,USD,2024-04-16T20:51:23.417Z
Library,binder,Dunland Crebain,LTR,The Lord of the Rings: Tales of Middle-earth,82,foil,common,1,83160,695c05ab-e46e-46c7-bd2e-ef0b2307e449,0.09,false,false,near_mint,en,USD,2024-04-16T20:51:23.417Z
Library,binder,Soldier of the Grey Host,LTR,The Lord of the Rings: Tales of Middle-earth,32,foil,common,1,83429,b79999df-af8c-4724-9631-20eee5a00e49,0.04,false,false,near_mint,en,USD,2024-04-16T20:51:23.417Z
Library,binder,Gorbag of Minas Morgul,LTR,The Lord of the Rings: Tales of Middle-earth,86,normal,uncommon,3,83097,58aafdb6-1c8c-4fc4-a52e-3e601be7fb0c,0.04,false,false,near_mint,en,USD,2024-04-16T20:51:23.417Z
Library,binder,Shire Shirriff,LTR,The Lord of the Rings: Tales of Middle-earth,441,normal,uncommon,2,82861,11b50fec-28e0-4eaf-9184-73cc7234577f,0.04,false,false,near_mint,en,USD,2024-04-16T20:51:23.417Z
Library,binder,Glamdring,LTR,The Lord of the Rings: Tales of Middle-earth,239,normal,mythic,1,83241,8296ebf7-45ed-4b38-acf2-b48d9fb3e706,0.87,false,false,near_mint,en,USD,2024-04-16T06:00:55.805Z
Library,binder,Knights of Dol Amroth,LTR,The Lord of the Rings: Tales of Middle-earth,432,normal,common,6,82848,0c511371-97d7-47cc-934c-939dfbdd1c0b,0.09,false,false,near_mint,en,USD,2024-04-16T06:00:55.805Z
Library,binder,Gandalf's Sanction,LTR,The Lord of the Rings: Tales of Middle-earth,208,normal,uncommon,6,83286,8ebf2a25-9bee-4146-af83-f22aab6db2a8,0.1,false,false,near_mint,en,USD,2024-04-16T06:13:33.870Z
Library,binder,Nasty End,LTR,The Lord of the Rings: Tales of Middle-earth,99,normal,common,4,83477,c34f88d7-15a1-434f-88d7-3d4fcf406d54,0.06,false,false,near_mint,en,USD,2024-04-16T06:30:31.098Z
Library,binder,Mirkwood Bats,LTR,The Lord of the Rings: Tales of Middle-earth,95,foil,common,1,82881,15f035df-784a-4dc8-b7f5-77139a4e6e99,2.32,false,false,near_mint,en,USD,2024-04-17T05:16:23.360Z
Library,binder,Far Traveler,CLB,Commander Legends: Battle for Baldur's Gate,17,normal,uncommon,1,69294,cabc3688-2362-4757-a5be-087e577c4691,0.09,false,false,near_mint,en,USD,2024-04-17T05:16:23.360Z
Library,binder,"Sam, Loyal Attendant",LTC,Tales of Middle-earth Commander,7,normal,mythic,1,83157,687a2b76-3f05-4732-bd9b-513d06d16300,0.43,false,false,near_mint,en,USD,2024-04-17T05:16:23.360Z
Library,binder,"Gothmog, Morgul Lieutenant",LTR,The Lord of the Rings: Tales of Middle-earth,87,foil,uncommon,2,83353,a1c10e93-88eb-46b9-8adc-583661807990,0.18,false,false,near_mint,en,USD,2024-04-17T05:16:23.360Z
Library,binder,Frodo Baggins,LTR,The Lord of the Rings: Tales of Middle-earth,320,normal,uncommon,3,83196,741a266c-b2e9-4981-93ef-843cea95ca76,0.25,false,false,near_mint,en,USD,2024-04-17T05:16:23.360Z
Library,binder,The Torment of Gollum,LTR,The Lord of the Rings: Tales of Middle-earth,110,normal,common,4,83441,ba2c8c25-1fa9-4cc4-a378-5eccc25bacf0,0.19,false,false,near_mint,en,USD,2024-04-17T05:16:23.360Z
Library,binder,Soothing of Sméagol,LTR,The Lord of the Rings: Tales of Middle-earth,70,normal,common,4,83459,be6400e8-7f99-4005-9a92-ffbc359d3871,0.19,false,false,near_mint,en,USD,2024-04-17T05:16:23.360Z
Library,binder,Rangers of Ithilien,LTR,The Lord of the Rings: Tales of Middle-earth,66,normal,rare,2,83238,819b4208-7a29-41fa-947f-614bf669b300,0.1,false,false,near_mint,en,USD,2024-04-17T05:16:23.360Z
Library,binder,Rise of the Witch-king,LTR,The Lord of the Rings: Tales of Middle-earth,221,foil,uncommon,2,83020,3f440fa1-5387-41d6-a80f-5b19dbb21514,1.64,false,false,near_mint,en,USD,2024-04-17T05:16:23.360Z
Library,binder,"Aragorn, Company Leader",LTR,The Lord of the Rings: Tales of Middle-earth,410,normal,rare,1,83177,6dbb70f9-c8f6-4082-9d63-4efdd6a20527,0.54,false,false,near_mint,en,USD,2024-04-17T05:16:23.360Z
Library,binder,Long List of the Ents,LTR,The Lord of the Rings: Tales of Middle-earth,174,foil,uncommon,1,82946,27347256-2ac4-4b12-b288-0a8d578a1ff2,0.13,false,false,near_mint,en,USD,2024-04-17T05:16:23.360Z
Library,binder,Custodian of the Trove,DTK,Dragons of Tarkir,236,normal,common,1,11578,eb14f061-9506-40fb-b10d-4bada38ca0f7,0.04,false,false,near_mint,en,USD,2024-04-17T05:41:52.227Z
Library,binder,Brain in a Jar,SOI,Shadows over Innistrad,252,foil,rare,1,8744,88ecfcbe-e8db-4f08-aa8b-5b7b3e6c6ce7,3.15,false,false,near_mint,en,USD,2024-04-17T05:42:22.336Z
Library,binder,Expedite,OGW,Oath of the Gatewatch,108,foil,common,1,9274,59c65eb7-4353-45ce-9c2e-1791c2804ccf,3.14,false,false,near_mint,en,USD,2024-04-17T05:43:02.932Z
Library,binder,Mountain,FRF,Fate Reforged,183,normal,common,1,11943,a7d5cb40-7365-492b-a3bc-4a624f78cec4,0.13,false,false,near_mint,en,USD,2024-04-17T05:44:48.471Z
Library,binder,Mountain,DTK,Dragons of Tarkir,260,foil,common,1,11554,d7f613b2-de5b-4592-8d14-5ad373537a21,0.69,false,false,near_mint,en,USD,2024-04-17T05:44:48.471Z
Library,binder,Thunderous Wrath,AVR,Avacyn Restored,160,foil,uncommon,1,18118,daa39826-7f89-41cb-a7fe-7f7be817d5cd,1.92,false,false,near_mint,en,USD,2024-04-17T05:45:15.339Z
Library,binder,Jhessian Thief,ORI,Magic Origins,62,foil,uncommon,1,10880,33b8553d-d326-4280-bc3a-2fffdd377cd2,0.45,false,false,near_mint,en,USD,2024-04-17T05:45:39.999Z
Library,binder,Plated Crusher,BFZ,Battle for Zendikar,183,foil,uncommon,1,10168,cd68e01c-4a09-450b-bfa0-8fbac8721764,0.6,false,false,near_mint,en,USD,2024-04-17T05:45:58.808Z
Library,binder,Vessel of Ephemera,SOI,Shadows over Innistrad,48,foil,common,1,8948,f4051020-688c-473a-9a08-b62f0fd75675,0.21,false,false,near_mint,en,USD,2024-04-17T05:46:33.693Z
Library,binder,Iona's Blessing,OGW,Oath of the Gatewatch,21,foil,uncommon,1,9361,a30f26f7-5181-4bf1-9084-5563b4996a3c,0.3,false,false,near_mint,en,USD,2024-04-17T05:46:56.361Z
Library,binder,Ambush Krotiq,FRF,Fate Reforged,122,normal,common,1,12004,fd3068c6-d403-46d5-b3d7-1c3b00b9a9b1,0.03,false,false,near_mint,en,USD,2024-04-17T05:55:54.894Z
Library,binder,Whisperer of the Wilds,FRF,Fate Reforged,144,normal,common,1,11982,5c66d388-b140-4d52-897a-6ac6cd68f980,0.08,false,false,near_mint,en,USD,2024-04-17T05:55:54.894Z
Library,binder,Embodiment of Insight,OGW,Oath of the Gatewatch,131,normal,uncommon,1,9251,b034a95d-4f51-4f04-94c2-dad073ea0f35,0.11,false,false,near_mint,en,USD,2024-04-17T05:55:54.894Z
Library,binder,Bonds of Mortality,OGW,Oath of the Gatewatch,128,normal,uncommon,1,9254,ff50de00-115f-41ed-892b-aac9bd13b9b9,0.16,false,false,near_mint,en,USD,2024-04-17T05:55:54.894Z
Library,binder,Hinterland Logger // Timber Shredder,SOI,Shadows over Innistrad,210,normal,common,1,8786,14529bed-9632-4d58-8edc-c5a1359f6604,0.06,false,false,near_mint,en,USD,2024-04-17T05:55:54.894Z
Library,binder,Watcher in the Web,SOI,Shadows over Innistrad,239,normal,common,1,8757,be1ee2d4-5992-4081-9907-4bc26750aff0,0.13,false,false,near_mint,en,USD,2024-04-17T05:55:54.894Z
Library,binder,Briarbridge Patrol,SOI,Shadows over Innistrad,195,normal,uncommon,1,8801,f44a017b-40cb-4c15-b9ea-a3ed904e4e49,0.18,false,false,near_mint,en,USD,2024-04-17T05:55:54.894Z
Library,binder,Quilled Wolf,SOI,Shadows over Innistrad,222,normal,common,3,8774,fa1569b5-94ef-4ba5-98c6-f1bd4f73c7d5,0.07,false,false,near_mint,en,USD,2024-04-17T05:55:54.894Z
Library,binder,Seed Guardian,OGW,Oath of the Gatewatch,143,normal,uncommon,2,9239,ba4736b3-d6ce-4a16-bcb7-67780caeb78c,0.07,false,false,near_mint,en,USD,2024-04-17T05:55:54.894Z
Library,binder,Ruin in Their Wake,OGW,Oath of the Gatewatch,122,normal,uncommon,1,9260,5a0ff591-e4d9-4b62-ac9c-7962fd815226,0.07,false,false,near_mint,en,USD,2024-04-17T05:55:54.894Z
Library,binder,Lifespring Druid,BFZ,Battle for Zendikar,177,normal,common,4,10174,a3657719-7d4d-46db-a5f4-699ee2032ebe,0.03,false,false,near_mint,en,USD,2024-04-17T05:55:54.894Z
Library,binder,Earthen Arms,BFZ,Battle for Zendikar,172,normal,common,1,10179,dadc77d8-ef1c-431d-8716-9583f4fad33f,0.02,false,false,near_mint,en,USD,2024-04-17T05:55:54.894Z
Library,binder,Swell of Growth,BFZ,Battle for Zendikar,191,normal,common,3,10160,b06da6fe-57bf-437e-8589-7e57a5881801,0.05,false,false,near_mint,en,USD,2024-04-17T05:55:54.894Z
Library,binder,Scion Summoner,OGW,Oath of the Gatewatch,123,normal,common,2,9259,826a882e-c4bd-4132-b797-9e1aa2d0bce4,0.04,false,false,near_mint,en,USD,2024-04-17T05:55:54.894Z
Library,binder,Cult of the Waxing Moon,SOI,Shadows over Innistrad,201,normal,uncommon,1,8795,d2a13669-4656-476a-8984-ec3d47960907,0.2,false,false,near_mint,en,USD,2024-04-17T05:55:54.894Z
Library,binder,Natural State,OGW,Oath of the Gatewatch,136,normal,common,3,9246,fdd4bdd5-1673-4f22-b593-41df8ce95a97,0.09,false,false,near_mint,en,USD,2024-04-17T05:55:54.894Z
Library,binder,Elemental Uprising,OGW,Oath of the Gatewatch,130,normal,common,2,9252,e194b283-a7d2-4c0a-9ee2-8689a8e911b9,0.02,false,false,near_mint,en,USD,2024-04-17T05:55:54.894Z
Library,binder,Dwynen's Elite,ORI,Magic Origins,173,normal,uncommon,1,10769,c203722b-3f16-4b6c-9b2e-18169d3f80c9,0.17,false,false,near_mint,en,USD,2024-04-17T06:05:58.715Z
Library,binder,Hitchclaw Recluse,ORI,Magic Origins,181,normal,common,1,10761,bf335eac-e57b-44ec-afe2-8aed567469e7,0.08,false,false,near_mint,en,USD,2024-04-17T06:05:58.715Z
Library,binder,Nissa's Pilgrimage,ORI,Magic Origins,190,normal,common,1,10752,800cef89-e90c-4f84-a7a0-3cd203532169,0.25,false,false,near_mint,en,USD,2024-04-17T06:05:58.715Z
Library,binder,Skysnare Spider,ORI,Magic Origins,197,normal,uncommon,1,10745,f1743227-94fd-44c0-884d-fa269bcfd67d,0.24,false,false,near_mint,en,USD,2024-04-17T06:05:58.715Z
Library,binder,Stampeding Elk Herd,DTK,Dragons of Tarkir,208,normal,common,1,11606,7e55e213-6eab-4086-96cd-024de6150fbe,0.04,false,false,near_mint,en,USD,2024-04-17T06:05:58.715Z
Library,binder,Elvish Visionary,ORI,Magic Origins,175,normal,common,2,10767,367ef35a-528b-407c-8b8d-679109662bae,0.08,false,false,near_mint,en,USD,2024-04-17T06:05:58.715Z
Library,binder,Pine Walker,KTK,Khans of Tarkir,143,normal,uncommon,1,13255,93a49d9c-8fe7-494b-9a26-cf4bde71e420,0.11,false,false,near_mint,en,USD,2024-04-17T06:05:58.715Z
Library,binder,Elemental Bond,ORI,Magic Origins,174,normal,uncommon,1,10768,554a8769-c840-4c9d-9959-b075c174457b,6.47,false,false,near_mint,en,USD,2024-04-17T06:05:58.715Z
Library,binder,Tread Upon,DTK,Dragons of Tarkir,211,normal,common,1,11603,87f04d27-f38a-4be2-8eb6-7dd0d3a1ac6d,0.02,false,false,near_mint,en,USD,2024-04-17T06:05:58.715Z
Library,binder,Herdchaser Dragon,DTK,Dragons of Tarkir,190,normal,uncommon,1,11624,5fb84323-b6f7-43ea-baf1-3e29b33b680d,0.16,false,false,near_mint,en,USD,2024-04-17T06:05:58.715Z
Library,binder,Woolly Loxodon,KTK,Khans of Tarkir,158,normal,common,1,13240,a890c55a-8746-4233-b75a-19cc760c1e8e,0.05,false,false,near_mint,en,USD,2024-04-17T06:05:58.715Z
Library,binder,Conclave Naturalists,ORI,Magic Origins,171,normal,uncommon,1,10771,3759fc28-9adb-41ed-851c-566a3a424e09,0.05,false,false,near_mint,en,USD,2024-04-17T06:05:58.715Z
Library,binder,Vine Snare,ORI,Magic Origins,205,normal,common,1,10737,d2241f71-4319-49bf-905a-b6b774ffcb27,0.07,false,false,near_mint,en,USD,2024-04-17T06:05:58.715Z
Library,binder,Aerial Volley,ORI,Magic Origins,168,normal,common,2,10774,c5178301-f766-48d3-af07-6bd6f822c725,0.07,false,false,near_mint,en,USD,2024-04-17T06:05:58.715Z
Library,binder,Scour from Existence,BFZ,Battle for Zendikar,13,normal,common,2,10338,6e47edb2-e43d-479f-a911-e72b67a06c3b,0.12,false,false,near_mint,en,USD,2024-04-17T06:09:39.045Z
Library,binder,Guardians of Meletis,ORI,Magic Origins,228,normal,common,1,10714,2ff39de2-d071-4568-baac-25b505a2da56,0.07,false,false,near_mint,en,USD,2024-04-17T06:09:39.045Z
Library,binder,Slab Hammer,BFZ,Battle for Zendikar,227,normal,uncommon,1,10124,18c64671-9bdd-475f-8def-7575775bf900,0.05,false,false,near_mint,en,USD,2024-04-17T16:28:18.948Z
Library,binder,Veteran's Sidearm,ORI,Magic Origins,242,normal,common,1,10700,9c1b3e7d-0fd8-4324-be7b-382e75ae9c17,0.04,false,false,near_mint,en,USD,2024-04-17T16:28:18.948Z
Library,binder,True-Faith Censer,SOI,Shadows over Innistrad,267,normal,common,2,8729,815eb91c-06fa-4362-803e-e9bf7d374856,0.06,false,false,near_mint,en,USD,2024-04-17T16:28:18.948Z
Library,binder,Runaway Carriage,SOI,Shadows over Innistrad,261,normal,uncommon,1,8735,6c8ce5d3-0184-4cfb-a41d-3d58229b2a5f,0.05,false,false,near_mint,en,USD,2024-04-17T16:28:18.948Z
Library,binder,Neglected Heirloom // Ashmouth Blade,SOI,Shadows over Innistrad,260,normal,uncommon,1,8736,5cc2ac21-d31f-4a0d-956a-dabb6e1f3b5a,0.16,false,false,near_mint,en,USD,2024-04-17T16:28:18.948Z
Library,binder,Pathway Arrows,BFZ,Battle for Zendikar,225,normal,uncommon,1,10126,15b98611-a6f7-498c-87e3-893a3f4b4f73,0.12,false,false,near_mint,en,USD,2024-04-17T16:28:18.948Z
Library,binder,Hedron Blade,BFZ,Battle for Zendikar,224,normal,common,1,10127,87242e1d-babe-4b0d-aa1f-ab62e0bc4ab7,0.05,false,false,near_mint,en,USD,2024-04-17T16:28:18.948Z
Library,binder,Strider Harness,OGW,Oath of the Gatewatch,167,normal,uncommon,1,9215,47c90f49-d1eb-420e-bfb6-b834a496860d,0.04,false,false,near_mint,en,USD,2024-04-17T16:28:18.948Z
Library,binder,Slayer's Plate,SOI,Shadows over Innistrad,264,normal,rare,1,8732,c0810651-0301-46d4-b9d7-c2283ef4031a,0.19,false,false,near_mint,en,USD,2024-04-17T16:28:18.948Z
Library,binder,Captain's Claws,OGW,Oath of the Gatewatch,162,normal,rare,1,9220,521ee576-5a51-4353-af38-c461f05d66ce,0.23,false,false,near_mint,en,USD,2024-04-17T16:28:18.948Z
Library,binder,Topplegeist,SOI,Shadows over Innistrad,45,normal,uncommon,1,8951,ec9e8653-13ae-446c-b341-85c9b3fa6ca8,0.23,false,false,near_mint,en,USD,2024-04-17T16:28:18.948Z
Library,binder,Cathar's Companion,SOI,Shadows over Innistrad,9,normal,common,1,8987,0f4b9943-0fe6-4383-90a0-4a719dcf9499,0.03,false,false,near_mint,en,USD,2024-04-17T16:28:18.948Z
Library,binder,Emissary of the Sleepless,SOI,Shadows over Innistrad,17,normal,common,1,8979,cc5fa496-a830-4031-a19a-d6467d074ad1,0.02,false,false,near_mint,en,USD,2024-04-17T16:28:18.948Z
Library,binder,Gryff's Boon,SOI,Shadows over Innistrad,20,normal,uncommon,1,8976,9d8aecb0-c535-493c-bf64-4964e061deba,0.17,false,false,near_mint,en,USD,2024-04-17T16:28:18.948Z
Library,binder,Devilthorn Fox,SOI,Shadows over Innistrad,14,normal,common,3,8982,57bea4c2-7a15-4f31-938d-c4c906e4ebe7,0.05,false,false,near_mint,en,USD,2024-04-17T16:28:18.948Z
Library,binder,Stoneforge Acolyte,OGW,Oath of the Gatewatch,38,normal,uncommon,1,9344,a5b1ec11-48c3-49d8-9dcd-1da5ffaf9184,0.04,false,false,near_mint,en,USD,2024-04-17T16:28:18.948Z
Library,binder,Expedition Raptor,OGW,Oath of the Gatewatch,18,normal,common,4,9364,819d11eb-960b-4116-ba09-f03bff88b4e7,0.03,false,false,near_mint,en,USD,2024-04-17T16:28:18.948Z
Library,binder,Isolation Zone,OGW,Oath of the Gatewatch,22,normal,common,2,9360,1ca698e3-1249-4a08-be04-bae3bd944e99,0.02,false,false,near_mint,en,USD,2024-04-17T16:28:18.948Z
Library,binder,Steppe Glider,OGW,Oath of the Gatewatch,36,normal,uncommon,1,9346,539dbdfe-3e32-409d-8e1e-aeb0c56656a7,0.03,false,false,near_mint,en,USD,2024-04-17T16:28:18.948Z
Library,binder,Kor Scythemaster,OGW,Oath of the Gatewatch,23,normal,common,5,9359,5ce587ba-f23a-4548-a5b8-fca54984d4b4,0.01,false,false,near_mint,en,USD,2024-04-17T16:28:18.948Z
Library,binder,Grasp of the Hieromancer,ORI,Magic Origins,15,normal,common,1,10927,6a8740d2-7fcf-4bdf-afea-0c28c025370c,0.11,false,false,near_mint,en,USD,2024-04-17T16:28:18.948Z
Library,binder,Unruly Mob,SOI,Shadows over Innistrad,47,normal,common,2,8949,012d76b7-1445-4853-9e54-159154bbb144,0.03,false,false,near_mint,en,USD,2024-04-17T16:28:18.948Z
Library,binder,Inquisitor's Ox,SOI,Shadows over Innistrad,24,normal,common,1,8972,fd1401fe-9e88-401b-96f0-5f58808a519f,0.05,false,false,near_mint,en,USD,2024-04-17T16:28:18.948Z
Library,binder,Paranoid Parish-Blade,SOI,Shadows over Innistrad,33,normal,uncommon,2,8963,16bb6c60-1889-49ed-8767-8144cc5a9571,0.01,false,false,near_mint,en,USD,2024-04-17T16:28:18.948Z
Library,binder,Nahiri's Machinations,SOI,Shadows over Innistrad,28,normal,uncommon,1,8968,a9ba0f1c-8641-4f5a-8f2e-f969fc7a058a,0.12,false,false,near_mint,en,USD,2024-04-17T16:28:18.948Z
Library,binder,Moorland Drifter,SOI,Shadows over Innistrad,27,normal,common,2,8969,5839942c-0ad1-4f77-97a0-142b8ef2266c,0.03,false,false,near_mint,en,USD,2024-04-17T16:28:18.948Z
Library,binder,Skeleton Key,SOI,Shadows over Innistrad,263,normal,uncommon,2,8733,3168317b-b166-483e-9d9a-20cdfcdc255c,0.18,false,false,near_mint,en,USD,2024-04-17T16:28:18.948Z
Library,binder,Explosive Apparatus,SOI,Shadows over Innistrad,255,normal,common,5,8741,e7329a19-2f68-4d2c-a725-e0d862cd234e,0.02,false,false,near_mint,en,USD,2024-04-17T16:28:18.948Z
Library,binder,Survive the Night,SOI,Shadows over Innistrad,41,normal,common,2,8955,5cb4a0bc-196a-466b-a704-377f5c7eb5b7,0.08,false,false,near_mint,en,USD,2024-04-17T16:28:18.948Z
Library,binder,Chitinous Cloak,OGW,Oath of the Gatewatch,163,normal,uncommon,4,9219,15e54603-af67-497f-afe0-88cfa4d00095,0.08,false,false,near_mint,en,USD,2024-04-17T16:28:18.948Z
Library,binder,Thraben Inspector,SOI,Shadows over Innistrad,44,normal,common,3,8952,d140c3b7-ca78-483d-baeb-307b624fea8b,0.24,false,false,near_mint,en,USD,2024-04-17T16:28:18.948Z
Library,binder,Apothecary Geist,SOI,Shadows over Innistrad,4,normal,common,2,8992,37e2358c-211e-4d79-8120-88bb9e656cba,0.05,false,false,near_mint,en,USD,2024-04-17T16:28:18.948Z
Library,binder,Bone Saw,OGW,Oath of the Gatewatch,161,normal,common,3,9221,dc3d19ff-b618-4b07-99a8-ea6e7ee72459,0.04,false,false,near_mint,en,USD,2024-04-17T16:28:18.948Z
Library,binder,Dragonloft Idol,DTK,Dragons of Tarkir,237,normal,uncommon,2,11577,c7463c18-5bef-42a0-a37e-6112809ebc78,0.16,false,false,near_mint,en,USD,2024-04-17T16:28:18.948Z
Library,binder,Cliffside Lookout,BFZ,Battle for Zendikar,20,normal,common,2,10331,8c755ae6-badc-4dc8-bfa6-fdebcb00bfba,0.01,false,false,near_mint,en,USD,2024-04-17T16:35:59.242Z
Library,binder,Affa Protector,OGW,Oath of the Gatewatch,14,normal,common,3,9368,0e54ac79-fbaa-4385-869b-aaf31e33a11f,0.02,false,false,near_mint,en,USD,2024-04-17T16:35:59.242Z
Library,binder,Lithomancer's Focus,BFZ,Battle for Zendikar,38,normal,common,3,10313,dd5a1376-88b3-4bdc-9ce9-e90617e6c55e,0.06,false,false,near_mint,en,USD,2024-04-17T16:35:59.242Z
Library,binder,Encircling Fissure,BFZ,Battle for Zendikar,23,normal,uncommon,1,10328,575da7cb-6715-43df-a7b4-a4ca00216a1d,0.09,false,false,near_mint,en,USD,2024-04-17T16:35:59.242Z
Library,binder,Murder Investigation,ORI,Magic Origins,27,normal,uncommon,1,10915,07d8d6f7-ed22-4e01-9aeb-c6bc0065c89c,0.11,false,false,near_mint,en,USD,2024-04-17T16:35:59.242Z
Library,binder,Student of Ojutai,DTK,Dragons of Tarkir,40,normal,common,1,11774,3d06616c-a0df-4d2d-8bfc-9f59060d323b,0.05,false,false,near_mint,en,USD,2024-04-17T16:35:59.242Z
Library,binder,Totem-Guide Hartebeest,ORI,Magic Origins,37,normal,uncommon,1,10905,589346d3-b32b-40f2-8513-741ceb88bf7b,0.05,false,false,near_mint,en,USD,2024-04-17T16:35:59.242Z
Library,binder,Cleric of the Forward Order,ORI,Magic Origins,10,normal,common,1,10932,cfcea783-e9f0-4d44-ac74-5aee9a07aa69,0.07,false,false,near_mint,en,USD,2024-04-17T16:35:59.242Z
Library,binder,Blessed Spirits,ORI,Magic Origins,7,normal,uncommon,1,10935,150dd602-5f61-4f1e-a422-e64c079de141,0.1,false,false,near_mint,en,USD,2024-04-17T16:35:59.242Z
Library,binder,Kor Castigator,BFZ,Battle for Zendikar,35,normal,common,1,10316,f4db2f0e-d7d4-417b-9b94-5ade727907e9,0.02,false,false,near_mint,en,USD,2024-04-17T16:35:59.242Z
Library,binder,Felidar Cub,BFZ,Battle for Zendikar,25,normal,common,1,10326,ea76a183-e15c-4968-b29d-91c074aa8681,0.09,false,false,near_mint,en,USD,2024-04-17T16:35:59.242Z
Library,binder,Celestial Flare,ORI,Magic Origins,8,normal,common,1,10934,89bb3b06-b33b-4897-882e-75b75790ea02,0.1,false,false,near_mint,en,USD,2024-04-17T16:35:59.242Z
Library,binder,Valor in Akros,ORI,Magic Origins,39,normal,uncommon,1,10903,22fa0acd-84c3-492e-adf7-e7438db47e0a,0.08,false,false,near_mint,en,USD,2024-04-17T16:35:59.242Z
Library,binder,Thunderclap Wyvern,ORI,Magic Origins,218,normal,uncommon,2,10724,dd20971a-11aa-452b-8507-0f48229062a0,0.15,false,false,near_mint,en,USD,2024-04-17T16:35:59.242Z
Library,binder,Makindi Aeronaut,OGW,Oath of the Gatewatch,27,normal,common,4,9355,a35d3113-6cb7-4b74-94a3-8160d9ac1b89,0.07,false,false,near_mint,en,USD,2024-04-17T16:35:59.242Z
Library,binder,Enshrouding Mist,ORI,Magic Origins,13,normal,common,1,10929,b059bd3e-451c-445a-b299-544c82fc0eb9,0.04,false,false,near_mint,en,USD,2024-04-17T16:35:59.242Z
Library,binder,Puncturing Light,SOI,Shadows over Innistrad,35,normal,common,2,8961,5b101264-4994-43b7-9156-228f7d10d2bd,0.04,false,false,near_mint,en,USD,2024-04-17T16:35:59.242Z
Library,binder,Knight of the Pilgrim's Road,ORI,Magic Origins,20,normal,common,2,10922,b9de5f39-b07a-4272-8992-ed971132c9c4,0.01,false,false,near_mint,en,USD,2024-04-17T16:35:59.242Z
Library,binder,Dragon's Eye Sentry,DTK,Dragons of Tarkir,11,normal,common,1,11803,750880cd-59bf-4b67-a2d5-9b66e4d05665,0.06,false,false,near_mint,en,USD,2024-04-17T16:35:59.242Z
Library,binder,Cliffhaven Vampire,OGW,Oath of the Gatewatch,153,normal,uncommon,3,9229,5544247d-1f8f-443f-a4c4-d8461db28a79,0.46,false,false,near_mint,en,USD,2024-04-17T16:35:59.242Z
Library,binder,Serra Angel,W16,Welcome Deck 2016,3,normal,uncommon,1,9096,8752c1db-b924-4dda-8b71-4c254d0ef2de,0.13,false,false,near_mint,en,USD,2024-04-17T16:35:59.242Z
Library,binder,Immolating Glare,OGW,Oath of the Gatewatch,20,normal,uncommon,1,9362,2f468338-bb66-4db0-a883-69095566092b,0.12,false,false,near_mint,en,USD,2024-04-17T16:35:59.242Z
Library,binder,Stone Haven Medic,BFZ,Battle for Zendikar,51,normal,common,2,10300,3956563b-bde3-4aec-93fe-e03bade49458,0.02,false,false,near_mint,en,USD,2024-04-17T16:35:59.242Z
Library,binder,Allied Reinforcements,OGW,Oath of the Gatewatch,15,normal,uncommon,1,9367,fd7d7c93-5622-45ca-9359-110685d9162c,0.06,false,false,near_mint,en,USD,2024-04-17T16:35:59.242Z
Library,binder,Stern Constable,SOI,Shadows over Innistrad,39,normal,common,4,8957,4f0f87d4-5fed-415c-918a-c3546697a3da,0.02,false,false,near_mint,en,USD,2024-04-17T16:35:59.242Z
Library,binder,Militant Inquisitor,SOI,Shadows over Innistrad,26,normal,common,1,8970,68d99f1f-80d6-4b5e-aeae-83fb8ae62cdc,0.02,false,false,near_mint,en,USD,2024-04-17T16:35:59.242Z
Library,binder,Open the Armory,SOI,Shadows over Innistrad,32,normal,uncommon,1,8964,07dc0c44-908f-40e9-9c6a-e1ef699e6d2e,1.13,false,false,near_mint,en,USD,2024-04-17T16:35:59.242Z
Library,binder,Marked by Honor,W16,Welcome Deck 2016,2,normal,common,1,9097,e944e39b-5268-47c0-8b09-2e666315e209,0.08,false,false,near_mint,en,USD,2024-04-17T16:35:59.242Z
Library,binder,Spawnbinder Mage,OGW,Oath of the Gatewatch,35,normal,common,2,9347,5677bd49-69eb-41dc-8e64-2df3b7f5c45f,0.03,false,false,near_mint,en,USD,2024-04-17T16:35:59.242Z
Library,binder,Suppression Bonds,ORI,Magic Origins,34,normal,common,2,10908,d34c717b-224b-4289-826d-f5b1f7c3dbfb,0.04,false,false,near_mint,en,USD,2024-04-17T16:35:59.242Z
Library,binder,Dauntless Cathar,SOI,Shadows over Innistrad,11,normal,common,3,8985,bb1a458a-d3b6-44d9-ac80-a7a46b505805,0.02,false,false,near_mint,en,USD,2024-04-17T16:35:59.242Z
Library,binder,Charging Griffin,ORI,Magic Origins,9,normal,common,4,10933,d86bd259-bc2f-402c-9e7a-030f9a3781e2,0.08,false,false,near_mint,en,USD,2024-04-17T16:35:59.242Z
Library,binder,Shadow Glider,BFZ,Battle for Zendikar,47,normal,common,2,10304,b4ffaf62-2e12-4b1d-a590-f63aacb4a30b,0.01,false,false,near_mint,en,USD,2024-04-17T16:35:59.242Z
Library,binder,Inspired Charge,BFZ,Battle for Zendikar,32,normal,common,4,10319,0b42ef87-8147-4124-9086-0279d42589c9,0.01,false,false,near_mint,en,USD,2024-04-17T16:35:59.242Z
Library,binder,Ondu Greathorn,BFZ,Battle for Zendikar,40,normal,common,4,10311,95d9668e-05dc-41c4-9326-ef4c0e15dd80,0.01,false,false,near_mint,en,USD,2024-04-17T16:35:59.242Z
Library,binder,Gideon's Reproach,BFZ,Battle for Zendikar,30,normal,common,4,10321,453d8ec3-15ae-4851-9efb-161ca2ee6019,0.06,false,false,near_mint,en,USD,2024-04-17T16:35:59.242Z
Library,binder,Smite the Monstrous,BFZ,Battle for Zendikar,49,normal,common,3,10302,766aad27-e987-45ab-82aa-e5f44fcc34ef,0.04,false,false,near_mint,en,USD,2024-04-17T16:35:59.242Z
Library,binder,Yoked Ox,ORI,Magic Origins,42,normal,common,3,10900,431069f2-3eba-42f3-b42d-05a7d066b665,0.03,false,false,near_mint,en,USD,2024-04-17T16:35:59.242Z
Library,binder,Fortified Rampart,BFZ,Battle for Zendikar,27,normal,common,2,10324,5095e2ab-a7f5-45bc-8b2f-31198ea27bba,0.07,false,false,near_mint,en,USD,2024-04-17T16:35:59.242Z
Library,binder,Ethereal Guidance,SOI,Shadows over Innistrad,18,normal,common,5,8978,f47dd220-6193-4e31-a1df-591b6424ad27,0.02,false,false,near_mint,en,USD,2024-04-17T16:35:59.242Z
Library,binder,Inspiring Captain,SOI,Shadows over Innistrad,25,normal,common,3,8971,45704604-a1b3-4225-8466-aa76136c84a8,0.03,false,false,near_mint,en,USD,2024-04-17T16:35:59.242Z
Library,binder,Healing Hands,ORI,Magic Origins,17,normal,common,2,10925,9a26559c-0ac5-42a7-b6ac-b39938c31026,0.05,false,false,near_mint,en,USD,2024-04-17T16:35:59.242Z
Library,binder,Serene Steward,BFZ,Battle for Zendikar,46,normal,uncommon,2,10305,702f5dd4-4dc7-4e2c-a30b-9286499433d8,0.09,false,false,near_mint,en,USD,2024-04-17T16:35:59.242Z
Library,binder,Unified Front,BFZ,Battle for Zendikar,53,normal,uncommon,2,10298,53472387-6909-462e-8183-02fd1d45126e,0.03,false,false,near_mint,en,USD,2024-04-17T16:35:59.242Z
Library,binder,Aven Battle Priest,ORI,Magic Origins,6,normal,common,3,10936,b0060e75-a5a4-4d9a-894c-45bb7e2feffc,0.01,false,false,near_mint,en,USD,2024-04-17T16:35:59.242Z
Library,binder,Roil Spout,BFZ,Battle for Zendikar,219,normal,uncommon,1,10132,ee9fdecc-ba16-4aa2-9c20-7c2942ec143e,0.03,false,false,near_mint,en,USD,2024-04-17T16:56:22.948Z
Library,binder,Drana's Emissary,BFZ,Battle for Zendikar,210,normal,uncommon,1,10141,99e82d47-9bbb-4bf9-a935-2c0b27b64a84,0.25,false,false,near_mint,en,USD,2024-04-17T16:56:22.948Z
Library,binder,Avacynian Missionaries // Lunarch Inquisitors,SOI,Shadows over Innistrad,6,normal,uncommon,1,8990,1001e708-e4f9-456a-8b9d-3421a2a3833d,0.05,false,false,near_mint,en,USD,2024-04-17T16:56:22.948Z
Library,binder,Stasis Snare,BFZ,Battle for Zendikar,50,normal,uncommon,1,10301,ff820544-f4a3-40c4-a48e-84b5e2d06caa,0.08,false,false,near_mint,en,USD,2024-04-17T16:56:22.948Z
Library,binder,Aven Skirmisher,FRF,Fate Reforged,6,normal,common,1,12120,05f7a3b1-4d92-4d32-a823-2e774c6e7e73,0.05,false,false,near_mint,en,USD,2024-04-17T16:56:22.948Z
Library,binder,Abzan Skycaptain,FRF,Fate Reforged,4,normal,common,1,12122,c4195373-e902-4fc3-aead-1f6e728dbbae,0.04,false,false,near_mint,en,USD,2024-04-17T16:56:22.948Z
Library,binder,Town Gossipmonger // Incited Rabble,SOI,Shadows over Innistrad,46,normal,uncommon,1,8950,d238d324-8c88-43ca-b203-133830d29447,0.03,false,false,near_mint,en,USD,2024-04-17T16:56:22.948Z
Library,binder,Courier Griffin,BFZ,Battle for Zendikar,21,normal,common,1,10330,4d3afc71-f5db-45c3-96b2-8454b7f33542,0.05,false,false,near_mint,en,USD,2024-04-17T16:56:22.948Z
Library,binder,Silverstrike,SOI,Shadows over Innistrad,37,normal,uncommon,1,8959,0f27b92a-cde9-41bc-9b23-d83b74b167d4,0.04,false,false,near_mint,en,USD,2024-04-17T16:56:22.948Z
Library,binder,Stalwart Aven,ORI,Magic Origins,32,normal,common,1,10910,bc4dccbe-877a-4c1e-b46c-711d7c45a506,0.03,false,false,near_mint,en,USD,2024-04-17T16:56:22.948Z
Library,binder,Expose Evil,SOI,Shadows over Innistrad,19,normal,common,1,8977,9de0341a-cd45-439c-adc2-8d24c47c4bd5,0.09,false,false,near_mint,en,USD,2024-04-17T16:56:22.948Z
Library,binder,Dazzling Reflection,OGW,Oath of the Gatewatch,17,normal,common,1,9365,f77977e8-25d8-4531-a6fc-8c46e6904670,0.06,false,false,near_mint,en,USD,2024-04-17T16:56:22.948Z
Library,binder,Kor Entanglers,BFZ,Battle for Zendikar,36,normal,uncommon,1,10315,0039ead5-2afa-49d6-ae4a-45ae2118188a,0.04,false,false,near_mint,en,USD,2024-04-17T16:56:22.948Z
Library,binder,Searing Light,OGW,Oath of the Gatewatch,33,normal,common,1,9349,76dadfd8-8492-4c55-827c-cd4e6a40ae97,0.03,false,false,near_mint,en,USD,2024-04-17T16:56:22.948Z
Library,binder,Spectral Shepherd,SOI,Shadows over Innistrad,38,normal,uncommon,1,8958,ac355ae2-7553-4b51-bcce-1c4168dad0d6,0.06,false,false,near_mint,en,USD,2024-04-17T16:56:22.948Z
Library,binder,Chaplain's Blessing,SOI,Shadows over Innistrad,10,normal,common,1,8986,f70ea481-1751-4097-af41-2d13fe79e788,0.1,false,false,near_mint,en,USD,2024-04-17T16:56:22.948Z
Library,binder,Joraga Auxiliary,OGW,Oath of the Gatewatch,154,normal,uncommon,2,9228,65d920b4-81ab-45be-b763-b6114b879357,0.13,false,false,near_mint,en,USD,2024-04-17T16:56:22.948Z
Library,binder,Ghostly Sentinel,BFZ,Battle for Zendikar,28,normal,common,2,10323,de867066-df5c-4412-9d51-56626b6d0220,0.03,false,false,near_mint,en,USD,2024-04-17T16:56:22.948Z
Library,binder,Kor Bladewhirl,BFZ,Battle for Zendikar,34,normal,uncommon,2,10317,e31b12c7-df11-4450-95e1-b9a5aa97af0e,0.04,false,false,near_mint,en,USD,2024-04-17T16:56:22.948Z
Library,binder,Kor Sky Climber,OGW,Oath of the Gatewatch,24,normal,common,3,9358,54938334-ebad-4dde-82e6-8c854aef4a91,0.01,false,false,near_mint,en,USD,2024-04-17T16:56:22.948Z
Library,binder,Bound by Moonsilver,SOI,Shadows over Innistrad,7,normal,uncommon,2,8989,7bdf107d-eb67-421c-a7a9-b3e62e03f766,0.09,false,false,near_mint,en,USD,2024-04-17T16:56:22.948Z
Library,binder,Ondu War Cleric,OGW,Oath of the Gatewatch,31,normal,common,3,9351,9b255d34-04fa-4d3b-9fc1-8f980ef1f054,0.03,false,false,near_mint,en,USD,2024-04-17T16:56:22.948Z
Library,binder,Mighty Leap,OGW,Oath of the Gatewatch,28,normal,common,2,9354,4e25089b-5a5f-4cb5-9261-be6cb6b45b22,0.02,false,false,near_mint,en,USD,2024-04-17T16:56:22.948Z
Library,binder,Shoulder to Shoulder,OGW,Oath of the Gatewatch,34,normal,common,2,9348,49d11865-a1ea-4f2e-b7da-31630c6d0272,0.03,false,false,near_mint,en,USD,2024-04-17T16:56:22.948Z
Library,binder,Karakas,LTC,Tales of Middle-earth Commander,367,foil,mythic,1,83553,d939ad90-b4b6-452d-a318-b8895d185a0c,10.92,false,false,near_mint,en,USD,2024-04-18T20:32:03.354Z
Library,binder,Spiteful Banditry,LTR,The Lord of the Rings: Tales of Middle-earth,439,foil,mythic,1,83647,f564871f-0f17-4196-bd1d-617b6738c87d,4.52,false,false,near_mint,en,USD,2024-04-18T21:36:22.840Z
Library,binder,Phyrexian Vatmother,MBS,Mirrodin Besieged,52,normal,rare,1,20089,f0024556-0317-4c28-83c3-0a6020d72a2b,0.42,false,false,near_mint,en,USD,2024-04-19T01:41:04.782Z
Library,binder,Ancient Spider,PLS,Planeshift,96,normal,rare,1,32855,75ca99de-57e7-47c4-b40a-6e41e3b18069,0.42,false,false,near_mint,en,USD,2024-04-19T01:41:04.782Z
Library,binder,Moria Marauder,LTR,The Lord of the Rings: Tales of Middle-earth,138,normal,rare,2,83637,f33d5394-2248-4654-bec5-33b144752586,0.32,false,false,near_mint,en,USD,2024-04-19T01:50:32.962Z
Library,binder,"Tolsimir, Friend to Wolves",WAR,War of the Spark,224,normal,rare,1,44180,f7fce047-49f1-40ae-8410-6501cb0f8201,0.49,false,false,near_mint,en,USD,2024-04-19T01:50:32.962Z
Library,binder,Barad-dûr,LTR,The Lord of the Rings: Tales of Middle-earth,253,foil,rare,1,83616,eb5038af-06b0-401e-8dea-a1a8483788ae,1.03,false,false,near_mint,en,USD,2024-04-19T01:50:32.962Z
Library,binder,"Shelob, Child of Ungoliant",LTR,The Lord of the Rings: Tales of Middle-earth,230,normal,rare,1,83350,a14c4b29-3363-45ce-9190-0f79e1a0ef7f,0.41,false,false,near_mint,en,USD,2024-04-19T01:52:34.112Z
Library,binder,Tom Bombadil,LTR,The Lord of the Rings: Tales of Middle-earth,234,normal,mythic,1,82954,2ab04c49-76a1-4896-8dca-8cb4c615f489,1.31,false,false,near_mint,en,USD,2024-04-19T01:52:34.112Z
Library,binder,Dawn of a New Age,LTR,The Lord of the Rings: Tales of Middle-earth,5,normal,mythic,1,83505,cb966ee6-bf1b-4bb6-9277-8de6f3918ae2,1.78,false,false,near_mint,en,USD,2024-04-19T01:52:34.112Z
Library,binder,"Aragorn, Company Leader",LTR,The Lord of the Rings: Tales of Middle-earth,191,normal,rare,2,83194,73ca5f48-0117-49d6-8b00-b8482e3545b3,0.17,false,false,near_mint,en,USD,2024-04-19T01:52:34.112Z
Library,binder,"Gimli, Mournful Avenger",LTR,The Lord of the Rings: Tales of Middle-earth,209,normal,rare,1,83579,df4be38c-3f93-4ff4-bff4-94753b96f2f3,0.15,false,false,near_mint,en,USD,2024-04-19T01:52:34.112Z
Library,binder,Forge Anew,LTR,The Lord of the Rings: Tales of Middle-earth,17,normal,rare,1,83088,56274b88-6e3f-4538-bb0c-eb5e52a58ef3,1.79,false,false,near_mint,en,USD,2024-04-19T01:52:34.112Z
Library,binder,"Legolas, Master Archer",LTR,The Lord of the Rings: Tales of Middle-earth,173,normal,rare,3,83379,a9405577-c1dc-48e0-b2aa-6237c569d02e,0.22,false,false,near_mint,en,USD,2024-04-19T01:52:34.112Z
Library,binder,"Aragorn, Company Leader",LTR,The Lord of the Rings: Tales of Middle-earth,316,normal,rare,1,82872,142c3004-fe39-4ca3-bf14-f4af8b20fa80,0.25,false,false,near_mint,en,USD,2024-04-19T01:52:34.112Z
Library,binder,Angelheart Vial,ROE,Rise of the Eldrazi,215,normal,rare,1,21752,4cf1fe7a-eb30-4252-bada-ce3f8096e091,0.36,false,false,near_mint,en,USD,2024-04-19T01:52:34.112Z
Library,binder,Shortcut to Mushrooms,LTR,The Lord of the Rings: Tales of Middle-earth,187,foil,uncommon,1,82870,13bc14f9-c90c-499d-9024-3182d78e0a88,0.11,false,false,near_mint,en,USD,2024-04-19T02:10:49.476Z
Library,binder,Mirrormere Guardian,LTR,The Lord of the Rings: Tales of Middle-earth,179,foil,common,1,83244,8315d7cc-fc2c-45b1-8340-11ff2af3beb5,0.05,false,false,near_mint,en,USD,2024-04-19T02:10:49.476Z
Library,binder,"Quickbeam, Upstart Ent",LTR,The Lord of the Rings: Tales of Middle-earth,183,foil,uncommon,1,83434,b889037f-b95f-4756-80aa-04097d2818c3,0.11,false,false,near_mint,en,USD,2024-04-19T02:10:49.476Z
Library,binder,Mushroom Watchdogs,LTR,The Lord of the Rings: Tales of Middle-earth,180,foil,common,1,83526,d15fd66d-fa7e-411d-9014-a56caa879d93,0.07,false,false,near_mint,en,USD,2024-04-19T02:10:49.476Z
Library,binder,Bombadil's Song,LTR,The Lord of the Rings: Tales of Middle-earth,154,foil,common,1,83137,6391699e-987a-499f-9fec-96f2362760b9,0.11,false,false,near_mint,en,USD,2024-04-19T02:10:49.476Z
Library,binder,"Gandalf, Friend of the Shire",LTR,The Lord of the Rings: Tales of Middle-earth,308,foil,uncommon,1,83615,eae80537-f355-4aa3-8952-b08f3d1a1e41,0.1,false,false,near_mint,en,USD,2024-04-19T02:10:49.476Z
Library,binder,Shower of Arrows,LTR,The Lord of the Rings: Tales of Middle-earth,188,foil,common,1,83300,92cd3884-18d1-4200-b28e-a52349ef37aa,0.13,false,false,near_mint,en,USD,2024-04-19T02:10:49.476Z
Library,binder,"Bill Ferny, Bree Swindler",LTR,The Lord of the Rings: Tales of Middle-earth,42,foil,uncommon,1,82919,20ac63cb-fa4d-4340-8062-1029c8bd5ec8,0.09,false,false,near_mint,en,USD,2024-04-19T02:10:49.476Z
Library,binder,March from the Black Gate,LTR,The Lord of the Rings: Tales of Middle-earth,94,foil,uncommon,1,82810,e57815d4-b21f-4ceb-a3f1-73cff5f0e612,1.68,false,false,near_mint,en,USD,2024-04-19T02:10:49.476Z
Library,binder,Swamp,LTR,The Lord of the Rings: Tales of Middle-earth,266,foil,common,1,82951,2a0fba6e-54d2-498c-83bc-41024307e608,0.06,false,false,near_mint,en,USD,2024-04-19T02:10:49.476Z
Library,binder,"Mauhúr, Uruk-hai Captain",LTR,The Lord of the Rings: Tales of Middle-earth,214,foil,uncommon,1,83145,65e9a757-7ed4-4cc0-bb6f-a59fa69b32a5,0.68,false,false,near_mint,en,USD,2024-04-19T02:10:49.476Z
Library,binder,East-Mark Cavalier,LTR,The Lord of the Rings: Tales of Middle-earth,9,foil,common,1,83337,9be412c0-45d4-4856-a8cf-63a5a822dc5c,0.05,false,false,near_mint,en,USD,2024-04-19T02:10:49.476Z
Library,binder,Isolation at Orthanc,LTR,The Lord of the Rings: Tales of Middle-earth,57,foil,common,1,83084,54b9c323-ac9b-4864-bd57-81b557f44114,0.03,false,false,near_mint,en,USD,2024-04-19T02:10:49.476Z
Library,binder,Willow-Wind,LTR,The Lord of the Rings: Tales of Middle-earth,76,foil,common,1,82844,0adc3bff-0eb1-40e9-b954-5515babd07a3,0.03,false,false,near_mint,en,USD,2024-04-19T02:10:49.476Z
Library,binder,Fire of Orthanc,LTR,The Lord of the Rings: Tales of Middle-earth,127,foil,common,1,83332,9b5871c5-bb94-4803-93ba-cd1a630b00d6,0.04,false,false,near_mint,en,USD,2024-04-19T02:10:49.476Z
Library,binder,Island,LTR,The Lord of the Rings: Tales of Middle-earth,265,foil,common,1,83150,671516eb-b088-4a15-aec9-1781ca016e11,0.1,false,false,near_mint,en,USD,2024-04-19T02:10:49.476Z
Library,binder,Rosie Cotton of South Lane,LTR,The Lord of the Rings: Tales of Middle-earth,440,foil,uncommon,1,83100,5a56cbc2-6fc2-4443-90fe-59acd526f562,0.17,false,false,near_mint,en,USD,2024-04-19T02:10:49.476Z
Library,binder,Esquire of the King,LTR,The Lord of the Rings: Tales of Middle-earth,13,foil,common,1,83503,caa6dded-ab08-43d0-b2fb-008854582cba,0.09,false,false,near_mint,en,USD,2024-04-19T02:10:49.476Z
Library,binder,Plains,LTR,The Lord of the Rings: Tales of Middle-earth,262,foil,common,1,83656,f724ae86-b968-4f49-8267-c2c34c22f1b6,0.08,false,false,near_mint,en,USD,2024-04-19T02:10:49.476Z
Library,binder,The Torment of Gollum,LTR,The Lord of the Rings: Tales of Middle-earth,110,foil,common,1,83441,ba2c8c25-1fa9-4cc4-a378-5eccc25bacf0,0.07,false,false,near_mint,en,USD,2024-04-19T02:10:49.476Z
Library,binder,"Strider, Ranger of the North",LTR,The Lord of the Rings: Tales of Middle-earth,232,foil,uncommon,1,83081,54461d61-a745-467f-9fbe-b5e7a8edbdbf,0.13,false,false,near_mint,en,USD,2024-04-19T02:10:49.476Z
Library,binder,Knights of Dol Amroth,LTR,The Lord of the Rings: Tales of Middle-earth,59,foil,common,1,83146,661338ff-a192-4007-a144-63d00f2e9ecb,0.09,false,false,near_mint,en,USD,2024-04-19T02:10:49.476Z
Library,binder,Mirror of Galadriel,LTR,The Lord of the Rings: Tales of Middle-earth,244,foil,uncommon,1,83454,bc95036f-98f2-4ea7-93bb-542ad7064540,0.19,false,false,near_mint,en,USD,2024-04-19T02:10:49.476Z
Library,binder,Stalwarts of Osgiliath,LTR,The Lord of the Rings: Tales of Middle-earth,33,normal,common,3,82955,2acb8240-8e0e-4adf-a884-4986c116e704,0.14,false,false,near_mint,en,USD,2024-04-19T02:10:49.476Z
Library,binder,Errand-Rider of Gondor,LTR,The Lord of the Rings: Tales of Middle-earth,11,normal,common,3,83534,d3f990e7-54a3-4893-8510-645b2065447b,0.13,false,false,near_mint,en,USD,2024-04-19T02:10:49.476Z
Library,binder,Protector of Gondor,LTR,The Lord of the Rings: Tales of Middle-earth,25,normal,common,4,83256,85708748-40ca-4066-a287-7a6a189ff3df,0.02,false,false,near_mint,en,USD,2024-04-19T02:10:49.476Z
Library,binder,Wose Pathfinder,LTR,The Lord of the Rings: Tales of Middle-earth,190,normal,common,4,83144,6589b339-9067-4e9b-bfdb-c49f8b3ef2d4,0.04,false,false,near_mint,en,USD,2024-04-19T02:10:49.476Z
Library,binder,Pelargir Survivor,LTR,The Lord of the Rings: Tales of Middle-earth,64,normal,common,4,83384,aa59141a-4645-4316-b714-bbf2c139786e,0.1,false,false,near_mint,en,USD,2024-04-19T02:10:49.476Z
Library,binder,Bog Wraith,M10,Magic 2010,86,normal,uncommon,1,23267,5d17210c-be39-4abc-9d4d-4f2eca9573bd,0.1,false,false,near_mint,en,USD,2024-04-19T02:10:49.476Z
Library,binder,Prince Imrahil the Fair,LTR,The Lord of the Rings: Tales of Middle-earth,219,foil,uncommon,1,83216,7d486def-7c3f-41e9-bb28-4582450a7b9e,0.16,false,false,near_mint,en,USD,2024-04-19T02:10:49.476Z
Library,binder,Rohirrim Lancer,LTR,The Lord of the Rings: Tales of Middle-earth,146,foil,common,1,82963,2f506f9f-4c0d-44e8-9f81-8403d808d0e4,0.07,false,false,near_mint,en,USD,2024-04-19T02:10:49.476Z
Library,binder,Bombadil's Song,LTR,The Lord of the Rings: Tales of Middle-earth,154,normal,common,2,83137,6391699e-987a-499f-9fec-96f2362760b9,0.14,false,false,near_mint,en,USD,2024-04-19T02:10:49.476Z
Library,binder,Thran Forge,WTH,Weatherlight,159,normal,uncommon,1,37138,b9c9691b-bee8-4251-8275-5f6ba14a8ecd,0.2,false,false,near_mint,en,USD,2024-04-19T02:10:49.476Z
Library,binder,"Fear, Fire, Foes!",LTR,The Lord of the Rings: Tales of Middle-earth,125,normal,uncommon,3,82995,37be98a4-0cba-46b4-be93-a9805fe77160,0.05,false,false,near_mint,en,USD,2024-04-19T02:19:28.200Z
Library,binder,Sabertooth Cobra,MIR,Mirage,238,normal,common,1,38352,48ead72b-f3f5-4065-a33c-0992cf1fdb34,0.35,false,false,near_mint,en,USD,2024-04-20T03:45:17.959Z
Library,binder,"Bilbo, Retired Burglar",LTR,The Lord of the Rings: Tales of Middle-earth,196,foil,uncommon,1,83077,527df93e-cc2b-4216-909a-4ada1abcbfd3,0.49,false,false,near_mint,en,USD,2024-04-20T03:45:17.959Z
Library,binder,Argothian Elder,PLST,The List,USG-233,normal,uncommon,1,77086,2d94ef28-3bfd-45d1-8d20-df9215089f6d,0.79,false,false,near_mint,en,USD,2024-04-20T03:45:17.959Z
Library,binder,March of the Machines,ARC,Archenemy,6,normal,rare,1,21578,3245f858-b5c3-42dd-8ec2-3f775ad9e1ec,0.69,false,false,near_mint,en,USD,2024-04-20T03:45:17.959Z
Library,binder,Gollum's Bite,LTR,The Lord of the Rings: Tales of Middle-earth,85,foil,uncommon,1,82900,1b1e790e-ff82-4888-8aee-9986c646241a,0.49,false,false,near_mint,en,USD,2024-04-20T07:08:42.431Z
Library,binder,Tale of Tinúviel,LTR,The Lord of the Rings: Tales of Middle-earth,34,foil,uncommon,1,83330,9ae65f96-7bfd-4390-88bf-764c26bf4668,0.49,false,false,near_mint,en,USD,2024-04-20T07:08:42.431Z
Library,binder,"Aragorn, the Uniter",LTR,The Lord of the Rings: Tales of Middle-earth,192,normal,mythic,1,83611,e98d5321-ec09-456c-a9ea-c8ca2cfc6205,6.49,false,false,near_mint,en,USD,2024-04-20T07:22:26.342Z
Library,binder,"Éowyn, Fearless Knight",PLTR,Tales of Middle-earth Promos,201s,foil,rare,1,83823,e5490ecc-01d2-49cf-be7a-f0f1fbfb4ee8,3.99,false,false,near_mint,en,USD,2024-04-20T07:22:26.342Z
Library,binder,Rout,C21,Commander 2021,101,normal,rare,1,58514,15ce585a-67fc-4e7a-92ff-a27292179dfa,0.49,false,false,near_mint,en,USD,2024-04-20T07:22:26.342Z
Library,binder,Swamp,LTR,The Lord of the Rings: Tales of Middle-earth,276,foil,common,1,83333,9b5f68bc-1842-4efd-b85a-d897cfd63bde,1.29,false,false,near_mint,en,USD,2024-04-20T07:22:26.342Z
Library,binder,Haradrim Spearmaster,LTR,The Lord of the Rings: Tales of Middle-earth,135,foil,common,1,83118,6050cf98-cdce-4825-9ab8-2294a2b63faf,0.49,false,false,near_mint,en,USD,2024-04-20T07:22:26.342Z
Library,binder,Glittering Stockpile,SNC,Streets of New Capenna,107,normal,uncommon,1,67895,973685e8-3df1-436b-b5c2-01573a92b61e,0.35,false,false,near_mint,en,USD,2024-04-20T07:22:26.342Z
Library,binder,Oliphaunt,LTR,The Lord of the Rings: Tales of Middle-earth,426,foil,common,1,83667,fa65958a-f601-472e-a9b6-42650b97fa44,0.49,false,false,near_mint,en,USD,2024-04-20T07:22:26.342Z
Library,binder,"Quickbeam, Upstart Ent",LTR,The Lord of the Rings: Tales of Middle-earth,419,foil,uncommon,1,83024,402d829d-9d99-48ac-9ffe-14405ec56302,0.08,false,false,near_mint,en,USD,2024-04-20T07:47:03.002Z
Library,binder,Cirith Ungol Patrol,LTR,The Lord of the Rings: Tales of Middle-earth,80,foil,common,1,83215,7cd03837-37cc-4f6c-8e22-e3b0ff635462,0.05,false,false,near_mint,en,USD,2024-04-20T07:47:03.002Z
Library,binder,Elven Warhounds,TMP,Tempest,225,normal,rare,1,36774,29138c1e-11cb-488f-8e04-f5488e08a81e,0.5,false,false,near_mint,en,USD,2024-04-20T07:47:03.002Z
Library,binder,Elven Farsight,LTR,The Lord of the Rings: Tales of Middle-earth,161,foil,common,1,83195,73d135b2-d2b8-499c-84d9-824370c19ccc,0.15,false,false,near_mint,en,USD,2024-04-20T07:47:03.002Z
Library,binder,"Galadriel, Elven-Queen",LTC,Tales of Middle-earth Commander,3,normal,mythic,1,83288,8fa46d54-563d-4b5c-9c69-5ab37dd529b3,0.24,false,false,near_mint,en,USD,2024-04-20T07:47:03.002Z
Library,binder,Mountain,LTR,The Lord of the Rings: Tales of Middle-earth,278,foil,common,1,83401,b1902b98-7579-4b7a-8cb8-9bd0e0da5f67,0.48,false,false,near_mint,en,USD,2024-04-20T07:47:03.002Z
Library,binder,Brandywine Farmer,LTR,The Lord of the Rings: Tales of Middle-earth,155,foil,common,1,82904,1c24b5fa-506d-4eaf-881b-bc282c74a16c,0.06,false,false,near_mint,en,USD,2024-04-20T08:43:12.554Z
Library,binder,Energy Flux,MMQ,Mercadian Masques,78,normal,uncommon,1,34332,a77b22a0-d5cc-4dbb-aec3-763b8efaee7e,0.41,false,false,near_mint,en,USD,2024-04-20T08:43:12.554Z
Library,binder,"Meneldor, Swift Savior",LTR,The Lord of the Rings: Tales of Middle-earth,62,foil,uncommon,1,83131,62d2ee20-abbc-4a9d-8d30-4223242123e8,0.16,false,false,near_mint,en,USD,2024-04-20T08:43:12.554Z
Library,binder,Branchsnap Lorian,LGN,Legions,118,normal,uncommon,1,30716,52118ff1-ad76-4b97-9fdc-6adfe80140f8,0.21,false,false,near_mint,en,USD,2024-04-20T08:43:12.554Z
Library,binder,"Andúril, Flame of the West",LTR,The Lord of the Rings: Tales of Middle-earth,236,normal,mythic,1,83224,7e7b9eea-a224-4db1-a089-cb385f7af20c,2.83,false,false,near_mint,en,USD,2024-04-20T08:43:12.554Z
Library,binder,Ancestral Memories,POR,Portal,40,normal,rare,1,37516,cf9b613c-61bf-4c2d-9c90-2949e442aea5,0.63,false,false,near_mint,en,USD,2024-04-20T08:43:12.554Z
Library,binder,Hobbit's Sting,LTR,The Lord of the Rings: Tales of Middle-earth,20,foil,common,1,82820,019eab42-9e0c-4958-ac97-74d3db5580f3,0.16,false,false,near_mint,en,USD,2024-04-20T08:43:12.554Z
Library,binder,Bewitching Leechcraft,LTR,The Lord of the Rings: Tales of Middle-earth,41,foil,common,1,83422,b612452e-b8a8-4a5a-82a8-01fd463cfc77,0.03,false,false,near_mint,en,USD,2024-04-20T08:43:12.554Z
Library,binder,Pippin's Bravery,LTR,The Lord of the Rings: Tales of Middle-earth,414,foil,common,1,82841,08dc9616-83e5-451f-aaa8-d0c81802fa13,0.04,false,false,near_mint,en,USD,2024-04-20T08:43:12.554Z
Library,binder,Ringsight,LTR,The Lord of the Rings: Tales of Middle-earth,220,foil,uncommon,1,82992,3700a65c-6f54-4d56-9c6f-8364c45a058c,2.66,false,false,near_mint,en,USD,2024-04-20T08:43:12.554Z
Library,binder,Mountain,LTR,The Lord of the Rings: Tales of Middle-earth,269,foil,common,1,83390,adf13285-d127-4534-9f49-aa86914da175,0.06,false,false,near_mint,en,USD,2024-04-20T08:48:27.357Z
Library,binder,Gandalf the White,LTR,The Lord of the Rings: Tales of Middle-earth,19,normal,mythic,1,83590,e384c20b-d0c1-4781-9d11-e89e5a6bf3fc,3.82,false,false,near_mint,en,USD,2024-04-20T08:48:27.357Z
Library,binder,"Glorfindel, Dauntless Rescuer",LTR,The Lord of the Rings: Tales of Middle-earth,171,foil,uncommon,1,83444,baf7a546-8a8b-4396-ab64-9a5b9abffe79,0.09,false,false,near_mint,en,USD,2024-04-20T08:48:27.357Z
Library,binder,Gandalf the Grey,LTR,The Lord of the Rings: Tales of Middle-earth,207,normal,rare,1,83588,e2b975e6-e709-481f-bfbc-41a832508283,0.36,false,false,near_mint,en,USD,2024-04-20T08:48:27.357Z
Library,binder,Ent's Fury,LTR,The Lord of the Rings: Tales of Middle-earth,164,foil,common,1,83494,c7946af6-69ab-47a1-955c-1954a04752df,0.11,false,false,near_mint,en,USD,2024-04-20T08:48:27.357Z
Library,binder,Metathran Elite,UDS,Urza's Destiny,38,normal,uncommon,1,34807,aa941f17-1b81-4017-90ae-4466eba8da2f,0.15,false,false,near_mint,en,USD,2024-04-20T08:48:27.357Z
Library,binder,Wake of Destruction,UDS,Urza's Destiny,99,normal,rare,1,34746,0c070f12-0342-48d5-ab0e-4fc4701c3669,0.79,false,false,near_mint,en,USD,2024-04-20T08:48:27.357Z
Library,binder,Dúnedain Blade,LTR,The Lord of the Rings: Tales of Middle-earth,6,foil,common,1,83014,3d5f92bf-e4e7-487a-834c-964fdd6ad674,0.07,false,false,near_mint,en,USD,2024-04-20T08:48:27.357Z
Library,binder,The Watcher in the Water,LTR,The Lord of the Rings: Tales of Middle-earth,75,normal,mythic,1,82908,1cb8e8bb-75a0-4b5e-b4b3-5d8f3795032d,1.25,false,false,near_mint,en,USD,2024-04-20T08:53:07.327Z
Library,binder,Gandalf the Grey,LTR,The Lord of the Rings: Tales of Middle-earth,322,normal,rare,1,83525,d0ff7dea-1ed2-4987-b42a-6d1d8c493f5a,0.2,false,false,near_mint,en,USD,2024-04-20T08:53:07.327Z
Library,binder,Arwen's Gift,LTR,The Lord of the Rings: Tales of Middle-earth,39,foil,common,1,82969,30e1ec49-ad4f-4623-aeeb-dba07d6e6251,0.08,false,false,near_mint,en,USD,2024-04-20T08:53:07.327Z
Library,binder,Gorbag of Minas Morgul,LTR,The Lord of the Rings: Tales of Middle-earth,86,foil,uncommon,1,83097,58aafdb6-1c8c-4fc4-a52e-3e601be7fb0c,0.17,false,false,near_mint,en,USD,2024-04-20T09:00:02.989Z
Library,binder,Forest,LTR,The Lord of the Rings: Tales of Middle-earth,280,foil,common,1,82964,2f5b488e-d725-4ef7-90f4-71091325c0b6,0.35,false,false,near_mint,en,USD,2024-04-20T09:00:02.989Z
Library,binder,Surrounded by Orcs,LTR,The Lord of the Rings: Tales of Middle-earth,73,foil,common,1,82905,1c50d4c8-2311-4394-b73f-389eb81e898b,0.15,false,false,near_mint,en,USD,2024-04-20T09:00:02.989Z
Library,binder,Uruk-hai Berserker,LTR,The Lord of the Rings: Tales of Middle-earth,112,foil,common,1,83302,936421a0-2c2a-4410-941d-4e6b88166bd1,0.09,false,false,near_mint,en,USD,2024-04-20T09:00:02.989Z
Library,binder,Lost to Legend,LTR,The Lord of the Rings: Tales of Middle-earth,22,foil,uncommon,1,83480,c4e40481-aeaa-4b3d-a020-e9b6d7c11992,0.1,false,false,near_mint,en,USD,2024-04-20T09:00:02.989Z
Library,binder,"Shadowfax, Lord of Horses",LTR,The Lord of the Rings: Tales of Middle-earth,227,foil,uncommon,1,83062,4c7d861d-7832-4c15-8d6c-8c07a9a57891,0.26,false,false,near_mint,en,USD,2024-04-20T09:00:02.989Z
Library,binder,Gravestone Strider,MKM,Murders at Karlov Manor,252,foil,common,1,90704,1f952d8d-c089-432c-822a-8ef1e605ae38,0.49,false,false,near_mint,en,USD,2024-04-20T19:28:41.761Z
Library,binder,Island,MKM,Murders at Karlov Manor,280,normal,common,1,91250,df18762d-9980-4344-9d4f-e9d2cd8e0456,0.35,false,false,near_mint,en,USD,2024-04-20T19:28:41.761Z
Library,binder,Gearbane Orangutan,MKM,Murders at Karlov Manor,129,normal,common,1,90933,6900a344-a155-4ee1-a3ac-d6c28e024270,0.35,false,false,near_mint,en,USD,2024-04-20T19:28:41.761Z
Library,binder,Bubble Smuggler,MKM,Murders at Karlov Manor,41,normal,common,1,90939,6b863ee0-d9f3-4b1e-993d-5212731d9353,0.35,false,false,near_mint,en,USD,2024-04-20T21:23:57.252Z
Library,binder,Cerebral Confiscation,MKM,Murders at Karlov Manor,81,normal,common,1,90804,3c3c3d15-b775-44a2-91ea-4abcc3cf2dba,0.35,false,false,near_mint,en,USD,2024-04-20T21:23:57.252Z
Library,binder,Vengeful Creeper,MKM,Murders at Karlov Manor,182,normal,common,1,90987,7a914416-effd-4eda-b609-2773c53a08ec,0.35,false,false,near_mint,en,USD,2024-04-20T21:23:57.252Z
Library,binder,Gadget Technician,MKM,Murders at Karlov Manor,204,normal,common,1,90802,3b489a54-ee43-4962-be7b-16e0e28800e0,0.35,false,false,near_mint,en,USD,2024-04-20T21:23:57.252Z
Library,binder,Undercover Crocodelf,MKM,Murders at Karlov Manor,239,normal,common,1,90902,5bc669c8-6f39-4d52-82d3-a4005d41c8a5,0.35,false,false,near_mint,en,USD,2024-04-20T21:23:57.252Z
Library,binder,Murder,MKM,Murders at Karlov Manor,95,normal,common,1,90697,1ea6438b-0e6c-4d65-8bcd-34a988717c81,0.35,false,false,near_mint,en,USD,2024-04-20T21:23:57.252Z
Library,binder,A Killer Among Us,MKM,Murders at Karlov Manor,167,normal,uncommon,1,90750,2c1392c5-91a5-4e6e-803d-ed032e4d594b,0.35,false,false,near_mint,en,USD,2024-04-20T21:23:57.252Z
Library,binder,Case of the Gorgon's Kiss,MKM,Murders at Karlov Manor,79,normal,uncommon,1,90831,45e4c07a-3205-4193-8163-b0e63e6242a4,0.35,false,false,near_mint,en,USD,2024-04-20T21:23:57.252Z
Library,binder,Agency Outfitter,MKM,Murders at Karlov Manor,38,normal,uncommon,1,91008,8112f133-535e-4264-8357-9cbf97957710,0.35,false,false,near_mint,en,USD,2024-04-20T21:23:57.252Z
Library,binder,Case of the Ransacked Lab,MKM,Murders at Karlov Manor,45,normal,rare,1,90678,16a9a596-61de-4fcf-aae0-41836c3deca5,0.99,false,false,near_mint,en,USD,2024-04-20T21:23:57.252Z
Library,binder,Reenact the Crime,MKM,Murders at Karlov Manor,297,normal,rare,1,90886,580e1986-d22b-4deb-914a-2d38d6da4145,1.29,false,false,near_mint,en,USD,2024-04-20T21:23:57.252Z
Library,binder,"Kaya, Spirits' Justice",MKM,Murders at Karlov Manor,211,normal,mythic,1,91087,a2827593-4951-4ba7-b73e-c27de56f2606,0.99,false,false,near_mint,en,USD,2024-04-20T21:23:57.252Z
Library,binder,Alley Assailant,MKM,Murders at Karlov Manor,76,normal,common,1,91293,edf238c9-61de-4f3a-b82f-05af46e5e81b,0.35,false,false,near_mint,en,USD,2024-04-20T21:23:57.252Z
Library,binder,Nervous Gardener,MKM,Murders at Karlov Manor,169,normal,common,1,91056,93b747c7-b342-47f8-a190-16c393b20607,0.35,false,false,near_mint,en,USD,2024-04-20T21:23:57.252Z
Library,binder,Benthic Criminologists,MKM,Murders at Karlov Manor,40,normal,common,1,90736,283b6b5a-acdf-4255-a294-0964d9c62686,0.35,false,false,near_mint,en,USD,2024-04-20T21:23:57.252Z
Library,binder,Goblin Maskmaker,MKM,Murders at Karlov Manor,130,normal,common,1,90917,6154a991-c602-4fca-91a3-3830060da60e,0.35,false,false,near_mint,en,USD,2024-04-20T21:23:57.252Z
Library,binder,Sanitation Automaton,MKM,Murders at Karlov Manor,256,normal,common,2,90864,52608ba4-c47d-44e4-b624-dee2a3a42ae2,0.18,false,false,near_mint,en,USD,2024-04-20T21:23:57.252Z
Library,binder,Slice from the Shadows,MKM,Murders at Karlov Manor,103,normal,common,1,90770,317800b3-6b2d-4de6-8e44-7e54dd623055,0.35,false,false,near_mint,en,USD,2024-04-20T21:23:57.252Z
Library,binder,Buried in the Garden,MKM,Murders at Karlov Manor,191,normal,uncommon,1,90999,7e144609-e1f6-4bdc-8d14-b735ef4140d3,0.35,false,false,near_mint,en,USD,2024-04-20T21:23:57.252Z
Library,binder,Knife,MKM,Murders at Karlov Manor,134,normal,uncommon,1,91148,b6883788-e1ee-4ddd-add2-24d6bc367717,0.35,false,false,near_mint,en,USD,2024-04-20T21:23:57.252Z
Library,binder,Case of the Trampled Garden,MKM,Murders at Karlov Manor,156,normal,uncommon,1,91076,9e80f5c7-ae29-473c-ac64-04bcbc629385,0.35,false,false,near_mint,en,USD,2024-04-20T21:23:57.252Z
Library,binder,Curious Inquiry,MKM,Murders at Karlov Manor,51,normal,uncommon,1,90896,5a3603c6-92df-45c7-b402-1f0a552ea398,0.35,false,false,near_mint,en,USD,2024-04-20T21:23:57.252Z
Library,binder,Case of the Burning Masks,MKM,Murders at Karlov Manor,113,foil,uncommon,1,90743,29ee07df-215f-45a6-9a5a-708143d73e45,0.49,false,false,near_mint,en,USD,2024-04-20T21:23:57.252Z
Library,binder,Swamp,MKM,Murders at Karlov Manor,281,normal,common,1,90961,70d0ef58-c0b3-4bcd-b470-0cf41219a4e6,0.35,false,false,near_mint,en,USD,2024-04-20T21:23:57.252Z
Library,binder,Plains,BFZ,Battle for Zendikar,254a,normal,common,1,10092,a4c77ab1-aae2-44b4-94a8-74819db16363,0.21,false,false,near_mint,en,USD,2024-04-30T00:20:39.651Z
Library,binder,Plains,SOI,Shadows over Innistrad,285,normal,common,1,8711,fcab7eaa-5e16-40b5-992b-9cc51a95376b,0.12,false,false,near_mint,en,USD,2024-04-30T00:20:39.651Z
Library,binder,Dreadful as the Storm,LTR,The Lord of the Rings: Tales of Middle-earth,48,normal,common,3,83425,b6e0b4ff-85b5-485f-a78f-1a58bb343238,0.14,false,false,near_mint,en,USD,2024-04-16T20:26:28.312Z
Library,binder,Wizard's Rockets,LTR,The Lord of the Rings: Tales of Middle-earth,252,normal,common,5,82906,1c6ed742-dfb1-41e2-8f19-184555109e34,0.09,false,false,near_mint,en,USD,2024-04-16T06:03:29.574Z
Library,binder,Armillary Sphere,CMR,Commander Legends,298,normal,common,1,55833,af3ae93e-6094-483d-b2c0-ae117ad01293,0.39,false,false,near_mint,en,USD,2024-05-06T04:37:51.554Z
Library,binder,Watchers of the Dead,AKH,Amonkhet,238,normal,uncommon,1,5447,30efc831-3673-4bc1-8a25-150c0349253a,0.35,false,false,near_mint,en,USD,2024-05-06T04:40:06.938Z
Library,binder,Energy Refractor,BRO,The Brothers' War,234,normal,common,1,75783,cc2a81fb-5045-4b7b-8cfb-b90c4f4a1f51,0.35,false,false,near_mint,en,USD,2024-05-06T04:40:34.690Z
Library,binder,Shimmering Grotto,IMA,Iconic Masters,248,normal,common,1,3377,e03f2594-c6e8-4758-86b4-885d1dba3a91,0.35,false,false,near_mint,en,USD,2024-05-06T04:42:53.778Z
Library,binder,Wastes,CMM,Commander Masters,1056,normal,common,9,84157,2585d250-1cce-431c-a9d1-a3adce9d70cd,0.99,false,false,near_mint,en,USD,2024-05-07T03:39:10.892Z
Library,binder,Sol Ring,MKC,Murders at Karlov Manor Commander,237,normal,uncommon,1,90550,d9e098aa-a886-430e-8f11-78fb6f2d8ada,1.99,false,false,near_mint,en,USD,2024-05-07T03:41:34.201Z
Library,binder,Spectrum Sentinel,BRO,The Brothers' War,244,foil,uncommon,1,75636,936cbe05-7b36-4569-94f3-671c28c7468a,0.49,false,false,near_mint,en,USD,2024-05-07T03:44:09.304Z
Library,binder,Vault 21: House Gambit,PIP,Fallout,69,normal,rare,1,92095,40972644-a284-4c7c-a451-d70eff7488ab,0.49,false,false,near_mint,en,USD,2024-05-23T20:27:10.766Z
Library,binder,Vault 101: Birthday Party,PIP,Fallout,28,normal,rare,1,92901,fc513659-ea88-4d04-82bd-5bb2e740d957,0.49,false,false,near_mint,en,USD,2024-05-23T20:27:10.766Z
Library,binder,Agility Bobblehead,PIP,Fallout,126,normal,uncommon,1,92724,cff8b0c5-5457-432a-8c27-f193c9922aec,3.49,false,false,near_mint,en,USD,2024-05-23T20:27:10.766Z
Library,binder,"Dogmeat, Ever Loyal",PIP,Fallout,340,normal,mythic,1,92843,ecda442d-cee3-4c92-b84b-bc6851d2c046,4.49,false,false,near_mint,en,USD,2024-05-23T20:27:10.766Z
Library,binder,Needle Spires,OGW,Oath of the Gatewatch,175,normal,rare,2,9207,3d73700c-fa62-42be-aaca-5f8a50af20db,0.41,false,false,near_mint,en,USD,2024-04-15T02:21:16.694Z
Library,binder,Island,SOI,Shadows over Innistrad,288,normal,common,11,8708,125e4610-9bdc-4ee2-8aac-26cbdee13046,0.1,false,false,near_mint,en,USD,2024-04-15T03:01:59.013Z
Library,binder,Plains,SOI,Shadows over Innistrad,285,normal,common,8,8711,fcab7eaa-5e16-40b5-992b-9cc51a95376b,0.12,false,false,near_mint,en,USD,2024-04-15T03:01:59.013Z
Library,binder,Timber Gorge,OGW,Oath of the Gatewatch,179,normal,uncommon,6,9203,55d05ff7-f071-4eb3-b10a-203741abdf10,0.07,false,false,near_mint,en,USD,2024-04-15T03:25:24.269Z
Library,binder,Swamp,SOI,Shadows over Innistrad,291,normal,common,11,8705,87861e3c-d445-4452-b7e0-19b53e69b6e3,0.15,false,false,near_mint,en,USD,2024-04-15T03:25:24.269Z
Library,binder,Plains,BFZ,Battle for Zendikar,254a,normal,common,3,10092,a4c77ab1-aae2-44b4-94a8-74819db16363,0.24,false,false,near_mint,en,USD,2024-04-15T03:25:24.269Z
Library,binder,Port Town,SOI,Shadows over Innistrad,278,normal,rare,2,8718,b866712a-c3ef-4a43-ac0f-146c7836f0d6,0.4,false,false,near_mint,en,USD,2024-04-15T03:25:24.269Z
Library,binder,Woodland Stream,SOI,Shadows over Innistrad,282,normal,uncommon,3,8714,18a0c745-dee6-4cb2-acaa-3d2b8e0cce5b,0.13,false,false,near_mint,en,USD,2024-04-15T03:38:10.049Z
Library,binder,Tranquil Expanse,OGW,Oath of the Gatewatch,180,normal,uncommon,3,9202,42787d2b-3f9d-4c29-9ece-e65544eb1340,0.11,false,false,near_mint,en,USD,2024-04-15T03:38:10.049Z
Library,binder,"Sharkey, Tyrant of the Shire",LTR,The Lord of the Rings: Tales of Middle-earth,229,normal,rare,3,83584,e0e446bd-8295-4fca-957a-e4710a15d8e8,0.14,false,false,near_mint,en,USD,2024-04-16T06:00:55.805Z
Library,binder,Old Man Willow,LTR,The Lord of the Rings: Tales of Middle-earth,217,normal,uncommon,8,82826,0362b7c4-fff5-4bc2-b32d-913f85c23cc4,0.09,false,false,near_mint,en,USD,2024-04-16T06:00:55.805Z
Library,binder,Rosie Cotton of South Lane,LTR,The Lord of the Rings: Tales of Middle-earth,440,normal,uncommon,4,83100,5a56cbc2-6fc2-4443-90fe-59acd526f562,0.12,false,false,near_mint,en,USD,2024-04-16T06:10:35.163Z
Library,binder,The Bath Song,LTR,The Lord of the Rings: Tales of Middle-earth,40,normal,uncommon,9,83671,fb11c04f-6f17-4da4-bbf6-0bd09de6e544,0.08,false,false,near_mint,en,USD,2024-04-16T06:10:35.163Z
Library,binder,"Goldberry, River-Daughter",LTR,The Lord of the Rings: Tales of Middle-earth,52,normal,rare,2,83463,bf4f0a7c-620e-4ed8-8da3-fa6564e8a0cd,0.39,false,false,near_mint,en,USD,2024-04-16T06:10:35.163Z
Library,binder,"Quickbeam, Upstart Ent",LTR,The Lord of the Rings: Tales of Middle-earth,183,normal,uncommon,7,83434,b889037f-b95f-4756-80aa-04097d2818c3,0.08,false,false,near_mint,en,USD,2024-04-16T06:30:31.098Z
Library,binder,Bill the Pony,LTR,The Lord of the Rings: Tales of Middle-earth,3,normal,uncommon,4,83328,9ac68519-ed7f-4f38-9549-c02975f88eed,0.08,false,false,near_mint,en,USD,2024-04-16T20:26:28.312Z
Library,binder,Samwise Gamgee,LTR,The Lord of the Rings: Tales of Middle-earth,222,normal,rare,2,83352,a1b6f13e-63d0-46bf-aa57-23c2dbdf62dd,1.59,false,false,near_mint,en,USD,2024-04-16T20:26:28.312Z
Library,binder,Long List of the Ents,LTR,The Lord of the Rings: Tales of Middle-earth,174,normal,uncommon,6,82946,27347256-2ac4-4b12-b288-0a8d578a1ff2,0.06,false,false,near_mint,en,USD,2024-04-16T20:26:28.312Z
Library,binder,"Fangorn, Tree Shepherd",LTR,The Lord of the Rings: Tales of Middle-earth,166,normal,rare,2,82855,0fb0f946-2127-4aa3-88ac-9bd2e94d8983,0.2,false,false,near_mint,en,USD,2024-04-16T20:26:28.312Z
Library,binder,Forest,LTR,The Lord of the Rings: Tales of Middle-earth,271,normal,common,12,82833,07264de1-4322-4adb-8f08-c0aa236747c7,0.11,false,false,near_mint,en,USD,2024-04-16T20:26:28.312Z
Library,binder,Mirkwood Bats,LTR,The Lord of the Rings: Tales of Middle-earth,421,normal,common,5,83265,882747f9-b4fe-42be-8fe9-f871cd0779bd,0.6,false,false,near_mint,en,USD,2024-04-16T20:37:25.604Z
Library,binder,"Bilbo, Retired Burglar",LTR,The Lord of the Rings: Tales of Middle-earth,196,normal,uncommon,4,83077,527df93e-cc2b-4216-909a-4ada1abcbfd3,0.14,false,false,near_mint,en,USD,2024-04-16T20:37:25.604Z
Library,binder,Peregrin Took,LTR,The Lord of the Rings: Tales of Middle-earth,181,normal,uncommon,5,83648,f5baee8d-88e7-4468-94a9-66ca8e2caf15,0.3,false,false,near_mint,en,USD,2024-04-16T20:43:59.787Z
Library,binder,Oath of the Grey Host,LTR,The Lord of the Rings: Tales of Middle-earth,101,normal,uncommon,3,83165,6a780abd-f276-40d3-b2af-d2e47d858d3d,0.07,false,false,near_mint,en,USD,2024-04-16T20:43:59.787Z
Library,binder,Tale of Tinúviel,LTR,The Lord of the Rings: Tales of Middle-earth,34,normal,uncommon,4,83330,9ae65f96-7bfd-4390-88bf-764c26bf4668,0.16,false,false,near_mint,en,USD,2024-04-16T20:43:59.787Z
Library,binder,Meriadoc Brandybuck,LTR,The Lord of the Rings: Tales of Middle-earth,177,normal,uncommon,4,83266,885a3277-ef10-4dcf-ac63-eb8971cd627c,0.15,false,false,near_mint,en,USD,2024-04-16T20:43:59.787Z
Library,binder,Mines of Moria,LTR,The Lord of the Rings: Tales of Middle-earth,257,normal,rare,2,82847,0be723d6-4ada-4c3f-b87b-8ab83a4bbb8f,1.13,false,false,near_mint,en,USD,2024-04-16T20:43:59.787Z
Library,binder,"Gandalf, Friend of the Shire",LTR,The Lord of the Rings: Tales of Middle-earth,50,normal,uncommon,6,83510,cc9cfcc7-be64-4871-8d52-851e43fe3305,0.11,false,false,near_mint,en,USD,2024-04-16T20:43:59.787Z
Library,binder,"Glóin, Dwarf Emissary",LTR,The Lord of the Rings: Tales of Middle-earth,132,normal,rare,1,83261,868a2aa7-bcaf-409b-8802-d00ee1f2ae77,0.42,false,false,near_mint,en,USD,2024-04-16T20:51:23.417Z
Library,binder,"Éomer, Marshal of Rohan",LTR,The Lord of the Rings: Tales of Middle-earth,120,normal,rare,3,82845,0bd31ce9-9551-4efe-8bd2-b97d8efbf75e,0.25,false,false,near_mint,en,USD,2024-04-16T20:51:23.417Z
Library,binder,Tom Bombadil,LTR,The Lord of the Rings: Tales of Middle-earth,331,normal,mythic,2,83008,3c7ce623-bcf8-4d42-8a88-450bea7d7529,0.83,false,false,near_mint,en,USD,2024-04-17T05:16:23.360Z
Library,binder,"The Balrog, Durin's Bane",LTR,The Lord of the Rings: Tales of Middle-earth,195,normal,rare,1,83028,416880c3-cefb-45ea-bcc3-2ec7a70c8097,0.46,false,false,near_mint,en,USD,2024-04-19T01:50:32.962Z
Library,binder,Elanor Gardner,LTR,The Lord of the Rings: Tales of Middle-earth,286,normal,rare,2,83124,6165eb73-49a8-4337-aa5d-7d9d48b916c9,2.63,false,false,near_mint,en,USD,2024-04-19T01:52:34.112Z
Library,binder,There and Back Again,LTR,The Lord of the Rings: Tales of Middle-earth,151,normal,rare,2,83303,939b0bd0-24ea-45de-a2d3-37bbf6a3e6f9,1.87,false,false,near_mint,en,USD,2024-04-19T01:52:34.112Z
Library,binder,King of the Oathbreakers,LTR,The Lord of the Rings: Tales of Middle-earth,211,normal,rare,2,83509,cc857755-62e6-4d29-95f5-82f5d4bde522,0.21,false,false,near_mint,en,USD,2024-04-19T01:52:34.112Z
Library,binder,Slip On the Ring,LTR,The Lord of the Rings: Tales of Middle-earth,31,normal,common,3,82961,2e20c2b8-ffe3-4d14-8588-f89719358e3d,0.14,false,false,near_mint,en,USD,2024-04-19T02:10:49.476Z
Library,binder,"Éowyn, Fearless Knight",LTR,The Lord of the Rings: Tales of Middle-earth,430,normal,rare,1,82989,35b6da81-dc24-45b3-b94c-0d6fa00fad0c,1.02,false,false,near_mint,en,USD,2024-04-20T07:08:42.431Z
Library,binder,Scroll of Isildur,LTR,The Lord of the Rings: Tales of Middle-earth,69,normal,rare,2,82894,195821f4-ba3d-4412-930f-f3656b319dfd,0.33,false,false,near_mint,en,USD,2024-04-20T07:47:03.002Z
Library,binder,Fall of Gil-galad,LTR,The Lord of the Rings: Tales of Middle-earth,165,normal,rare,2,83672,fbaab2c0-ea18-4b2f-b75b-506cbbea97e1,0.24,false,false,near_mint,en,USD,2024-04-20T08:48:27.357Z
Library,binder,The Flame of Keld,DOM,Dominaria,123,normal,uncommon,2,2153,324399ed-3d6e-4b4c-8f3d-b7802e2ecadf,0.28,false,false,near_mint,en,USD,2024-05-06T04:34:50.242Z
Library,binder,Life of Toshiro Umezawa // Memory of Toshiro,NEO,Kamigawa: Neon Dynasty,108,normal,uncommon,2,66481,f7f4adf7-b871-417b-8904-7f024ca21486,0.25,false,false,near_mint,en,USD,2024-05-06T04:36:17.607Z
Library,binder,Era of Enlightenment // Hand of Enlightenment,NEO,Kamigawa: Neon Dynasty,11,normal,common,2,66390,74f43827-2b9b-4fc9-a6e2-c682dfbf14f7,0.22,false,false,near_mint,en,USD,2024-05-06T04:36:41.308Z
Library,binder,Yotia Declares War,DMU,Dominaria United,153,normal,uncommon,2,71385,3bd9e99a-ae8c-4323-aa86-b19288c877d4,0.25,false,false,near_mint,en,USD,2024-05-06T04:37:23.736Z
Library,binder,The Shattered States Era // Nameless Conqueror,NEO,Kamigawa: Neon Dynasty,162,normal,common,2,66365,517392f6-d3fd-4c59-8317-2a3595ab7562,0.22,false,false,near_mint,en,USD,2024-05-06T04:39:07.059Z
Library,binder,Island,MH3,Modern Horizons 3,305,foil,common,1,91748,1cb1ac28-ee04-4892-97ea-2cfdebbafcad,0.99,false,false,near_mint,en,USD,2024-06-11T09:12:37.696Z
Library,binder,Brainsurge,MH3,Modern Horizons 3,53,foil,uncommon,1,94666,ed48f805-b57c-4d7f-a3c2-d16ae71bce2d,0.99,false,false,near_mint,en,USD,2024-06-11T09:12:37.696Z
Library,binder,Strix Serenade,MH3,Modern Horizons 3,71,normal,rare,1,94421,42ac5ac7-b2f9-4e6f-af41-7e42ac816374,6.99,false,false,near_mint,en,USD,2024-06-11T09:12:37.696Z
Library,binder,Junk Diver,MH3,Modern Horizons 3,293,normal,uncommon,1,94491,6b5d53cb-bf80-43b0-b839-b11a64ff4c1b,0.35,false,false,near_mint,en,USD,2024-06-11T09:12:37.696Z
Library,binder,Envoy of the Ancestors,MH3,Modern Horizons 3,23,normal,uncommon,1,94897,fc1dfbfc-90e0-48fa-98f1-39929f823619,0.35,false,false,near_mint,en,USD,2024-06-11T09:12:37.696Z
Library,binder,Skittering Precursor,MH3,Modern Horizons 3,137,normal,uncommon,1,94793,a3a3b943-7b38-4316-87d9-15e0c08abea5,0.35,false,false,near_mint,en,USD,2024-06-11T09:12:37.696Z
Library,binder,Dog Umbra,MH3,Modern Horizons 3,22,normal,common,1,94534,8d4ba710-eddb-40ca-b2fe-0e4e778aab9c,0.35,false,false,near_mint,en,USD,2024-06-11T09:12:37.696Z
Library,binder,Cyclops Superconductor,MH3,Modern Horizons 3,182,normal,common,1,94861,69ce6839-92d1-497b-9760-6fdc7388614e,0.35,false,false,near_mint,en,USD,2024-06-11T09:12:37.696Z
Library,binder,Accursed Marauder,MH3,Modern Horizons 3,80,normal,common,1,94858,5da14d86-0780-4821-a799-96f64b377df4,0.39,false,false,near_mint,en,USD,2024-06-11T09:12:37.696Z
Library,binder,Fanged Flames,MH3,Modern Horizons 3,118,normal,common,2,94898,fcfac301-55db-49a7-9a0d-918c907703da,0.23,false,false,near_mint,en,USD,2024-06-11T09:12:37.696Z
Library,binder,Sage of the Unknowable,MH3,Modern Horizons 3,68,normal,common,2,94876,9f481ab3-ca6c-4a5c-aa32-d087464fc4da,0.22,false,false,near_mint,en,USD,2024-06-11T09:12:37.696Z
Library,binder,Eviscerator's Insight,MH3,Modern Horizons 3,93,normal,common,3,94582,b00573bd-5bbb-4531-a0bb-a40f62b92b88,0.38,false,false,near_mint,en,USD,2024-06-11T09:12:37.696Z
Library,binder,Plains,MH3,Modern Horizons 3,304,normal,common,2,91785,e81ecd4f-4cde-4d8f-a9b7-d7c6098be981,0.6,false,false,near_mint,en,USD,2024-06-11T09:12:37.696Z
Library,binder,Wither and Bloom,MH3,Modern Horizons 3,111,foil,common,1,94871,95c2390f-71f1-4e42-83da-d603ca86a8d0,0.49,false,false,near_mint,en,USD,2024-06-11T09:12:37.696Z
Library,binder,Six,MH3,Modern Horizons 3,169,normal,rare,1,94688,f9246b68-580f-4f53-883d-7900880e4b0d,7.99,false,false,near_mint,en,USD,2024-06-11T09:12:37.696Z
Library,binder,Springheart Nantuko,MH3,Modern Horizons 3,171,normal,rare,1,94453,54a3ea87-005e-4985-b2a5-21711d0b71c0,6.99,false,false,near_mint,en,USD,2024-06-11T09:12:37.696Z
Library,binder,Forest,JMP,Jumpstart,74,normal,common,1,51558,ea556a69-c487-45ca-8f60-7e89407ec7b7,0.49,false,false,near_mint,en,USD,2024-06-11T09:12:37.696Z
Library,binder,Bridgeworks Battle // Tanglespan Bridgeworks,MH3,Modern Horizons 3,249,normal,uncommon,1,94664,ebef3db0-2b58-4581-a79c-fbca9a059e63,0.79,false,false,near_mint,en,USD,2024-06-11T09:12:37.696Z
Library,binder,Cursed Wombat,MH3,Modern Horizons 3,181,normal,uncommon,1,94792,a09a8de1-98b3-49e0-82f6-d90f1048de44,0.35,false,false,near_mint,en,USD,2024-06-11T09:12:37.696Z
Library,binder,Arcbound Condor,MH3,Modern Horizons 3,81,normal,uncommon,1,94891,e7995b44-7932-4d28-9a4c-a32ba35c60d7,0.35,false,false,near_mint,en,USD,2024-06-11T09:12:37.696Z
Library,binder,Nyxborn Unicorn,MH3,Modern Horizons 3,37,normal,common,1,94690,fa3a9f8f-b74f-44f1-a8b5-d21a55358a6c,0.35,false,false,near_mint,en,USD,2024-06-11T09:12:37.696Z
Library,binder,Faithful Watchdog,MH3,Modern Horizons 3,185,normal,common,2,94882,b9afac99-a094-41a8-8323-90dec29691c4,0.19,false,false,near_mint,en,USD,2024-06-11T09:12:37.696Z
Library,binder,Thriving Skyclaw,MH3,Modern Horizons 3,141,normal,common,2,94851,465857f2-df08-4f7b-b4fe-b16831ac0eb1,0.23,false,false,near_mint,en,USD,2024-06-11T09:12:37.696Z
Library,binder,Electrozoa,MH3,Modern Horizons 3,60,normal,common,2,94838,0f92dce7-45d4-4d9e-abfc-e4bfce9562c9,0.22,false,false,near_mint,en,USD,2024-06-11T09:12:37.696Z
Library,binder,Nyxborn Hydra,MH3,Modern Horizons 3,164,normal,common,2,94538,902a969e-9f22-4e92-93eb-9d4536ca82e5,0.35,false,false,near_mint,en,USD,2024-06-11T09:12:37.696Z
Library,binder,Amped Raptor,MH3,Modern Horizons 3,114,foil,uncommon,1,94362,1ac0e78b-0fdd-44f9-8b7b-c4f28a32782e,2.49,false,false,near_mint,en,USD,2024-06-11T09:14:24.993Z
Library,binder,Emperor of Bones,MH3,Modern Horizons 3,90,normal,rare,1,94649,df9d9075-2d1e-4848-b661-816d539e05eb,2.49,false,false,near_mint,en,USD,2024-06-11T09:14:24.993Z
Library,binder,Bloodsoaked Insight // Sanguine Morass,MH3,Modern Horizons 3,252,normal,uncommon,1,94332,0a08e0d2-1e60-47f5-9228-4c11a127089d,0.49,false,false,near_mint,en,USD,2024-06-11T09:14:24.993Z
Library,binder,Ral and the Implicit Maze,MH3,Modern Horizons 3,132,normal,uncommon,1,94663,ebadb7dc-69a4-43c9-a2f8-d846b231c71c,0.35,false,false,near_mint,en,USD,2024-06-11T09:14:24.993Z
Library,binder,Metastatic Evangel,MH3,Modern Horizons 3,35,normal,uncommon,1,94506,774e115a-c0dc-4901-9a1f-87754304e378,0.35,false,false,near_mint,en,USD,2024-06-11T09:14:24.993Z
Library,binder,Perilous Landscape,MH3,Modern Horizons 3,223,normal,common,1,94741,4b0bd07e-cf80-4d64-af29-f4cec6632b3e,0.35,false,false,near_mint,en,USD,2024-06-11T09:14:24.993Z
Library,binder,Evolution Witness,MH3,Modern Horizons 3,151,normal,common,1,94439,4d89283e-9783-4006-9294-4ae0473d2ce6,0.49,false,false,near_mint,en,USD,2024-06-11T09:14:24.993Z
Library,binder,Hexgold Slith,MH3,Modern Horizons 3,30,normal,common,2,94718,20a85b6d-fb2b-4359-9dd6-081d8722e580,0.22,false,false,near_mint,en,USD,2024-06-11T09:14:24.993Z
Library,binder,Sneaky Snacker,MH3,Modern Horizons 3,205,normal,common,1,94837,0e3aedae-e4bb-48e3-9f8b-bea0430df306,0.35,false,false,near_mint,en,USD,2024-06-11T09:14:24.993Z
Library,binder,Galvanic Discharge,MH3,Modern Horizons 3,122,normal,common,1,94401,32aa6e33-221f-414c-9b51-850d97a7e051,0.49,false,false,near_mint,en,USD,2024-06-11T09:14:24.993Z
Library,binder,Corrupted Shapeshifter,MH3,Modern Horizons 3,56,normal,common,1,94381,27534c8a-cb71-43bc-b706-80a525396222,0.35,false,false,near_mint,en,USD,2024-06-11T09:14:24.993Z
Library,binder,Dreamdrinker Vampire,MH3,Modern Horizons 3,88,normal,common,1,94872,961a3a53-344b-44d5-bc8e-f43437e6b558,0.35,false,false,near_mint,en,USD,2024-06-11T09:14:24.993Z
Library,binder,Golgari Guildgate,GRN,Guilds of Ravnica,248,normal,common,1,235,86706d8e-de08-4778-94ba-ae75ed522472,0.18,false,false,near_mint,en,USD,2024-06-12T09:07:54.321Z
Library,binder,Mirrex,ONE,Phyrexia: All Will Be One,254,foil,rare,1,78548,54a702cd-ca49-4570-b47e-8b090452a3c3,4.39,false,false,near_mint,en,USD,2024-06-13T18:42:54.476Z
Library,binder,"Genku, Future Shaper",MH3,Modern Horizons 3,186,normal,rare,1,94337,0cbcc962-65c4-496d-8034-75c8d204dba3,0.25,false,false,near_mint,en,USD,2024-07-21T20:02:36.043Z
Library,binder,Triton Wavebreaker,MH3,Modern Horizons 3,74,normal,uncommon,1,94420,41e68700-c71c-46db-b6a4-beae924cf97a,0.2,false,false,near_mint,en,USD,2024-07-21T20:02:36.043Z
Library,binder,Scurrilous Sentry,MH3,Modern Horizons 3,108,foil,common,1,94390,29e2805f-59fa-4a6d-97bc-266191b2aa8d,0.15,false,false,near_mint,en,USD,2024-07-21T20:02:36.043Z
Library,binder,Ondu Knotmaster // Throw a Line,MH3,Modern Horizons 3,196,normal,uncommon,1,94382,27912e61-97ef-406b-bb88-4fe89a54726e,0.15,false,false,near_mint,en,USD,2024-07-21T20:02:36.043Z
Library,binder,Lethal Throwdown,MH3,Modern Horizons 3,99,normal,uncommon,1,94482,657f52a0-f6fb-4ad8-8d50-c8209de95ab8,0.15,false,false,near_mint,en,USD,2024-07-21T20:02:36.043Z
Library,binder,Eldrazi Repurposer,MH3,Modern Horizons 3,150,normal,common,1,94846,37f79ba7-7b65-4387-b498-f770816ce8dd,0.15,false,false,near_mint,en,USD,2024-07-21T20:02:36.043Z
Library,binder,Deserted Temple,MH3,Modern Horizons 3,301,normal,rare,1,94694,fd51f8f0-779b-40bb-b65c-5907f816676e,0.99,false,false,near_mint,en,USD,2024-07-21T20:02:36.043Z
Library,binder,Island,MH3,Modern Horizons 3,305,normal,common,1,91748,1cb1ac28-ee04-4892-97ea-2cfdebbafcad,0.25,false,false,near_mint,en,USD,2024-07-21T20:02:36.043Z
Library,binder,"Chandra, Dressed to Kill",VOW,Innistrad: Crimson Vow,149,normal,mythic,1,64249,681f7c73-92c6-47ba-af56-3ff032ac12da,7.0,false,false,near_mint,en,USD,2024-07-21T20:02:36.043Z
Library,binder,Mardu Banner,KTK,Khans of Tarkir,224,normal,common,1,13174,fe10c56d-a8e1-495d-a03a-0b920b44182f,0.22,false,false,near_mint,en,USD,2024-07-21T20:02:36.043Z
Library,binder,Cloudfin Raptor,RVR,Ravnica Remastered,37,foil,common,1,89684,54bb0672-adb4-4aad-a4c0-77a0e7373bac,0.2,false,false,near_mint,en,USD,2024-07-21T20:02:36.043Z
Library,binder,Golgari Cluestone,DGM,Dragon's Maze,139,normal,common,1,16326,ff77e1ee-7fa3-4370-a0c9-ec008b63302f,0.19,false,false,near_mint,en,USD,2024-07-21T20:02:36.043Z
Library,binder,Azorius Cluestone,DGM,Dragon's Maze,136,normal,common,1,16329,09eeb301-bc28-4515-ad69-0b1b5164a5bc,0.2,false,false,near_mint,en,USD,2024-07-21T20:02:36.043Z
Library,binder,Koilos Roc,BRO,The Brothers' War,55,normal,common,1,75873,ebdbcb87-c6ea-477f-a560-c175d99e21b8,0.1,false,false,near_mint,en,USD,2024-07-21T20:02:36.043Z
Library,binder,Dispeller's Capsule,C21,Commander 2021,89,normal,common,1,58731,ebecd3d1-15ed-4501-89af-4718a212332d,0.2,false,false,near_mint,en,USD,2024-07-21T20:02:36.043Z
Library,binder,Enforcer Griffin,CLU,Ravnica: Clue Edition,60,normal,common,1,90757,2cfce961-be01-42d6-b309-15ca17225be6,0.19,false,false,near_mint,en,USD,2024-07-21T20:02:36.043Z
Library,binder,Setessan Griffin,THS,Theros,30,normal,common,1,15634,35d2ae77-b16c-4a01-84ce-5c78be5a54d8,0.16,false,false,near_mint,en,USD,2024-07-21T20:02:36.043Z
Library,binder,Break the Spell,WOE,Wilds of Eldraine,5,foil,common,1,85843,f7094fc0-1d26-429c-9b49-37718c4a5c80,0.15,false,false,near_mint,en,USD,2024-07-21T20:02:36.043Z
Library,binder,Befriending the Moths // Imperial Moth,NEO,Kamigawa: Neon Dynasty,4,normal,common,2,66406,8ad44884-ae0d-40ae-87a9-bad043d4e9ad,0.13,false,false,near_mint,en,USD,2024-07-21T20:02:36.043Z
Library,binder,Anvilwrought Raptor,M20,Core Set 2020,221,normal,common,1,45239,aa6d7bbe-0418-4a58-a97b-13b50eb0b642,0.15,false,false,near_mint,en,USD,2024-07-21T20:02:36.043Z
Library,binder,Shepherd of the Clouds,OTJ,Outlaws of Thunder Junction,28,foil,uncommon,1,93334,c2245f36-2138-4f01-9b70-151137a5ac59,0.15,false,false,near_mint,en,USD,2024-07-21T20:02:36.043Z
Library,binder,Lonely Arroyo,OTJ,Outlaws of Thunder Junction,260,foil,common,1,93150,4b778b63-e5fc-4d63-a93b-4372f32cade2,0.2,false,false,near_mint,en,USD,2024-07-21T20:02:36.043Z
Library,binder,Holy Cow,OTJ,Outlaws of Thunder Junction,16,foil,common,1,93261,90de84c9-941b-4056-8501-ce8a948b9643,0.24,false,false,near_mint,en,USD,2024-07-21T20:02:36.043Z
Library,binder,"Kraum, Violent Cacophony",OTJ,Outlaws of Thunder Junction,214,foil,uncommon,1,93270,958a3e6b-7e20-40ea-8b2c-7c728934b5e5,0.23,false,false,near_mint,en,USD,2024-07-21T20:02:36.043Z
Library,binder,Prized Griffin,ELD,Throne of Eldraine,24,normal,common,1,46314,877bd423-83ff-4a28-b0d2-447a7821bb8c,0.15,false,false,near_mint,en,USD,2024-07-21T20:02:36.043Z
Library,binder,Silverbeak Griffin,M19,Core Set 2019,285,normal,common,1,1027,36b4c374-42a4-4912-8a74-a11c3fa0e065,0.25,false,false,near_mint,en,USD,2024-07-21T20:02:36.043Z
Library,binder,Breaching Hippocamp,THS,Theros,43,normal,common,1,15621,8841c01e-015e-4541-942a-f8859dd03fea,0.15,false,false,near_mint,en,USD,2024-07-21T20:02:36.043Z
Library,binder,Sage Owl,8ED,Eighth Edition,98,normal,common,1,30438,c21f6c39-f879-452f-a643-f503d88206d6,0.25,false,false,near_mint,en,USD,2024-07-21T20:02:36.043Z
Library,binder,Netcaster Spider,M20,Core Set 2020,184,normal,common,1,45277,07c95074-32c8-426e-b615-8ad5427c6c1c,0.15,false,false,near_mint,en,USD,2024-07-21T20:02:36.043Z
Library,binder,Wild Colos,UDS,Urza's Destiny,100,normal,common,1,34745,2d39f746-7b82-476a-9774-3375debb47bd,0.25,false,false,near_mint,en,USD,2024-07-21T20:02:36.043Z
Library,binder,Arachnoid Adaptation,MOM,March of the Machine,175,normal,common,1,81400,8278069a-bd92-40ee-b7d5-e740dddb00fa,0.15,false,false,near_mint,en,USD,2024-07-21T20:02:36.043Z
Library,binder,Six-Sided Die,UNF,Unfinity,92,foil,common,1,73179,81f0902a-1bc7-4231-8530-2b0fe28a6030,0.3,false,false,near_mint,en,USD,2024-07-21T20:02:36.043Z
Library,binder,Orzhov Guildgate,RVR,Ravnica Remastered,282,foil,common,1,89818,9c8694ee-1d30-4bc0-8318-60e8f5e38edf,0.24,false,false,near_mint,en,USD,2024-07-21T20:02:36.043Z
Library,binder,Springmane Cervin,STX,Strixhaven: School of Mages,144,normal,common,3,58391,f5b0eac4-0262-4eed-97d4-0f2e6f06c8e1,0.1,false,false,near_mint,en,USD,2024-07-21T20:02:36.043Z
Library,binder,Waterfall Aerialist,STX,Strixhaven: School of Mages,61,foil,common,1,58166,7bc6966c-18d9-4675-9594-6f0b2d11c405,0.25,false,false,near_mint,en,USD,2024-07-21T20:02:36.043Z
Library,binder,Brainwash,4ED,Fourth Edition,11,normal,common,1,40176,90c6d853-dc3a-4eed-894a-b58bf6e56dc8,0.2,false,false,near_mint,en,USD,2024-07-21T20:02:36.043Z
Library,binder,Mesa Falcon,6ED,Classic Sixth Edition,31,normal,common,1,35346,a7ce1b8e-13ba-4eed-a445-435300f3101e,0.22,false,false,near_mint,en,USD,2024-07-21T20:02:36.043Z
Library,binder,Harbor Serpent,M13,Magic 2013,53,normal,common,1,17770,af0f7357-08b0-403e-8913-8965662a905e,0.18,false,false,near_mint,en,USD,2024-07-21T20:02:36.043Z
Library,binder,"Mr. Orfeo, the Boulder",SNC,Streets of New Capenna,320,normal,uncommon,1,67591,0524fc64-f51c-4991-9e43-da56afd28c00,0.15,false,false,near_mint,en,USD,2024-07-21T20:02:36.043Z
Library,binder,Three Bowls of Porridge,WOE,Wilds of Eldraine,253,normal,uncommon,1,85624,a508e040-d1e5-46aa-8404-1adc18f0f8bd,0.14,false,false,near_mint,en,USD,2024-07-21T20:02:36.043Z
Library,binder,Wanted Griffin,OTJ,Outlaws of Thunder Junction,38,normal,common,1,93187,624a176b-fe24-4441-8877-464cf172ccff,0.1,false,false,near_mint,en,USD,2024-07-21T20:02:36.043Z
Library,binder,Spinewoods Paladin,OTJ,Outlaws of Thunder Junction,183,foil,common,1,93075,1b2b432d-9e73-4ab2-a098-546d406df6c0,0.15,false,false,near_mint,en,USD,2024-07-21T20:02:36.043Z
Library,binder,Owlbear,AFR,Adventures in the Forgotten Realms,198,normal,common,1,60196,30e8a00f-8131-470d-8072-4c23b812281a,0.2,false,false,near_mint,en,USD,2024-07-21T20:02:36.043Z
Library,binder,Dragon Whelp,DMR,Dominaria Remastered,116,normal,uncommon,1,78149,dd7520ad-3b13-41a6-82b2-fef562545f1c,0.15,false,false,near_mint,en,USD,2024-07-21T20:02:36.043Z
Library,binder,Botanical Plaza,SNC,Streets of New Capenna,247,normal,common,1,67919,9f8a6f93-1fc8-4690-add4-538763277f8e,0.2,false,false,near_mint,en,USD,2024-07-21T20:02:36.043Z
Library,binder,Evolving Wilds,BRO,The Brothers' War,261,normal,common,1,75344,238de888-b1bd-4cce-9aa2-d0dd69ae7f0d,0.2,false,false,near_mint,en,USD,2024-07-21T20:02:36.043Z
Library,binder,Evolving Wilds,IKO,Ikoria: Lair of Behemoths,247,normal,common,1,49830,8e3d6745-8904-4905-a98f-d43f18b51d6d,0.2,false,false,near_mint,en,USD,2024-07-21T20:02:36.043Z
Library,binder,Condemn,RVR,Ravnica Remastered,14,normal,uncommon,1,89549,0c93201b-7664-4bfd-a462-f1c684ebedf6,0.2,false,false,near_mint,en,USD,2024-07-21T20:02:36.043Z
Library,binder,Sparktongue Dragon,CMR,Commander Legends,202,normal,common,1,56027,289a3c60-c740-4e2e-a622-a749ed230c5b,0.15,false,false,near_mint,en,USD,2024-07-21T20:02:36.043Z
Library,binder,Volcanic Dragon,CMR,Commander Legends,207,normal,uncommon,1,56057,46419d29-21a1-4753-a2f0-1d0d996ec54e,0.19,false,false,near_mint,en,USD,2024-07-21T20:02:36.043Z
Library,binder,Copper Longlegs,ONE,Phyrexia: All Will Be One,165,normal,common,1,78963,f8855fbf-4f1e-4c44-9653-bbbfc3f2fafd,0.15,false,false,near_mint,en,USD,2024-07-21T20:02:36.043Z
Library,binder,Loyal Guardian,CMM,Commander Masters,304,normal,uncommon,1,84019,08edd941-5ecc-4015-bd5d-e2eebfbf2ba6,0.27,false,false,near_mint,en,USD,2024-07-21T20:02:36.043Z
Library,binder,Ethersworn Sphinx,MH2,Modern Horizons 2,195,normal,uncommon,1,59483,315ae21a-4d95-488e-812b-0d018219af6c,0.2,false,false,near_mint,en,USD,2024-07-22T05:40:02.851Z
Library,binder,Gnottvold Slumbermound,KHM,Kaldheim,258,normal,uncommon,1,56937,735470df-65d8-43e9-837e-4869c8e4f052,0.23,false,false,near_mint,en,USD,2024-07-22T05:40:02.851Z
Library,binder,Resplendent Griffin,RIX,Rivals of Ixalan,170,normal,uncommon,1,2848,915f2ad9-fd39-465c-8261-bfa34116cbcc,0.2,false,false,near_mint,en,USD,2024-07-22T05:40:02.851Z
Library,binder,Sentinel Spider,CMR,Commander Legends,253,normal,common,1,55984,01e7af76-e505-49ca-a91e-8167027560ff,0.15,false,false,near_mint,en,USD,2024-07-22T05:40:02.851Z
Library,binder,Stingerfling Spider,CMR,Commander Legends,258,normal,uncommon,1,56015,18f45424-2c26-43fa-9afe-eeb22ce772e1,0.2,false,false,near_mint,en,USD,2024-07-22T05:40:02.851Z
Library,binder,Swift Response,CMM,Commander Masters,64,normal,common,1,84265,3d70dcbe-0b90-40b4-8a54-e5218b7135b1,0.15,false,false,near_mint,en,USD,2024-07-22T05:40:02.851Z
Library,binder,Exclude,CMM,Commander Masters,90,normal,common,1,83982,014bc5a5-4483-42e9-9c14-1ad229b28eb7,0.15,false,false,near_mint,en,USD,2024-07-22T05:40:02.851Z
Library,binder,Fleshmad Steed,THS,Theros,88,normal,common,1,15576,378c5ba0-bf4f-43d5-b371-0991db5a2e32,0.15,false,false,near_mint,en,USD,2024-07-22T05:40:02.851Z
Library,binder,Charmed Sleep,AFR,Adventures in the Forgotten Realms,50,normal,common,1,60221,4238ad00-af9c-4535-a589-c5afb0d2ec57,0.14,false,false,near_mint,en,USD,2024-07-22T05:40:02.851Z
Library,binder,Binding Geist // Spectral Binding,VOW,Innistrad: Crimson Vow,48,normal,common,1,64268,730e4629-dc54-415d-9493-88885788ca19,0.1,false,false,near_mint,en,USD,2024-07-22T05:40:02.851Z
Library,binder,Lantern Bearer // Lanterns' Lift,VOW,Innistrad: Crimson Vow,66,normal,common,1,64354,a4d3652a-6774-4b16-aa8b-cb11d72ec7aa,0.11,false,false,near_mint,en,USD,2024-07-22T05:40:02.851Z
Library,binder,Wanderlight Spirit,VOW,Innistrad: Crimson Vow,86,normal,common,1,64281,7bb3ce5d-330d-427e-a053-8cc4eeb2941b,0.11,false,false,near_mint,en,USD,2024-07-22T05:40:02.851Z
Library,binder,Steelclad Spirit,VOW,Innistrad: Crimson Vow,80,normal,common,1,64222,55fb1426-5a6f-48dd-938b-c64b1a28ee59,0.1,false,false,near_mint,en,USD,2024-07-22T05:40:02.851Z
Library,binder,Dusk Charger,RIX,Rivals of Ixalan,69,normal,common,1,2949,c2ce54a3-f3eb-48a0-bfa2-5f4b90e413f0,0.15,false,false,near_mint,en,USD,2024-07-22T05:40:02.851Z
Library,binder,Watcher of the Roost,KTK,Khans of Tarkir,30,normal,uncommon,1,13368,a8684039-e4d9-4e48-9a41-7ccf4a795507,0.2,false,false,near_mint,en,USD,2024-07-22T05:40:02.851Z
Library,binder,Shivan Branch-Burner,MOM,March of the Machine,165,normal,uncommon,1,81255,e585631c-bd41-4b48-aac4-4b6f5636ecd5,0.15,false,false,near_mint,en,USD,2024-07-22T05:40:02.851Z
Library,binder,Tyrant's Machine,BBD,Battlebond,248,normal,common,1,1745,2c697b0b-edba-491a-b40e-f88572a6e955,0.16,false,false,near_mint,en,USD,2024-07-22T05:40:02.851Z
Library,binder,Radiant Fountain,C21,Commander 2021,310,normal,common,1,58812,7ee5e77f-ca43-480d-ac37-48336d3bf044,0.35,false,false,near_mint,en,USD,2024-07-22T05:40:02.851Z
Library,binder,Raven of Fell Omens,OTJ,Outlaws of Thunder Junction,101,normal,common,1,93386,e2df3cb4-1658-450a-912a-df336706acdc,0.1,false,false,near_mint,en,USD,2024-07-22T05:40:02.851Z
Library,binder,Forsake the Worldly,AKH,Amonkhet,13,normal,common,1,5672,cca4e95e-f14e-4cfa-918a-cfb15f912293,0.21,false,false,near_mint,en,USD,2024-07-22T05:40:02.851Z
Library,binder,Shield Bearer,5ED,Fifth Edition,62,normal,common,1,37944,9b7cfc0f-b9cc-4405-9c2d-2788d4ab49b4,0.25,false,false,near_mint,en,USD,2024-07-22T05:40:02.851Z
Library,binder,Cut Short,MOM,March of the Machine,10,normal,common,1,81433,b0a45d4d-d16a-43c6-843c-916d4629aae1,0.15,false,false,near_mint,en,USD,2024-07-22T05:40:02.851Z
Library,binder,Angelic Intervention,MOM,March of the Machine,5,normal,common,1,81301,09fb5876-5b47-4a05-be57-7ad3890c8953,0.2,false,false,near_mint,en,USD,2024-07-22T05:40:02.851Z
Library,binder,Professor of Zoomancy,STX,Strixhaven: School of Mages,140,normal,common,1,58185,8347f2e8-ef70-4879-860a-12f7cab25902,0.15,false,false,near_mint,en,USD,2024-07-22T05:40:02.851Z
Library,binder,Deadly Recluse,CMM,Commander Masters,282,normal,common,1,84917,d432d17e-052b-4a81-bad8-14babf6e593f,0.2,false,false,near_mint,en,USD,2024-07-22T05:40:02.851Z
Library,binder,Eyes in the Skies,RVR,Ravnica Remastered,17,normal,common,1,89535,077aafc3-d94c-4ac0-8b7e-aadbb114e4c7,0.15,false,false,near_mint,en,USD,2024-07-22T05:40:02.851Z
Library,binder,Ringwarden Owl,ORI,Magic Origins,68,normal,common,1,10874,1acf216d-ef8f-431b-9b65-1e2e91285517,0.17,false,false,near_mint,en,USD,2024-07-22T05:40:02.851Z
Library,binder,Unnatural Aggression,BFZ,Battle for Zendikar,168,normal,common,1,10183,8293c66d-9a9b-4817-9bc3-ffd57fda290c,0.15,false,false,near_mint,en,USD,2024-07-22T05:40:02.851Z
Library,binder,Tumble Magnet,2XM,Double Masters,304,normal,common,1,52159,74baa632-d046-401a-9172-1ab6284240bc,0.2,false,false,near_mint,en,USD,2024-07-22T05:40:02.851Z
Library,binder,Skymark Roc,GK2,RNA Guild Kit,20,normal,uncommon,1,44001,6359a633-dd81-47ad-a4fb-bf5c5fda06a9,0.25,false,false,near_mint,en,USD,2024-07-22T05:40:02.851Z
Library,binder,Tizerus Charger,MH2,Modern Horizons 2,101,normal,common,1,59477,2ed4901c-9b1e-4e0e-ae71-81cb10779f07,0.1,false,false,near_mint,en,USD,2024-07-22T05:40:02.851Z
Library,binder,Rampaging Geoderm,MOM,March of the Machine,251,normal,uncommon,1,81188,a973e70f-9e3e-47a3-94b9-7bb8a198a438,0.15,false,false,near_mint,en,USD,2024-07-22T05:40:02.851Z
Library,binder,Goblin Ski Patrol,ICE,Ice Age,190,normal,common,1,39619,fde1c8b5-1e01-4920-8d02-bf80d5b238c5,0.2,false,false,near_mint,en,USD,2024-07-22T05:40:02.851Z
Library,binder,"""Brims"" Barone, Midway Mobster",UNF,Unfinity,256,normal,uncommon,1,72947,d87d23de-0d40-4dad-be40-e7724e63168a,0.2,false,false,near_mint,en,USD,2024-07-22T05:40:02.851Z
Library,binder,Guardian Kirin,MH2,Modern Horizons 2,15,normal,common,1,59625,754b4061-3009-46e4-8602-8349c6367cbf,0.1,false,false,near_mint,en,USD,2024-07-22T05:40:02.851Z
Library,binder,Funnel-Web Recluse,MH2,Modern Horizons 2,161,normal,common,1,59761,b486c9cf-b0a6-44a4-b4c1-b3f5eed6c294,0.1,false,false,near_mint,en,USD,2024-07-22T05:40:02.851Z
Library,binder,Pegasus Courser,M19,Core Set 2019,32,normal,common,1,1280,0c04eafe-8be0-416e-a5b9-486a3b3b5984,0.15,false,false,near_mint,en,USD,2024-07-22T05:40:02.851Z
Library,binder,Benthic Giant,BBD,Battlebond,113,normal,common,1,1880,1ff8671d-4da4-4dc2-a8c4-d695ff1aca0f,0.15,false,false,near_mint,en,USD,2024-07-22T05:40:02.851Z
Library,binder,Griptide,THS,Theros,50,normal,common,1,15614,9fe8228b-ff9c-4a2a-a0e3-12f6d388a3c2,0.15,false,false,near_mint,en,USD,2024-07-22T05:40:02.851Z
Library,binder,Inga Rune-Eyes,MUL,Multiverse Legends,10,normal,uncommon,1,81052,386b9f57-b75c-4431-9abe-a5cec2a35340,0.15,false,false,near_mint,en,USD,2024-07-22T05:40:02.851Z
Library,binder,Locthwain Gargoyle,ELD,Throne of Eldraine,225,normal,common,1,46113,02551bee-335c-4bf7-b38e-67dd71d1d567,0.15,false,false,near_mint,en,USD,2024-07-22T05:40:02.851Z
Library,binder,Invoke the Divine,KHM,Kaldheim,16,normal,common,1,56934,7213d9e1-e9c6-45d8-bb7f-336c41e7b6f7,0.15,false,false,near_mint,en,USD,2024-07-22T05:40:02.851Z
Library,binder,Rusted Relic,MM2,Modern Masters 2015,227,normal,common,1,10990,797a4456-1677-49d5-bb4f-4fb062522f1e,0.2,false,false,near_mint,en,USD,2024-07-22T05:40:02.851Z
Library,binder,Hijack,KLD,Kaladesh,118,normal,common,1,7525,0e925954-faa3-4d16-8442-e34af1f85fb6,0.18,false,false,near_mint,en,USD,2024-07-22T05:40:02.851Z
Library,binder,Gitaxian Raptor,ONE,Phyrexia: All Will Be One,53,foil,common,1,78538,4f5e95f8-c04d-405f-bba4-e83a8f6bf463,0.2,false,false,near_mint,en,USD,2024-07-22T05:40:02.851Z
Library,binder,Scroll Thief,M11,Magic 2011,72,foil,common,1,21317,6f3b2808-58d9-4e27-a6c2-6db66191151e,0.33,false,false,near_mint,en,USD,2024-07-22T05:40:02.851Z
Library,binder,Kitesail,MOM,March of the Machine,261,foil,common,1,81479,fdc3bf6e-e011-4334-a142-c09941c6f213,0.2,false,false,near_mint,en,USD,2024-07-22T05:40:02.851Z
Library,binder,Sharktocrab,RVR,Ravnica Remastered,222,foil,uncommon,1,89969,ec7933b5-15de-4ed7-af0c-626f81726338,0.2,false,false,near_mint,en,USD,2024-07-22T05:40:02.851Z
Library,binder,Speakeasy Server,SNC,Streets of New Capenna,32,foil,common,1,68044,e014d9d0-e6e1-4afb-b94f-b927a09b76c1,0.2,false,false,near_mint,en,USD,2024-07-22T05:40:02.851Z
Library,binder,Titanic Growth,ONE,Phyrexia: All Will Be One,187,foil,common,1,78491,3583ea03-525f-4c70-9d7e-ccc6002ee9e1,0.17,false,false,near_mint,en,USD,2024-07-22T05:40:02.851Z
Library,binder,Syndicate Messenger,RVR,Ravnica Remastered,29,foil,common,1,89820,9d964b6d-1ad5-4e06-be67-1eca0fa7e389,0.15,false,false,near_mint,en,USD,2024-07-22T05:40:02.851Z
Library,binder,Frilled Cave-Wurm,LCI,The Lost Caverns of Ixalan,57,foil,common,1,88585,6f65e1bc-fade-4fdf-a1fd-de068bff9e4c,0.15,false,false,near_mint,en,USD,2024-07-22T05:40:02.851Z
Library,binder,Crumbling Vestige,OGW,Oath of the Gatewatch,170,normal,common,5,9212,d491c13c-43e3-4ca3-b888-4edd34dfe14a,0.09,false,false,near_mint,en,USD,2024-04-14T23:43:56.244Z
Library,binder,Desolation Twin,BFZ,Battle for Zendikar,6,normal,rare,2,10345,4d229d8d-5e64-4403-a4ae-a0a186a83935,0.48,false,false,near_mint,en,USD,2024-04-14T23:43:56.244Z
Library,binder,Stone of Erech,LTR,The Lord of the Rings: Tales of Middle-earth,251,normal,uncommon,9,83452,bc02e193-df33-4eb1-adc1-b51ee931218a,0.24,false,false,near_mint,en,USD,2024-04-16T06:15:35.817Z
Library,binder,Shire Terrace,LTR,The Lord of the Rings: Tales of Middle-earth,261,foil,common,2,82936,25932483-58cd-4ae5-82bf-ab455177d117,1.3,false,false,near_mint,en,USD,2024-04-16T20:26:28.312Z
Library,binder,Lembas,LTR,The Lord of the Rings: Tales of Middle-earth,243,normal,common,3,83004,3b46aacf-b31a-4380-9e4b-82795fbaba3b,0.55,false,false,near_mint,en,USD,2024-04-16T20:26:28.312Z
Library,binder,Haunted Cloak,SOI,Shadows over Innistrad,257,normal,uncommon,2,8739,ef142a2a-08e8-4344-8626-239690b3bb87,0.22,false,false,near_mint,en,USD,2024-04-17T05:27:15.636Z
Library,binder,Seer's Lantern,OGW,Oath of the Gatewatch,165,normal,common,4,9217,6618a854-7d9c-4e57-b959-4c0259cb4d97,0.05,false,false,near_mint,en,USD,2024-04-17T16:28:18.948Z
Library,binder,Gate Smasher,DTK,Dragons of Tarkir,239,normal,uncommon,2,11575,001e8222-8dea-4767-8c13-21fb7ba556d7,0.14,false,false,near_mint,en,USD,2024-04-17T16:28:18.948Z
Library,binder,Jayemdae Tome,ORI,Magic Origins,231,normal,uncommon,2,10711,518af905-f518-4269-89b4-781085be8dd2,0.12,false,false,near_mint,en,USD,2024-04-17T16:28:18.948Z
Library,binder,Eldrazi Devastator,BFZ,Battle for Zendikar,7,normal,common,2,10344,04b13e32-01b9-4a86-a3df-ca8b784c6a6c,0.15,false,false,near_mint,en,USD,2024-04-17T16:28:18.948Z
Library,binder,Ruin Processor,BFZ,Battle for Zendikar,12,normal,common,2,10339,d997088b-f8f9-4e4c-ba64-aa7f43cc7505,0.25,false,false,near_mint,en,USD,2024-05-06T04:31:28.981Z
Library,binder,Jalum Tome,DMR,Dominaria Remastered,226,normal,common,2,77868,3d2db45f-4cdb-4b7f-a270-44b2b1482f69,0.25,false,false,near_mint,en,USD,2024-05-06T04:38:20.389Z
Library,binder,Skyskipper Duo,BLB,Bloomburrow,71,foil,common,2,96476,d6844bad-ffbe-4c6e-b438-08562eccea52,0.25,false,false,near_mint,en,USD,2024-07-28T04:35:52.902Z
Library,binder,"Beza, the Bounding Spring",BLB,Bloomburrow,2,normal,mythic,1,95862,fc310a26-b6a0-4e42-98ab-bdfd7b06cb63,4.27,false,false,near_mint,en,USD,2024-07-28T04:35:52.902Z
Library,binder,"Wick, the Whorled Mind",BLB,Bloomburrow,120,normal,rare,1,95901,29089810-d7fb-4abe-b729-bfabed6aed2b,1.7,false,false,near_mint,en,USD,2024-07-28T04:35:52.902Z
Library,binder,Rabbit Response,BLB,Bloomburrow,26,normal,common,3,96114,c4ded450-346d-4917-917a-b62bc0267509,0.2,false,false,near_mint,en,USD,2024-07-28T04:35:52.902Z
Library,binder,Steampath Charger,BLB,Bloomburrow,153,normal,common,3,95890,03bf1296-e347-4070-8c6f-5c362c2f9364,0.24,false,false,near_mint,en,USD,2024-07-28T04:35:52.902Z
Library,binder,Scales of Shale,BLB,Bloomburrow,110,normal,common,3,95955,9ae14276-dbbd-4257-80e9-accd6c19f5b2,0.24,false,false,near_mint,en,USD,2024-07-28T04:35:52.902Z
Library,binder,Polliwallop,BLB,Bloomburrow,189,normal,common,3,95935,6bc4963c-d90b-4588-bdb7-85956e42a623,0.25,false,false,near_mint,en,USD,2024-07-28T04:35:52.902Z
Library,binder,Thistledown Players,BLB,Bloomburrow,35,normal,common,2,95960,afa8d83f-8586-4127-8b55-9715e9547488,0.18,false,false,near_mint,en,USD,2024-07-28T04:35:52.902Z
Library,binder,Consumed by Greed,BLB,Bloomburrow,87,normal,uncommon,2,95884,e50acc41-3517-42db-b1d3-1bdfd7294d84,0.21,false,false,near_mint,en,USD,2024-07-28T04:35:52.902Z
Library,binder,Fell,BLB,Bloomburrow,95,normal,uncommon,1,95830,c96ac326-de44-470b-a592-a4c2a052c091,1.55,false,false,near_mint,en,USD,2024-07-28T04:35:52.902Z
Library,binder,Valley Flamecaller,BLB,Bloomburrow,158,normal,rare,1,96091,a0812db4-b7d1-4cf7-aaa5-9c0e784079a1,1.52,false,false,near_mint,en,USD,2024-07-28T04:35:52.902Z
Library,binder,Mountain,BLB,Bloomburrow,275,foil,common,1,91698,02244055-cbeb-4074-9482-42ec20721312,1.19,false,false,near_mint,en,USD,2024-07-28T04:35:52.902Z
Library,binder,Take Out the Trash,BLB,Bloomburrow,156,foil,common,1,95940,7a1c6f00-af4c-4d35-b682-6c0e759df9a5,0.25,false,false,near_mint,en,USD,2024-07-28T04:35:52.902Z
Library,binder,Agate-Blade Assassin,BLB,Bloomburrow,82,normal,common,1,96017,39ebb84a-1c52-4b07-9bd0-b360523b3a5b,0.25,false,false,near_mint,en,USD,2024-07-28T04:35:52.902Z
Library,binder,Sunshower Druid,BLB,Bloomburrow,195,normal,common,1,95630,7740abc5-54e1-478d-966e-0fa64e727995,0.39,false,false,near_mint,en,USD,2024-07-28T04:35:52.902Z
Library,binder,Dazzling Denial,BLB,Bloomburrow,45,normal,common,2,96369,8739f1ac-2e57-4b52-a7ff-cc8df5936aad,0.18,false,false,near_mint,en,USD,2024-07-28T04:35:52.902Z
Library,binder,Banishing Light,BLB,Bloomburrow,1,normal,common,2,96011,25a06f82-ebdb-4dd6-bfe8-958018ce557c,0.19,false,false,near_mint,en,USD,2024-07-28T04:35:52.902Z
Library,binder,Head of the Homestead,BLB,Bloomburrow,216,normal,common,2,95762,2fc20157-edd3-484d-8864-925c071c0551,0.35,false,false,near_mint,en,USD,2024-07-28T04:35:52.902Z
Library,binder,Veteran Guardmouse,BLB,Bloomburrow,237,normal,common,3,95771,3db43c46-b616-4ef8-80ed-0fab345ab3d0,0.2,false,false,near_mint,en,USD,2024-07-28T04:35:52.902Z
Library,binder,Peerless Recycling,BLB,Bloomburrow,188,normal,uncommon,2,95925,5f72466c-505b-4371-9366-0fde525a37e6,0.28,false,false,near_mint,en,USD,2024-07-28T04:35:52.902Z
Library,binder,Daring Waverider,BLB,Bloomburrow,44,normal,uncommon,1,95896,19422406-0c1a-497e-bed1-708bc556491a,0.3,false,false,near_mint,en,USD,2024-07-28T04:35:52.902Z
Library,binder,Bark-Knuckle Boxer,BLB,Bloomburrow,164,normal,uncommon,1,95921,582637a9-6aa0-4824-bed7-d5fc91bda35e,0.3,false,false,near_mint,en,USD,2024-07-28T04:35:52.902Z
Library,binder,Playful Shove,BLB,Bloomburrow,145,normal,uncommon,3,95993,07956edf-34c1-4218-9784-ddbca13e380c,0.23,false,false,near_mint,en,USD,2024-07-28T04:35:52.902Z
Library,binder,Valley Floodcaller,BLB,Bloomburrow,79,normal,rare,1,95876,90b12da0-f666-471d-95f5-15d8c9b31c92,1.96,false,false,near_mint,en,USD,2024-07-28T04:35:52.902Z
Library,binder,Island,BLB,Bloomburrow,268,normal,common,1,95772,408eb23f-13fa-4f98-b316-18e3057f9136,0.91,false,false,near_mint,en,USD,2024-07-28T04:35:52.902Z
Library,binder,Bakersbane Duo,BLB,Bloomburrow,163,foil,common,1,96035,5309354f-1ff4-4fa9-9141-01ea2f7588ab,0.63,false,false,near_mint,en,USD,2024-07-28T04:35:52.902Z
Library,binder,Corpseberry Cultivator,BLB,Bloomburrow,210,normal,common,2,95829,c911a759-ed7b-452b-88a3-663478357610,0.25,false,false,near_mint,en,USD,2024-07-28T04:35:52.902Z
Library,binder,Osteomancer Adept,BLB,Bloomburrow,312,normal,rare,1,95793,6ef4532d-63ea-4a70-86b3-58327b7e9706,1.14,false,false,near_mint,en,USD,2024-07-28T04:35:52.902Z
Library,binder,Plains,BLB,Bloomburrow,263,normal,common,1,95815,ab53b300-38b2-436c-834c-b0162dd3b757,0.55,false,false,near_mint,en,USD,2024-07-28T04:35:52.902Z
Library,binder,Whiskerquill Scribe,BLB,Bloomburrow,161,foil,common,1,96124,da653996-9bd4-40bd-afb4-48c7e070a269,0.3,false,false,near_mint,en,USD,2024-07-28T04:35:52.902Z
Library,binder,Savor,BLB,Bloomburrow,109,normal,common,2,96178,1397f689-dca1-4d35-864b-92c5606afb9a,0.47,false,false,near_mint,en,USD,2024-07-28T04:35:52.902Z
Library,binder,Season of Gathering,BLB,Bloomburrow,192,normal,mythic,1,95936,71dd3c27-e0d5-434e-a0f3-4a95245e21c2,8.16,false,false,near_mint,en,USD,2024-07-28T04:35:52.902Z
Library,binder,Cindering Cutthroat,BLB,Bloomburrow,208,normal,common,3,95820,b2ea10dd-21ea-4622-be27-79d03a802b85,0.2,false,false,near_mint,en,USD,2024-07-28T04:35:52.902Z
Library,binder,Heirloom Epic,BLB,Bloomburrow,246,normal,uncommon,1,96061,7839ce48-0175-494a-ab89-9bdfb7a50cb1,0.25,false,false,near_mint,en,USD,2024-07-28T04:35:52.902Z
Library,binder,Feed the Cycle,BLB,Bloomburrow,94,normal,uncommon,2,96067,7e017ff8-2936-4a1b-bece-00004cfbad06,0.63,false,false,near_mint,en,USD,2024-07-28T04:35:52.902Z
Library,binder,Long River's Pull,BLB,Bloomburrow,58,normal,uncommon,2,95900,1c81d0fa-81a1-4f9b-a5fd-5a648fd01dea,0.25,false,false,near_mint,en,USD,2024-07-28T04:35:52.902Z
Library,binder,Shrike Force,BLB,Bloomburrow,31,normal,uncommon,1,95763,306fec2c-d8b7-4f4b-8f58-10e3b9f3158f,0.25,false,false,near_mint,en,USD,2024-07-28T04:35:52.902Z
Library,binder,For the Common Good,BLB,Bloomburrow,172,normal,rare,1,95912,3ec72a27-b622-47d7-bdf3-970ccaef0d2a,1.44,false,false,near_mint,en,USD,2024-07-28T04:35:52.902Z
Library,binder,Forest,BLB,Bloomburrow,281,normal,common,1,95752,208014f4-eed8-4856-a9d9-dbac10c4aa6a,0.63,false,false,near_mint,en,USD,2024-07-28T04:35:52.902Z
Library,binder,Three Tree Scribe,BLB,Bloomburrow,199,foil,uncommon,1,95977,ea2ca1b3-4c1a-4be5-b321-f57db5ff0528,0.4,false,false,near_mint,en,USD,2024-07-28T04:35:52.902Z
Library,binder,Forest,BLB,Bloomburrow,280,foil,common,1,95733,0000419b-0bba-4488-8f7a-6194544ce91e,0.77,false,false,near_mint,en,USD,2024-07-28T04:35:52.902Z
Library,binder,Stickytongue Sentinel,BLB,Bloomburrow,193,normal,common,1,96105,b5fa9651-b217-4f93-9c46-9bdb11feedcb,0.25,false,false,near_mint,en,USD,2024-07-28T04:35:52.902Z
Library,binder,Waterspout Warden,BLB,Bloomburrow,80,normal,common,2,95909,35898b39-98e2-405b-8f18-0e054bd2c29e,0.17,false,false,near_mint,en,USD,2024-07-28T04:35:52.902Z
Library,binder,Nettle Guard,BLB,Bloomburrow,23,normal,common,2,95949,8c9c3cc3-2aa2-453e-a17c-2baeeaabe0a9,0.24,false,false,near_mint,en,USD,2024-07-28T04:35:52.902Z
Library,binder,Galewind Moose,BLB,Bloomburrow,173,normal,uncommon,1,95871,58706bd8-558a-43b9-9f1e-c1ff0044203b,0.41,false,false,near_mint,en,USD,2024-07-28T04:35:52.902Z
Library,binder,Long River Lurker,BLB,Bloomburrow,57,normal,uncommon,1,95941,7c267719-cd03-4003-b281-e732d5e42a1e,0.3,false,false,near_mint,en,USD,2024-07-28T04:35:52.902Z
Library,binder,Seedglaive Mentor,BLB,Bloomburrow,231,normal,uncommon,1,95836,d21c3e41-0636-49a3-8c9c-384c5e5c9c3e,0.26,false,false,near_mint,en,USD,2024-07-28T04:35:52.902Z
Library,binder,Lunar Convocation,BLB,Bloomburrow,223,normal,rare,1,96098,a9ee50d4-c878-457b-964d-29c039ce9852,0.85,false,false,near_mint,en,USD,2024-07-28T04:35:52.902Z
Library,binder,Warren Elder,BLB,Bloomburrow,37,foil,common,1,96030,4bf20069-5a20-4f95-976b-6af2b69f3ad0,0.38,false,false,near_mint,en,USD,2024-07-28T04:35:52.902Z
Library,binder,Longstalk Brawl,BLB,Bloomburrow,182,normal,common,2,95966,c7ef748c-b5e5-4e7d-bf2e-d3e6c08edb42,0.25,false,false,near_mint,en,USD,2024-07-28T04:35:52.902Z
Library,binder,Starlit Soothsayer,BLB,Bloomburrow,115,normal,common,3,95895,184c1eca-2991-438f-b5d2-cd2529b9c9b4,0.26,false,false,near_mint,en,USD,2024-07-28T04:35:52.902Z
Library,binder,Might of the Meek,BLB,Bloomburrow,144,normal,common,3,95627,509bf254-8a2b-4dfa-9ae5-386321b35e8b,0.22,false,false,near_mint,en,USD,2024-07-28T04:35:52.902Z
Library,binder,High Stride,BLB,Bloomburrow,176,normal,common,5,96153,09c8cf4b-8e65-4a1c-b458-28b5ab56b390,0.16,false,false,near_mint,en,USD,2024-07-28T04:35:52.902Z
Library,binder,Harnesser of Storms,BLB,Bloomburrow,137,normal,uncommon,2,95962,b56beeb6-88ca-475e-8654-1d4e8b4aa3c0,0.25,false,false,near_mint,en,USD,2024-07-28T04:35:52.902Z
Library,binder,Frilled Sparkshooter,BLB,Bloomburrow,136,normal,common,4,95934,674bbd6d-e329-42cf-963d-88d1ce8fe51e,0.17,false,false,near_mint,en,USD,2024-07-28T04:35:52.902Z
Library,binder,Burrowguard Mentor,BLB,Bloomburrow,206,normal,uncommon,2,95945,87138ace-3594-499e-bad5-ec76148613ea,0.28,false,false,near_mint,en,USD,2024-07-28T04:35:52.902Z
Library,binder,Kindlespark Duo,BLB,Bloomburrow,142,normal,common,3,96096,a839fba3-1b66-4dd1-bf43-9b015b44fc81,0.2,false,false,near_mint,en,USD,2024-07-28T04:35:52.902Z
Library,binder,Crumb and Get It,BLB,Bloomburrow,8,normal,common,5,96259,3c7b3b25-d4b3-4451-9f5c-6eb369541175,0.16,false,false,near_mint,en,USD,2024-07-28T04:35:52.902Z
Library,binder,Intrepid Rabbit,BLB,Bloomburrow,17,normal,common,3,96276,4d70b99d-c8bf-4a56-8957-cf587fe60b81,0.37,false,false,near_mint,en,USD,2024-07-28T04:35:52.902Z
Library,binder,Finch Formation,BLB,Bloomburrow,50,normal,common,3,95899,1c671eab-d1ef-4d79-94eb-8b85f0d18699,0.2,false,false,near_mint,en,USD,2024-07-28T04:35:52.902Z
Library,binder,Tangle Tumbler,BLB,Bloomburrow,250,normal,uncommon,2,96010,258ef349-5042-4992-bae9-9f8f54b55db0,0.25,false,false,near_mint,en,USD,2024-07-28T04:35:52.902Z
Library,binder,Rottenmouth Viper,BLB,Bloomburrow,107,normal,mythic,1,96058,735e79b1-a3a9-4ddf-8bbc-f756c8a0452b,8.4,false,false,near_mint,en,USD,2024-07-30T02:42:07.387Z
Library,binder,"Clement, the Worrywort",BLB,Bloomburrow,209,normal,rare,1,95794,7028130c-c91d-4bf7-b0b0-450f71107d7a,0.55,false,false,near_mint,en,USD,2024-07-30T02:42:07.387Z
Library,binder,"Muerra, Trash Tactician",BLB,Bloomburrow,227,normal,rare,1,95821,b40e4658-fd68-46d0-9a89-25570a023d19,0.55,false,false,near_mint,en,USD,2024-07-30T02:42:07.387Z
Library,binder,Thundertrap Trainer,BLB,Bloomburrow,386,foil,rare,1,95845,e52caa08-34ae-4c74-83ad-008d17005576,,false,false,near_mint,en,USD,2024-07-30T02:42:07.387Z
Library,binder,Seedpod Squire,BLB,Bloomburrow,232,normal,common,1,95852,f3684577-51ce-490e-9b59-b19c733be466,0.24,false,false,near_mint,en,USD,2024-07-30T02:42:07.387Z
Library,binder,Rabid Gnaw,BLB,Bloomburrow,147,normal,uncommon,1,96014,2f815bae-820a-49f6-8eed-46f658e7b6ff,0.29,false,false,near_mint,en,USD,2024-07-30T02:42:07.387Z
Library,binder,Honored Dreyleader,BLB,Bloomburrow,178,normal,uncommon,2,96107,bc5ee537-52e1-474a-9326-dfacc2a758ab,0.24,false,false,near_mint,en,USD,2024-07-30T02:42:07.387Z
Library,binder,Brambleguard Captain,BLB,Bloomburrow,127,normal,uncommon,2,95883,e200b8bf-f2f3-4157-8e04-02baf07a963e,0.2,false,false,near_mint,en,USD,2024-07-30T02:42:07.387Z
Library,binder,Knightfisher,BLB,Bloomburrow,55,normal,uncommon,2,95967,c7fb7f4f-2153-4527-8f11-adbf508d3533,0.23,false,false,near_mint,en,USD,2024-07-30T02:42:07.387Z
Library,binder,Mountain,BLB,Bloomburrow,274,normal,common,1,91708,c1bba8fb-d763-4efa-8db1-e5e81994b5f9,0.37,false,false,near_mint,en,USD,2024-07-30T02:42:07.387Z
Library,binder,Head of the Homestead,BLB,Bloomburrow,216,foil,common,1,95762,2fc20157-edd3-484d-8864-925c071c0551,0.43,false,false,near_mint,en,USD,2024-07-30T02:42:07.387Z
Library,binder,Alania's Pathmaker,BLB,Bloomburrow,123,normal,common,2,96123,d3871fe6-e26e-4ab4-bd81-7e3c7b8135c1,0.23,false,false,near_mint,en,USD,2024-07-30T02:42:07.387Z
Library,binder,Treeguard Duo,BLB,Bloomburrow,200,normal,common,3,96077,89c8456e-c971-42b7-abf3-ff5ae1320abe,0.2,false,false,near_mint,en,USD,2024-07-30T02:42:07.387Z
Library,binder,Pearl of Wisdom,BLB,Bloomburrow,64,normal,common,2,95625,13cb9575-1138-4f99-8e90-0eaf00bdf4a1,0.25,false,false,near_mint,en,USD,2024-07-30T02:42:07.387Z
Library,binder,Blacksmith's Talent,BLB,Bloomburrow,125,normal,uncommon,1,96029,4bb318fa-481d-40a7-978e-f01b49101ae0,0.25,false,false,near_mint,en,USD,2024-07-30T02:42:07.387Z
Library,binder,Wick's Patrol,BLB,Bloomburrow,121,normal,uncommon,1,95926,5fa0c53d-fe7b-4b8b-ad81-7967ca318ff7,0.25,false,false,near_mint,en,USD,2024-07-30T02:42:07.387Z
Library,binder,Star Charter,BLB,Bloomburrow,33,normal,uncommon,1,95894,0e209237-00f7-4bf0-8287-ccde02ce8e8d,0.25,false,false,near_mint,en,USD,2024-07-30T02:42:07.387Z
Library,binder,Island,BLB,Bloomburrow,268,foil,common,1,95772,408eb23f-13fa-4f98-b316-18e3057f9136,0.5,false,false,near_mint,en,USD,2024-07-30T02:42:07.387Z
Library,binder,Treetop Sentries,BLB,Bloomburrow,201,foil,common,1,95974,e16d4d6e-1fe5-4ff6-9877-8c849a24f5e0,0.28,false,false,near_mint,en,USD,2024-07-30T02:42:07.387Z
Library,binder,Valley Flamecaller,BLB,Bloomburrow,320,normal,rare,1,96137,f266f6da-93b0-4036-b7df-be5eac4e1135,1.65,false,false,near_mint,en,USD,2024-07-30T02:42:07.387Z
Library,binder,Carrot Cake,BLB,Bloomburrow,7,normal,common,2,95636,eb03bb4f-8b4b-417e-bfc6-294cd2186b2e,0.25,false,false,near_mint,en,USD,2024-07-30T02:46:24.848Z
Library,binder,Dewdrop Cure,BLB,Bloomburrow,10,normal,uncommon,1,95932,666aefc2-44e0-4c27-88d5-7906f245a71f,0.25,false,false,near_mint,en,USD,2024-07-30T02:46:24.848Z
Library,binder,Splash Lasher,BLB,Bloomburrow,73,normal,uncommon,1,95910,362ee125-35a0-46cd-a201-e6797d12d33a,0.25,false,false,near_mint,en,USD,2024-07-30T02:46:24.848Z
Library,binder,Mountain,BLB,Bloomburrow,276,normal,common,2,91699,0b384d24-8771-4860-8fc1-1b74217f1c4c,0.36,false,false,near_mint,en,USD,2024-07-30T02:46:24.848Z
Library,binder,Coruscation Mage,BLB,Bloomburrow,131,foil,uncommon,1,95972,dc2c1de0-6233-469a-be72-a050b97d2c8f,0.5,false,false,near_mint,en,USD,2024-07-30T02:46:24.848Z
Library,binder,Starseer Mentor,BLB,Bloomburrow,233,normal,uncommon,2,95791,6b2f6dc5-9fe8-49c1-b24c-1d99ce1da619,0.24,false,false,near_mint,en,USD,2024-07-30T02:46:24.848Z
Library,binder,Stargaze,BLB,Bloomburrow,114,normal,uncommon,1,95939,777fc599-8de7-44d2-8fdd-9bddf5948a0c,0.34,false,false,near_mint,en,USD,2024-07-30T02:46:24.848Z
Library,binder,Hivespine Wolverine,BLB,Bloomburrow,177,normal,uncommon,1,95943,821970a3-a291-4fe9-bb13-dfc54f9c3caf,0.25,false,false,near_mint,en,USD,2024-07-30T02:46:24.848Z
Library,binder,Huskburster Swarm,BLB,Bloomburrow,98,normal,uncommon,1,95978,ed2f61d7-4eb0-41c5-8a34-a0793c2abc51,0.35,false,false,near_mint,en,USD,2024-07-30T02:46:24.848Z
Library,binder,Wishing Well,BLB,Bloomburrow,81,normal,rare,1,95979,edeb20aa-b253-49b8-9947-c397a3a4002a,0.47,false,false,near_mint,en,USD,2024-07-30T02:46:24.848Z
Library,binder,Swamp,BLB,Bloomburrow,273,normal,common,1,95778,4650ebaf-8e9f-431c-998d-e0f426b24d41,0.56,false,false,near_mint,en,USD,2024-07-30T02:46:24.848Z
Library,binder,Psychic Whorl,BLB,Bloomburrow,105,foil,common,1,96127,df900308-8432-4a0a-be21-17482026012b,0.52,false,false,near_mint,en,USD,2024-07-30T02:46:24.848Z
Library,binder,Dire Downdraft,BLB,Bloomburrow,46,normal,common,2,96526,f1931f22-974c-43ad-911e-684bf3f9995d,0.25,false,false,near_mint,en,USD,2024-07-30T02:46:24.848Z
Library,binder,Junkblade Bruiser,BLB,Bloomburrow,220,normal,common,3,95810,918fd89b-5ab7-4ae2-920c-faca5e9da7b9,0.16,false,false,near_mint,en,USD,2024-07-30T02:46:24.848Z
Library,binder,Sonar Strike,BLB,Bloomburrow,32,normal,common,3,96093,a50da179-751f-47a8-a547-8c4a291ed381,0.2,false,false,near_mint,en,USD,2024-07-30T02:46:24.848Z
Library,binder,War Squeak,BLB,Bloomburrow,160,normal,common,2,95999,105964a7-88b7-4340-aa66-e908189a3638,0.24,false,false,near_mint,en,USD,2024-07-30T02:46:24.848Z
Library,binder,Three Tree Rootweaver,BLB,Bloomburrow,198,normal,common,2,96469,d1ab6e14-26e0-4174-b5c6-bc0f5c26b177,0.28,false,false,near_mint,en,USD,2024-07-30T02:46:24.848Z
Library,binder,Vinereap Mentor,BLB,Bloomburrow,238,normal,uncommon,2,95902,29b615ba-45c4-42a1-8525-1535f0b55300,0.28,false,false,near_mint,en,USD,2024-07-30T02:53:37.711Z
Library,binder,Hazardroot Herbalist,BLB,Bloomburrow,174,normal,uncommon,1,96130,e2882982-b3a3-4762-a550-6b82db1038e8,0.25,false,false,near_mint,en,USD,2024-07-30T02:53:37.711Z
Library,binder,Heartfire Hero,BLB,Bloomburrow,138,normal,uncommon,1,95870,48ace959-66b2-40c8-9bff-fd7ed9c99a82,0.3,false,false,near_mint,en,USD,2024-07-30T02:53:37.711Z
Library,binder,Innkeeper's Talent,BLB,Bloomburrow,180,normal,rare,1,95954,941b0afc-0e8f-45f2-ae7f-07595e164611,4.75,false,false,near_mint,en,USD,2024-07-30T02:53:37.711Z
Library,binder,Plains,BLB,Bloomburrow,262,normal,common,2,95768,3663ff0c-d02f-49ac-bb88-6f0dbd684337,0.28,false,false,near_mint,en,USD,2024-07-30T02:53:37.711Z
Library,binder,Spellgyre,BLB,Bloomburrow,72,foil,uncommon,1,96139,f6f6620a-1d40-429d-9a0c-aaeb62adaa71,0.35,false,false,near_mint,en,USD,2024-07-30T02:53:37.711Z
Library,binder,Treetop Sentries,BLB,Bloomburrow,201,normal,common,1,95974,e16d4d6e-1fe5-4ff6-9877-8c849a24f5e0,0.24,false,false,near_mint,en,USD,2024-07-30T02:53:37.711Z
Library,binder,Moonrise Cleric,BLB,Bloomburrow,226,normal,common,2,95767,35f2a71f-31e8-4b51-9dd4-51a5336b3b86,0.17,false,false,near_mint,en,USD,2024-07-30T02:53:37.711Z
Library,binder,Sugar Coat,BLB,Bloomburrow,76,normal,uncommon,1,95887,fcacbe71-efb0-49e1-b2d0-3ee65ec6cf8b,0.25,false,false,near_mint,en,USD,2024-07-30T02:53:37.711Z
Library,binder,Parting Gust,BLB,Bloomburrow,24,normal,uncommon,2,95744,1086e826-94b8-4398-8a38-d8eacca56a43,0.32,false,false,near_mint,en,USD,2024-07-30T02:53:37.711Z
Library,binder,Blooming Blast,BLB,Bloomburrow,126,normal,uncommon,1,95996,0cd92a83-cec3-4085-a929-3f204e3e0140,0.33,false,false,near_mint,en,USD,2024-07-30T02:53:37.711Z
Library,binder,Hazel's Nocturne,BLB,Bloomburrow,97,normal,uncommon,1,96009,239363df-4de8-4b64-80fc-a1f4b5c36027,0.25,false,false,near_mint,en,USD,2024-07-30T02:53:37.711Z
Library,binder,Tender Wildguide,BLB,Bloomburrow,196,normal,rare,1,95792,6b8bfa91-adb0-4596-8c16-d8bb64fdb26d,0.75,false,false,near_mint,en,USD,2024-07-30T02:53:37.711Z
Library,binder,Swamp,BLB,Bloomburrow,271,normal,common,1,95840,dcdbc78a-7854-4a66-911f-a40b33e25f39,0.4,false,false,near_mint,en,USD,2024-07-30T02:53:37.711Z
Library,binder,Agate Assault,BLB,Bloomburrow,122,foil,common,1,96066,7dd9946b-515e-4e0d-9da2-711e126e9fa6,0.48,false,false,near_mint,en,USD,2024-07-30T02:53:37.711Z
Library,binder,Heaped Harvest,BLB,Bloomburrow,175,normal,common,2,96255,3b5349db-0e0a-4b15-886e-0db403ef49cb,0.2,false,false,near_mint,en,USD,2024-07-30T02:53:37.711Z
Library,binder,Persistent Marshstalker,BLB,Bloomburrow,104,normal,uncommon,1,95947,8b900c71-713b-4b7e-b4be-ad9f4aa0c139,0.25,false,false,near_mint,en,USD,2024-07-30T02:53:37.711Z
Library,binder,Calamitous Tide,BLB,Bloomburrow,43,normal,uncommon,1,96003,178bc8b2-ffa0-4549-aead-aacb3db3cf19,0.25,false,false,near_mint,en,USD,2024-07-30T02:53:37.711Z
Library,binder,Bushy Bodyguard,BLB,Bloomburrow,166,normal,uncommon,1,95997,0de60cf7-fa82-4b6f-9f88-6590fba5c863,0.25,false,false,near_mint,en,USD,2024-07-30T02:53:37.711Z
Library,binder,Builder's Talent,BLB,Bloomburrow,5,normal,uncommon,2,96002,15fa581a-724e-4196-a9a3-ff84c54bdb7d,0.24,false,false,near_mint,en,USD,2024-07-30T02:53:37.711Z
Library,binder,Dour Port-Mage,BLB,Bloomburrow,47,normal,rare,1,96049,6402133e-eed1-4a46-9667-8b7a310362c1,1.59,false,false,near_mint,en,USD,2024-07-30T02:53:37.711Z
Library,binder,Island,BLB,Bloomburrow,266,normal,common,2,95743,106a5332-0104-4ec9-9e1f-806381ae4cad,0.32,false,false,near_mint,en,USD,2024-07-30T02:53:37.711Z
Library,binder,Wax-Wane Witness,BLB,Bloomburrow,39,foil,common,1,95971,d90ea719-5320-46c6-a347-161853a14776,0.25,false,false,near_mint,en,USD,2024-07-30T02:53:37.711Z
Library,binder,Pileated Provisioner,BLB,Bloomburrow,25,normal,common,1,96102,ae442cd6-c4df-4aad-9b1d-ccd936c5ec96,0.24,false,false,near_mint,en,USD,2024-07-30T02:53:37.711Z
Library,binder,Roughshod Duo,BLB,Bloomburrow,150,normal,common,2,96343,78cdcfb9-a247-4c2d-a098-5b57570f8cd5,0.17,false,false,near_mint,en,USD,2024-07-30T02:53:37.711Z
Library,binder,Otterball Antics,BLB,Bloomburrow,63,normal,uncommon,1,95913,3ff83ff7-e428-4ccc-8341-f223dab76bd1,0.25,false,false,near_mint,en,USD,2024-07-30T02:53:37.711Z
Library,binder,Lilysplash Mentor,BLB,Bloomburrow,222,normal,uncommon,1,95789,64de7b1f-a03e-4407-91f1-e108a2f26735,0.29,false,false,near_mint,en,USD,2024-07-30T02:53:37.711Z
Library,binder,Festival of Embers,BLB,Bloomburrow,134,normal,rare,1,96023,4433ee12-2013-4fdc-979f-ae065f63a527,0.9,false,false,near_mint,en,USD,2024-07-30T02:53:37.711Z
Library,binder,Mountain,BLB,Bloomburrow,275,normal,common,1,91698,02244055-cbeb-4074-9482-42ec20721312,0.4,false,false,near_mint,en,USD,2024-07-30T02:53:37.711Z
Library,binder,Starforged Sword,BLB,Bloomburrow,249,foil,uncommon,1,96110,c23d8e96-b972-4c6c-b0c4-b6627621f048,0.29,false,false,near_mint,en,USD,2024-07-30T02:53:37.711Z
Library,binder,Brave-Kin Duo,BLB,Bloomburrow,3,normal,common,1,95824,b8dd4693-424d-4d6e-86cf-24401a23d6b1,0.25,false,false,near_mint,en,USD,2024-07-30T02:53:37.711Z
Library,binder,Conduct Electricity,BLB,Bloomburrow,130,normal,common,1,95906,2f373dd6-2412-453c-85ba-10230dfe473a,0.24,false,false,near_mint,en,USD,2024-07-30T02:53:37.711Z
Library,binder,Glidedive Duo,BLB,Bloomburrow,96,normal,common,1,96026,4831e7ae-54e3-4bd9-b5af-52dc29f81715,0.25,false,false,near_mint,en,USD,2024-07-30T02:53:37.711Z
Library,binder,Lightshell Duo,BLB,Bloomburrow,56,normal,common,1,95905,2f00c834-b4a9-45b8-bb3f-22c2a42314a0,0.22,false,false,near_mint,en,USD,2024-07-30T02:53:37.711Z
Library,binder,Gossip's Talent,BLB,Bloomburrow,51,normal,uncommon,2,95961,b299889a-03d6-4659-b0e1-f0830842e40f,0.23,false,false,near_mint,en,USD,2024-07-30T02:53:37.711Z
Library,binder,Lilypad Village,BLB,Bloomburrow,255,normal,uncommon,1,95631,7e95a7cc-ed77-4ca4-80db-61c0fc68bf50,0.34,false,false,near_mint,en,USD,2024-07-30T02:53:37.711Z
Library,binder,Thought-Stalker Warlock,BLB,Bloomburrow,118,normal,uncommon,1,96018,42e80284-d489-493b-ae92-95b742d07cb3,0.25,false,false,near_mint,en,USD,2024-07-30T02:53:37.711Z
Library,binder,Forest,BLB,Bloomburrow,278,normal,common,2,95855,f791876a-f3fb-45b8-90a9-af846d8b8f74,0.35,false,false,near_mint,en,USD,2024-07-30T02:53:37.711Z
Library,binder,Mudflat Village,BLB,Bloomburrow,257,foil,uncommon,1,95628,53ec4ad3-9cf0-4f1b-a9db-d63feee594ab,0.46,false,false,near_mint,en,USD,2024-07-30T02:53:37.711Z
Library,binder,Agate Assault,BLB,Bloomburrow,122,normal,common,3,96066,7dd9946b-515e-4e0d-9da2-711e126e9fa6,0.19,false,false,near_mint,en,USD,2024-07-30T02:53:37.711Z
Library,binder,Psychic Whorl,BLB,Bloomburrow,105,normal,common,2,96127,df900308-8432-4a0a-be21-17482026012b,0.24,false,false,near_mint,en,USD,2024-07-30T02:53:37.711Z
Library,binder,Rust-Shield Rampager,BLB,Bloomburrow,190,normal,common,2,96117,c96b01f5-83de-4237-a68d-f946c53e31a6,0.24,false,false,near_mint,en,USD,2024-07-30T02:53:37.711Z
Library,binder,Wax-Wane Witness,BLB,Bloomburrow,39,normal,common,2,95971,d90ea719-5320-46c6-a347-161853a14776,0.25,false,false,near_mint,en,USD,2024-07-30T02:53:37.711Z
Library,binder,Mind Spiral,BLB,Bloomburrow,59,normal,common,3,96068,7e24fe6a-607b-49b8-9fca-cecb1e40de7f,0.2,false,false,near_mint,en,USD,2024-07-30T02:53:37.711Z
Library,binder,Skittering Surveyor,MOM,March of the Machine,264,normal,common,3,81404,8bae9f1d-e96d-444c-a0fd-5608243ee6c8,0.28,false,false,near_mint,en,USD,2024-05-06T04:40:58.907Z
Library,binder,"Ulamog, the Ceaseless Hunger",BFZ,Battle for Zendikar,15,normal,mythic,1,10336,1192f7a9-102e-4b3a-b154-18c8eb332217,32.08,false,false,near_mint,en,USD,2024-04-14T17:25:43.356Z
Library,binder,"Kozilek, the Great Distortion",OGW,Oath of the Gatewatch,4,normal,mythic,1,9378,f06fc6e0-b22c-40d3-bb53-d5ec400d921c,4.31,false,false,near_mint,en,USD,2024-04-14T17:33:48.864Z
Library,binder,Oblivion Sower,BFZ,Battle for Zendikar,11,normal,mythic,1,10340,22e07a4d-8096-4532-bb00-e6e66f1c6843,0.95,false,false,near_mint,en,USD,2024-04-14T23:32:26.393Z
Library,binder,Ruins of Oran-Rief,OGW,Oath of the Gatewatch,176,normal,rare,1,9206,9fed86e5-5631-401b-8820-9685f8296134,0.38,false,false,near_mint,en,USD,2024-04-14T23:32:26.393Z
Library,binder,Wastes,OGW,Oath of the Gatewatch,183,normal,common,27,9199,7019912c-bd9b-4b96-9388-400794909aa1,0.73,false,false,near_mint,en,USD,2024-04-14T23:32:26.393Z
Library,binder,Sea Gate Wreckage,OGW,Oath of the Gatewatch,177,normal,rare,1,9205,cd42576b-9de5-4d77-9d30-1ef5b5a4fd73,0.4,false,false,near_mint,en,USD,2024-04-14T23:32:26.393Z
Library,binder,"Ugin, the Spirit Dragon",FRF,Fate Reforged,1,normal,mythic,1,12125,58c1e824-c8a9-4312-8e4c-a29a26d189a4,26.93,false,false,near_mint,en,USD,2024-04-15T02:09:45.320Z
Library,binder,Drownyard Temple,SOI,Shadows over Innistrad,271,normal,rare,1,8725,a5bb5657-18a1-455c-a87a-4e67971184ac,0.34,false,false,near_mint,en,USD,2024-04-15T03:25:24.269Z
Library,binder,Mithril Coat,LTR,The Lord of the Rings: Tales of Middle-earth,245,foil,rare,1,82856,0fd1fc09-a09d-45e6-8a07-3a8a83b4e6ec,12.21,false,false,near_mint,en,USD,2024-04-17T05:16:23.360Z
Library,binder,Breaker of Armies,BFZ,Battle for Zendikar,3,normal,uncommon,1,10348,784e843e-7010-466d-adbd-1dd1595aead1,0.39,false,false,near_mint,en,USD,2024-04-17T05:27:15.636Z
Library,binder,"Zhulodok, Void Gorger",CMM,Commander Masters,752,normal,mythic,1,84781,b59ba1ee-8080-4f3e-a9a0-fa7b8b049e34,23.68,false,false,near_mint,en,USD,2024-05-06T04:44:00.374Z
Library,binder,Warping Wail,CMM,Commander Masters,812,normal,uncommon,1,84759,afcc9c88-836b-48b6-9d81-5a6844a6b70f,0.65,false,false,near_mint,en,USD,2024-05-07T03:39:10.892Z
Library,binder,Nevinyrral's Disk,CMM,Commander Masters,965,normal,rare,1,84234,36fb6ee3-bd54-4e5b-b055-c2c42515c162,0.48,false,false,near_mint,en,USD,2024-05-07T03:41:34.201Z
Library,binder,Urza's Power Plant,CMM,Commander Masters,1052,normal,common,1,84761,b0449a19-37f7-4169-9e32-928db5ec76fe,1.27,false,false,near_mint,en,USD,2024-05-07T03:41:34.201Z
Library,binder,Skittering Cicada,CMM,Commander Masters,717,normal,rare,1,84914,d3a83be9-856d-4c30-95f5-da72a5ac8263,4.81,false,false,near_mint,en,USD,2024-05-07T03:41:34.201Z
Library,binder,Urza's Mine,CMM,Commander Masters,1051,normal,common,1,84249,396bbb7d-ae61-4d8d-b931-9ed2f712832e,1.26,false,false,near_mint,en,USD,2024-05-07T03:41:34.201Z
Library,binder,It That Betrays,CMM,Commander Masters,805,normal,rare,1,84870,ca08b369-783d-4fe4-8fc8-9cd595638550,8.48,false,false,near_mint,en,USD,2024-05-07T03:41:34.201Z
Library,binder,All Is Dust,CMM,Commander Masters,800,normal,mythic,1,84287,4210c54e-89fd-4971-ab6a-ca8f4e7fe97a,5.13,false,false,near_mint,en,USD,2024-05-07T03:41:34.201Z
Library,binder,Not of This World,CMM,Commander Masters,807,normal,uncommon,1,84908,d18ce39e-211d-460b-a200-a26c17aeeb12,1.67,false,false,near_mint,en,USD,2024-05-07T03:41:34.201Z
Library,binder,Desecrate Reality,CMM,Commander Masters,714,normal,rare,1,84250,396db2cb-8fa0-436a-993d-de8bb13b848f,2.04,false,false,near_mint,en,USD,2024-05-07T03:41:34.201Z
Library,binder,Tiller Engine,DMC,Dominaria United Commander,20,normal,rare,1,71874,fa793e56-827c-4ba0-b330-4010a84e75f3,4.26,false,false,near_mint,en,USD,2024-05-07T03:41:34.201Z
Library,binder,Artisan of Kozilek,CMM,Commander Masters,801,normal,uncommon,1,84629,9312fada-fc31-46ac-b6a1-cfffd776856f,0.65,false,false,near_mint,en,USD,2024-05-07T03:41:34.201Z
Library,binder,Ugin's Mastery,MKC,Murders at Karlov Manor Commander,53,normal,rare,1,90460,995b5a27-6a95-4208-9d6d-3a3801a6d0ae,0.33,false,false,near_mint,en,USD,2024-05-07T03:41:34.201Z
Library,binder,Rise of the Eldrazi,CMM,Commander Masters,716,normal,rare,1,84330,4a4d851b-1fa9-4f5d-a8f6-6967b1ee5b50,8.54,false,false,near_mint,en,USD,2024-05-07T03:41:34.201Z
Library,binder,Calamity of the Titans,CMM,Commander Masters,713,normal,rare,1,84560,839a3a89-a87e-4108-87c5-74f656a6249f,1.63,false,false,near_mint,en,USD,2024-05-07T03:41:34.201Z
Library,binder,Pathrazer of Ulamog,CMM,Commander Masters,4,normal,uncommon,1,84866,c9b1d4d8-7df9-41e0-b2d9-dbca9c9f6994,1.65,false,false,near_mint,en,USD,2024-05-07T03:44:09.304Z
Library,binder,Gilded Lotus,CMM,Commander Masters,387,normal,rare,1,85028,eea7554e-be86-4d0f-8e80-0ccb4c2cd2f1,1.67,false,false,near_mint,en,USD,2024-05-07T03:44:09.304Z
Library,binder,Thawing Glaciers,ALL,Alliances,144,normal,rare,1,38658,6411a8c6-010f-4863-a0fa-bbebe09d5c34,16.37,false,false,near_mint,en,USD,2024-05-07T03:44:09.304Z
Library,binder,"Ugin, the Ineffable",CMM,Commander Masters,811,normal,rare,1,84195,2eb7e322-aba0-42f5-80a1-267f3444ac4d,2.12,false,false,near_mint,en,USD,2024-05-07T03:44:09.304Z
Library,binder,Palladium Myr,CMM,Commander Masters,967,normal,uncommon,1,85065,f7c6aba3-38c3-45d1-83e1-40829eb07862,1.01,false,false,near_mint,en,USD,2024-05-07T03:44:09.304Z
Library,binder,Deserted Temple,ODY,Odyssey,320,normal,rare,1,31857,d1fa74b2-f9bd-4617-8b65-878781f3a2fd,13.67,false,false,near_mint,en,USD,2024-05-07T03:44:09.304Z
Library,binder,Eldrazi Temple,CMM,Commander Masters,992,normal,uncommon,1,84880,cbab7e1f-305e-4733-aa70-b27285740925,4.86,false,false,near_mint,en,USD,2024-05-07T03:44:09.304Z
Library,binder,Skittering Invasion,ROE,Rise of the Eldrazi,10,normal,uncommon,1,21957,270f0e5b-2c46-4816-a195-cfce16570bde,1.89,false,false,near_mint,en,USD,2024-05-07T03:44:09.304Z
Library,binder,Eldrazi Conscription,UMA,Ultimate Masters,3,normal,rare,1,43492,c3909816-5cc2-4712-bc7d-534ae0b9229c,11.57,false,false,near_mint,en,USD,2024-05-07T03:44:09.304Z
Library,binder,Endless One,CMM,Commander Masters,804,normal,rare,1,83976,00b3c10a-799f-4922-bb0a-44981b13203b,0.51,false,false,near_mint,en,USD,2024-05-07T03:44:09.304Z
Library,binder,"Predator, Flagship",CMA,Commander Anthology,225,normal,rare,1,5061,4910ee8b-ec00-4a5e-859e-b865b23117da,0.48,false,false,near_mint,en,USD,2024-05-07T03:44:09.304Z
Library,binder,Urza's Tower,CMM,Commander Masters,1053,normal,common,1,84125,1e9f09b3-dd2d-4ba9-a57e-4f3c1793f752,1.09,false,false,near_mint,en,USD,2024-05-07T03:44:09.304Z
Library,binder,Gollum's Bite,LTR,The Lord of the Rings: Tales of Middle-earth,85,normal,uncommon,1,82900,1b1e790e-ff82-4888-8aee-9986c646241a,0.09,false,false,near_mint,en,USD,2024-04-16T20:43:59.787Z
Library,binder,"Gollum, Patient Plotter",LTR,The Lord of the Rings: Tales of Middle-earth,84,normal,uncommon,1,83069,4ddda7d4-0226-404f-8418-f1f5720dcef8,0.12,false,false,near_mint,en,USD,2024-04-16T20:37:25.604Z
Library,binder,Geode Golem,C18,Commander 2018,56,normal,uncommon,1,787,05faf1a6-df6b-49fa-bbba-aaf52c39643f,0.27,false,false,near_mint,en,USD,2024-07-30T04:54:19.125Z
Library,binder,Foundry Inspector,CMM,Commander Masters,385,foil,common,1,84093,16debeb1-fb2b-4172-b6da-726416d4fb38,1.23,false,false,near_mint,en,USD,2024-07-30T04:54:28.368Z
Library,binder,Eldrazi Ravager,MH3,Modern Horizons 3,5,normal,uncommon,1,94339,0ce97bb8-b0ee-4473-8c26-a3ec91abec97,0.17,false,false,near_mint,en,USD,2024-07-30T04:54:35.252Z
Library,binder,Crashing Drawbridge,ELD,Throne of Eldraine,217,normal,common,1,46121,b7d7108f-635c-423b-988a-bc8fc4c6edef,0.5,false,false,near_mint,en,USD,2024-07-30T04:54:43.935Z
Library,binder,Zhalfirin Void,AFC,Forgotten Realms Commander,273,normal,uncommon,1,60874,d481d871-d1e3-439b-bfd5-5b2212f9b0c8,0.37,false,false,near_mint,en,USD,2024-07-30T04:55:05.862Z
Library,binder,War Room,MKC,Murders at Karlov Manor Commander,310,normal,rare,1,90479,a824d5c0-cdd3-42e2-ac04-b8cada566163,1.71,false,false,near_mint,en,USD,2024-07-30T04:55:12.738Z
Library,binder,Tyrite Sanctum,KHM,Kaldheim,272,normal,rare,1,56809,309ff3bf-acd3-4bea-b518-6e25f6cfce61,0.9,false,false,near_mint,en,USD,2024-07-30T04:55:19.821Z
Library,binder,Tomb of the Spirit Dragon,KTK,Khans of Tarkir,245,normal,uncommon,1,13153,eb6be7ab-8fad-4606-b623-f2188219d60b,0.39,false,false,near_mint,en,USD,2024-07-30T04:55:25.905Z
Library,binder,Labyrinth of Skophos,MKC,Murders at Karlov Manor Commander,272,normal,rare,1,90322,388169df-4cce-452d-9215-e3f814ff4fdf,0.25,false,false,near_mint,en,USD,2024-07-30T04:55:33.389Z
Library,binder,Hall of Tagsin,BRO,The Brothers' War,263,normal,rare,1,75692,a8007012-39c5-4247-ba77-1cfcaade37fa,0.38,false,false,near_mint,en,USD,2024-07-30T04:55:39.731Z
Library,binder,Encroaching Wastes,CMR,Commander Legends,481,normal,uncommon,1,56148,a591bffd-2f03-48f4-a719-04f2142abd77,0.25,false,false,near_mint,en,USD,2024-07-30T04:55:45.873Z
Library,binder,Buried Ruin,PIP,Fallout,254,normal,uncommon,1,92427,8b3ebfce-47cd-4ebe-bfeb-2cb22a1bd9ec,0.26,false,false,near_mint,en,USD,2024-07-30T04:55:52.732Z
Library,binder,Blast Zone,WAR,War of the Spark,244,normal,rare,1,44160,ea6bc7d5-e8f6-4103-920c-9f7ec5cd6c28,0.53,false,false,near_mint,en,USD,2024-07-30T04:55:58.291Z
Library,binder,Arch of Orazca,CMM,Commander Masters,986,normal,rare,1,84030,0b4046d8-9f53-4b33-b76c-54bc5e83f496,0.3,false,false,near_mint,en,USD,2024-07-30T04:56:03.858Z
Library,binder,Worn Powerstone,MH3,Modern Horizons 3,298,normal,uncommon,1,94578,ace686ad-9e3f-41b3-b8eb-d1b6d45eb4e1,0.23,false,false,near_mint,en,USD,2024-07-30T04:56:12.975Z
Library,binder,Urza's Incubator,MH3,Modern Horizons 3,297,normal,rare,1,94809,c4589226-6072-409b-b598-ebd87f675a6a,9.69,false,false,near_mint,en,USD,2024-07-30T04:56:18.425Z
Library,binder,Thran Dynamo,CMM,Commander Masters,415,normal,uncommon,1,84533,7ce5f12e-fc02-42f8-a5ca-b523050d4650,2.13,false,false,near_mint,en,USD,2024-07-30T04:56:24.276Z
Library,binder,Mind's Eye,BRR,The Brothers' War Retro Artifacts,33,normal,mythic,1,75318,1a563a5d-2619-445c-b72e-d588e82e0900,3.51,false,false,near_mint,en,USD,2024-07-30T04:56:36.469Z
Library,binder,Mask of Memory,ONC,Phyrexia: All Will Be One Commander,136,normal,uncommon,3,78841,c6c4dffd-0ae9-493d-afa4-d1eb8bdba582,0.95,false,false,near_mint,en,USD,2024-07-30T04:56:42.027Z
Library,binder,Infiltration Lens,SOM,Scars of Mirrodin,167,normal,uncommon,1,20865,1baa10da-2733-4657-a1ea-74eb5a5a82b1,0.95,false,false,near_mint,en,USD,2024-07-30T04:56:47.469Z
Library,binder,Forsaken Monument,ZNR,Zendikar Rising,244,normal,mythic,1,54512,33568871-dab0-4c09-b9f0-0ae78a46a06d,4.92,false,false,near_mint,en,USD,2024-07-30T04:56:53.386Z
Library,binder,Fireshrieker,CMM,Commander Masters,949,normal,uncommon,1,84402,5c43291d-87c8-4773-99b0-6b7a9d302cd8,0.35,false,false,near_mint,en,USD,2024-07-30T04:56:58.462Z
Library,binder,Everflowing Chalice,2XM,Double Masters,254,normal,common,1,52175,9cd8112f-21e0-4272-9f0d-14d1ef989779,0.43,false,false,near_mint,en,USD,2024-07-30T04:57:03.429Z
Library,binder,Dreamstone Hedron,CMR,Commander Legends,307,normal,uncommon,1,56107,77a0b45f-d044-4d59-81fd-c2683beca401,0.25,false,false,near_mint,en,USD,2024-07-30T04:57:09.021Z
Library,binder,Wandering Archaic // Explore the Vastlands,STX,Strixhaven: School of Mages,6,normal,rare,1,58012,18a2bdc8-b705-4eb5-b3a5-ff2e2ab8f312,6.22,false,false,near_mint,en,USD,2024-07-30T04:57:17.922Z
Library,binder,Entish Restoration,LTR,The Lord of the Rings: Tales of Middle-earth,163,normal,uncommon,4,83513,cd4dbf80-187b-40e3-9e0b-526f78d9a34e,1.92,false,false,near_mint,en,USD,2024-04-16T06:30:31.098Z
Library,binder,Horn of the Mark,LTR,The Lord of the Rings: Tales of Middle-earth,241,normal,rare,1,83572,dd86b71f-d736-426f-bf15-013bc8da1a08,0.42,false,false,near_mint,en,USD,2024-04-16T06:10:35.163Z
Library,binder,Lembas,LTR,The Lord of the Rings: Tales of Middle-earth,243,normal,common,1,83004,3b46aacf-b31a-4380-9e4b-82795fbaba3b,0.55,false,false,near_mint,en,USD,2024-04-16T20:26:28.312Z
Library,binder,Rupture Spire,CMR,Commander Legends,355,normal,common,1,56188,c7ef4b15-efab-4255-ac2d-7794f253aa52,0.17,false,false,near_mint,en,USD,2024-07-30T06:20:53.610Z
Library,binder,Gateway Plaza,WAR,War of the Spark,246,normal,common,1,44158,81d69cf2-8643-4926-857e-febbd54d870f,0.2,false,false,near_mint,en,USD,2024-07-30T06:21:12.320Z
Library,binder,Prophetic Prism,CMM,Commander Masters,404,normal,common,1,84457,6cbd46d2-b4f2-48d0-a1c4-87ea625ec8bc,0.35,false,false,near_mint,en,USD,2024-05-06T04:32:39.776Z
Library,binder,Cast into the Fire,LTR,The Lord of the Rings: Tales of Middle-earth,118,normal,common,2,82962,2ef878cb-27b6-47d8-ad11-bd20529b0e7e,0.35,false,false,near_mint,en,USD,2024-04-16T20:26:28.312Z
Library,binder,Minas Tirith,LTR,The Lord of the Rings: Tales of Middle-earth,341,normal,rare,1,83243,82e8a91c-74ee-411b-9d74-4e72df24258b,3.89,false,false,near_mint,en,USD,2024-07-30T08:00:58.854Z
Library,binder,"Adéwalé, Breaker of Chains",ACR,Assassin's Creed,136,normal,uncommon,1,95484,c2e0ee24-94fc-4042-b3cf-a5a8a2432ba4,0.15,false,false,near_mint,en,USD,2024-08-01T04:18:18.501Z
Library,binder,Assassin Initiate,ACR,Assassin's Creed,22,normal,uncommon,1,95341,3ce4e330-d878-48f3-b9fe-3158d69f2da2,0.19,false,false,near_mint,en,USD,2024-08-01T04:18:18.501Z
Library,binder,Adrestia,ACR,Assassin's Creed,68,normal,uncommon,1,95468,b3d878fc-cc21-407f-b3cc-95bf2d717a80,0.2,false,false,near_mint,en,USD,2024-08-01T04:18:18.501Z
Library,binder,Murder,ACR,Assassin's Creed,92,normal,uncommon,1,95422,86d73f4c-0bbd-4616-81a6-102db6cd7db9,0.15,false,false,near_mint,en,USD,2024-08-01T04:18:18.501Z
Library,binder,Cover of Darkness,ACR,Assassin's Creed,89,normal,rare,1,91720,512263f7-975a-4107-b58f-6c8ec85e375e,5.33,false,false,near_mint,en,USD,2024-08-01T04:18:18.501Z
Library,binder,Fall of the First Civilization,ACR,Assassin's Creed,4,foil,uncommon,1,95419,85a8c84b-7d6c-4068-97b1-bc5dec46732c,0.23,false,false,near_mint,en,USD,2024-08-01T04:18:18.501Z
Library,binder,Refurbished Familiar,MH3,Modern Horizons 3,105,normal,common,1,94881,b338e078-629c-4cac-bd1d-e1f0a132728d,0.2,false,false,near_mint,en,USD,2024-08-01T04:49:51.111Z
Library,binder,Nezumi Bladeblesser,NEO,Kamigawa: Neon Dynasty,318,normal,common,1,66517,317bdf0d-df7d-4ca2-8131-060ba7cf2602,0.12,false,false,near_mint,en,USD,2024-08-01T04:49:51.111Z
Library,binder,The Autonomous Furnace,ONE,Phyrexia: All Will Be One,247,normal,common,1,78824,c16f96f5-a2a6-4ac4-bdae-326cee92bf2e,0.2,false,false,near_mint,en,USD,2024-08-01T04:49:51.111Z
Library,binder,The Fair Basilica,ONE,Phyrexia: All Will Be One,252,normal,common,1,78371,01d6ba55-7bc0-41c6-84be-8cd528e46a05,0.2,false,false,near_mint,en,USD,2024-08-01T04:49:51.111Z
Library,binder,The Surgical Bay,ONE,Phyrexia: All Will Be One,260,normal,common,1,78431,1b49ec35-2c4f-4144-85fe-226f7cb67266,0.15,false,false,near_mint,en,USD,2024-08-01T04:49:51.111Z
Library,binder,Masked Bandits,SNC,Streets of New Capenna,201,normal,common,1,67588,03757415-6b58-42d3-9452-a862e90647ee,0.11,false,false,near_mint,en,USD,2024-08-01T04:49:51.111Z
Library,binder,Network Terminal,NEO,Kamigawa: Neon Dynasty,251,normal,common,1,66917,d61e596f-97ef-4eb3-af42-ddfe50d07667,0.17,false,false,near_mint,en,USD,2024-08-01T04:49:51.111Z
Library,binder,Infantry Veteran,BRB,Battle Royale Box Set,34,normal,common,1,34026,622b9f02-d031-475c-8381-99cf0d82a4b5,0.25,false,false,near_mint,en,USD,2024-08-01T04:49:51.111Z
Library,binder,Captain Ripley Vance,CMM,Commander Masters,209,normal,uncommon,1,84931,d640bc10-51ce-48e9-bceb-c3e69d7eae31,0.2,false,false,near_mint,en,USD,2024-08-01T04:49:51.111Z
Library,binder,"Zahid, Djinn of the Lamp",CMM,Commander Masters,136,normal,uncommon,1,84578,880fc139-4200-483f-bdb1-dc9ef32d63a5,0.2,false,false,near_mint,en,USD,2024-08-01T04:49:51.111Z
Library,binder,"Valduk, Keeper of the Flame",DOM,Dominaria,148,normal,uncommon,1,2128,253f9e43-5bc6-4f26-a8e9-773cd0ca3d02,0.2,false,false,near_mint,en,USD,2024-08-01T04:49:51.111Z
Library,binder,Steel Wall,MRD,Mirrodin,248,normal,common,1,29797,3d641aaf-e2ff-4ccb-9e4e-27bbfc31ba8c,0.29,false,false,near_mint,en,USD,2024-08-01T04:49:51.111Z
Library,binder,Voidpouncer,MH3,Modern Horizons 3,143,normal,common,3,94841,1f9b8532-4f1a-4653-9cbb-befba8169e5a,0.09,false,false,near_mint,en,USD,2024-08-01T04:49:51.111Z
Library,binder,Fungal Fortitude,LCI,The Lost Caverns of Ixalan,106,normal,common,1,88738,9d2bd0ca-521c-45d9-85ed-2f36f583408e,0.15,false,false,near_mint,en,USD,2024-08-01T04:49:51.111Z
Library,binder,Prophetic Prism,ONE,Phyrexia: All Will Be One,238,normal,common,1,78481,3056ac38-7630-4301-88bb-a012a5b186ed,0.15,false,false,near_mint,en,USD,2024-08-01T04:49:51.111Z
Library,binder,"Ezuri, Stalker of Spheres",ONE,Phyrexia: All Will Be One,317,foil,rare,1,78790,b3be4338-2c79-470a-a11f-8f7370d98e85,0.7,false,false,near_mint,en,USD,2024-08-01T16:51:22.895Z
Library,binder,Tazeem Raptor,ZNR,Zendikar Rising,43,normal,common,1,54497,299d60b9-0ba7-40ee-b9d0-ee8f1ea288c9,0.1,false,false,near_mint,en,USD,2024-08-01T16:51:22.895Z
Library,binder,The Monumental Facade,ONE,Phyrexia: All Will Be One,255,normal,rare,1,78877,d6785057-0d06-4f91-b45f-c05f7c4e2b19,0.25,false,false,near_mint,en,USD,2024-08-01T16:51:22.895Z
Library,binder,"Imoti, Celebrant of Bounty",MUL,Multiverse Legends,43,normal,uncommon,1,81194,ab58b800-2caa-4b0b-9548-9c43e97bc213,0.25,false,false,near_mint,en,USD,2024-08-01T16:51:37.071Z
Library,binder,"Graaz, Unstoppable Juggernaut",ONE,Phyrexia: All Will Be One,334,normal,rare,1,78655,7e29a758-d930-4a99-b524-fc72bd125485,0.35,false,false,near_mint,en,USD,2024-08-01T16:52:02.356Z
Library,binder,Soulless Jailer,ONE,Phyrexia: All Will Be One,241,foil,rare,1,78821,bf9991fd-ea6a-4ed7-b5f1-46a95f8d0634,1.76,false,false,near_mint,en,USD,2024-08-01T16:52:29.749Z
Library,binder,Canyon Jerboa,ZNR,Zendikar Rising,290,normal,uncommon,1,54734,c0250dc8-9d4c-428a-9e34-9e3577be4745,0.2,false,false,near_mint,en,USD,2024-08-01T16:53:15.986Z
Library,binder,Canyon Jerboa,ZNR,Zendikar Rising,7,normal,uncommon,1,54491,26b3938e-ebd7-4668-be3a-422c02ff5b08,0.2,false,false,near_mint,en,USD,2024-08-01T16:53:15.986Z
Library,binder,Chittering Skitterling,ONE,Phyrexia: All Will Be One,87,foil,uncommon,1,78901,e0328d43-ae9b-462a-a1e5-8ed408eea1a7,0.24,false,false,near_mint,en,USD,2024-08-01T16:53:15.986Z
Library,binder,Mana Geode,WAR,War of the Spark,241,normal,common,1,44163,17315a12-a7f8-45ba-ac3b-a62c789e75d0,0.25,false,false,near_mint,en,USD,2024-08-02T09:15:40.196Z
Library,binder,The Grey Havens,LTR,The Lord of the Rings: Tales of Middle-earth,443,normal,uncommon,1,83319,9714aa30-1db2-4670-9a0b-72acfc3f703c,0.1,false,false,near_mint,en,USD,2024-04-16T20:26:28.312Z
Library,binder,Shoreline Looter,BLB,Bloomburrow,70,normal,uncommon,1,95837,d5bf8cf0-419a-4dc9-9342-aad55c1af05a,0.25,false,false,near_mint,en,USD,2024-08-02T09:30:20.802Z
Library,binder,Tribute to Horobi // Echo of Death's Wail,NEO,Kamigawa: Neon Dynasty,124,normal,rare,1,66539,54613f38-ca91-4764-b1fe-60cd83707fb4,0.25,false,false,near_mint,en,USD,2024-08-06T21:57:41.090Z
Library,binder,Horn of the Mark,LTR,The Lord of the Rings: Tales of Middle-earth,241,normal,rare,2,83572,dd86b71f-d736-426f-bf15-013bc8da1a08,0.42,false,false,near_mint,en,USD,2024-04-16T06:10:35.163Z
Library,binder,Bilbo's Ring,LTR,The Lord of the Rings: Tales of Middle-earth,298,normal,rare,1,83297,91dbeac4-1c39-4a4f-84e7-1b71f7468c8f,5.9,false,false,near_mint,en,USD,2024-08-10T18:33:57.445Z
Library,binder,Shower of Arrows,LTR,The Lord of the Rings: Tales of Middle-earth,188,normal,common,4,83300,92cd3884-18d1-4200-b28e-a52349ef37aa,0.07,false,false,near_mint,en,USD,2024-04-15T01:51:55.035Z
Library,binder,Soul of the Harvest,W16,Welcome Deck 2016,16,normal,rare,2,9083,d6794f92-1895-41fe-931f-42b0744e9f2e,0.89,false,false,near_mint,en,USD,2024-04-15T02:19:16.428Z
Library,binder,Foul Orchard,SOI,Shadows over Innistrad,275,normal,uncommon,3,8721,2378ac21-9912-40d7-972d-b1b71a8e4984,0.14,false,false,near_mint,en,USD,2024-04-15T03:38:10.049Z
Library,binder,Hissing Quagmire,OGW,Oath of the Gatewatch,171,normal,rare,2,9211,6ef11b54-205a-48e9-92d0-5d416be869ef,0.9,false,false,near_mint,en,USD,2024-04-15T03:38:10.049Z
Library,binder,Pulse of Murasa,OGW,Oath of the Gatewatch,141,normal,common,5,9241,c0c8057f-b45b-4f67-90cd-c808b5e9cbfa,0.07,false,false,near_mint,en,USD,2024-04-15T22:07:44.544Z
Library,binder,Geyserfield Stalker,BFZ,Battle for Zendikar,111,normal,common,2,10240,d4d1e1e1-fa24-4e78-a77c-4d41a58b8aa0,0.04,false,false,near_mint,en,USD,2024-04-15T22:28:19.268Z
Library,binder,Elven Farsight,LTR,The Lord of the Rings: Tales of Middle-earth,161,normal,common,4,83195,73d135b2-d2b8-499c-84d9-824370c19ccc,0.07,false,false,near_mint,en,USD,2024-04-16T06:00:55.805Z
Library,binder,Cirith Ungol Patrol,LTR,The Lord of the Rings: Tales of Middle-earth,80,normal,common,5,83215,7cd03837-37cc-4f6c-8e22-e3b0ff635462,0.01,false,false,near_mint,en,USD,2024-04-16T06:14:57.965Z
Library,binder,Mirror of Galadriel,LTR,The Lord of the Rings: Tales of Middle-earth,244,normal,uncommon,4,83454,bc95036f-98f2-4ea7-93bb-542ad7064540,0.14,false,false,near_mint,en,USD,2024-04-16T20:26:28.312Z
Library,binder,Shortcut to Mushrooms,LTR,The Lord of the Rings: Tales of Middle-earth,187,normal,uncommon,4,82870,13bc14f9-c90c-499d-9024-3182d78e0a88,0.18,false,false,near_mint,en,USD,2024-04-16T20:26:28.312Z
Library,binder,Rise of the Witch-king,LTR,The Lord of the Rings: Tales of Middle-earth,221,normal,uncommon,4,83020,3f440fa1-5387-41d6-a80f-5b19dbb21514,0.2,false,false,near_mint,en,USD,2024-04-16T20:26:28.312Z
Library,binder,Dúnedain Rangers,LTR,The Lord of the Rings: Tales of Middle-earth,159,foil,uncommon,2,83133,630e1e36-2f5d-44d4-9ff2-19ae75295016,0.06,false,false,near_mint,en,USD,2024-04-16T20:26:28.312Z
Library,binder,Enraged Huorn,LTR,The Lord of the Rings: Tales of Middle-earth,162,normal,common,5,83383,a9b48836-6d37-46eb-8c41-a3eeecc72ae1,0.03,false,false,near_mint,en,USD,2024-04-16T20:37:25.604Z
Library,binder,Revive the Shire,LTR,The Lord of the Rings: Tales of Middle-earth,185,normal,common,4,83045,46b7f493-1b57-4b07-8510-30703282f879,0.05,false,false,near_mint,en,USD,2024-04-16T20:37:25.604Z
Library,binder,Shire Terrace,LTR,The Lord of the Rings: Tales of Middle-earth,261,normal,common,3,82936,25932483-58cd-4ae5-82bf-ab455177d117,0.09,false,false,near_mint,en,USD,2024-04-16T20:37:25.604Z
Library,binder,Old Man Willow,LTR,The Lord of the Rings: Tales of Middle-earth,217,foil,uncommon,2,82826,0362b7c4-fff5-4bc2-b32d-913f85c23cc4,0.32,false,false,near_mint,en,USD,2024-04-16T20:51:23.417Z
Library,binder,Mirrormere Guardian,LTR,The Lord of the Rings: Tales of Middle-earth,179,normal,common,4,83244,8315d7cc-fc2c-45b1-8340-11ff2af3beb5,0.1,false,false,near_mint,en,USD,2024-04-16T20:51:23.417Z
Library,binder,Territorial Baloth,BFZ,Battle for Zendikar,196,normal,common,2,10155,0c3d4afc-5bb7-4159-9a11-f9c989dd9043,0.02,false,false,near_mint,en,USD,2024-04-17T05:55:54.894Z
Library,binder,The Ring Goes South,LTR,The Lord of the Rings: Tales of Middle-earth,186,normal,rare,1,83010,3c8a4c7d-527c-49ea-a115-a9e747c0fd03,0.24,false,false,near_mint,en,USD,2024-04-19T01:45:07.707Z
Library,binder,The Shire,LTR,The Lord of the Rings: Tales of Middle-earth,260,normal,rare,3,83539,d5178a1b-588b-4414-a370-ac6eed51187a,1.38,false,false,near_mint,en,USD,2024-04-19T01:50:32.962Z
Library,binder,"Sméagol, Helpful Guide",LTR,The Lord of the Rings: Tales of Middle-earth,231,normal,rare,1,82866,13253f8d-1897-41e8-a904-9e57ac7eff0a,0.38,false,false,near_mint,en,USD,2024-04-20T09:00:02.989Z
Library,binder,Minas Tirith,LTR,The Lord of the Rings: Tales of Middle-earth,256,normal,rare,1,83408,b38b6760-616f-4b11-8ce7-ac1223c7fd53,4.2,false,false,near_mint,en,USD,2024-08-14T05:45:50.785Z
Library,binder,Gollum's Bite,LTR,The Lord of the Rings: Tales of Middle-earth,85,normal,uncommon,1,82900,1b1e790e-ff82-4888-8aee-9986c646241a,0.09,false,false,near_mint,en,USD,2024-04-16T20:43:59.787Z
Library,binder,"Kastral, the Windcrested",BLB,Bloomburrow,221,normal,rare,1,95850,ebf68793-22a2-4a59-9d37-6791584edca1,0.26,false,false,near_mint,en,USD,2024-08-31T18:14:43.157Z
Library,binder,Polliwallop,BLB,Bloomburrow,189,foil,common,1,95935,6bc4963c-d90b-4588-bdb7-85956e42a623,0.2,false,false,near_mint,en,USD,2024-08-31T18:14:43.157Z
Library,binder,Into the Flood Maw,BLB,Bloomburrow,52,normal,uncommon,2,95919,50b9575a-53d9-4df7-b86c-cda021107d3f,2.29,false,false,near_mint,en,USD,2024-08-31T18:14:43.157Z
Library,binder,Cache Grab,BLB,Bloomburrow,167,normal,common,1,95842,dfd977dc-a7c3-4d0a-aca7-b25bd154e963,0.15,false,false,near_mint,en,USD,2024-08-31T18:14:43.157Z
Library,binder,Take Out the Trash,BLB,Bloomburrow,156,normal,common,1,95940,7a1c6f00-af4c-4d35-b682-6c0e759df9a5,0.1,false,false,near_mint,en,USD,2024-08-31T18:14:43.157Z
Library,binder,Warren Elder,BLB,Bloomburrow,37,normal,common,1,96030,4bf20069-5a20-4f95-976b-6af2b69f3ad0,0.1,false,false,near_mint,en,USD,2024-08-31T18:14:43.157Z
Library,binder,Mockingbird,BLB,Bloomburrow,61,normal,rare,1,95959,ade32396-8841-4ba4-8852-d11146607f21,4.97,false,false,near_mint,en,USD,2024-08-31T18:14:43.157Z
Library,binder,"Helga, Skittish Seer",BLB,Bloomburrow,217,normal,mythic,1,95914,40339715-22d0-4f99-822b-a00d9824f27a,3.49,false,false,near_mint,en,USD,2024-08-31T18:14:43.157Z
Library,binder,Lilypad Village,BLB,Bloomburrow,255,foil,uncommon,1,95631,7e95a7cc-ed77-4ca4-80db-61c0fc68bf50,0.26,false,false,near_mint,en,USD,2024-08-31T18:14:43.157Z
Library,binder,Forest,BLB,Bloomburrow,278,foil,common,1,95855,f791876a-f3fb-45b8-90a9-af846d8b8f74,0.44,false,false,near_mint,en,USD,2024-08-31T18:14:43.157Z
Library,binder,Stocking the Pantry,BLB,Bloomburrow,194,normal,uncommon,1,96033,50e95c7b-f0b2-4276-8c5e-4191b7ba35d1,0.2,false,false,near_mint,en,USD,2024-08-31T18:14:43.157Z
Library,binder,Oakhollow Village,BLB,Bloomburrow,258,normal,uncommon,1,95624,0d49b016-b02b-459f-85e9-c04f6bdcb94e,0.26,false,false,near_mint,en,USD,2024-08-31T18:14:43.157Z
Library,binder,Skyskipper Duo,BLB,Bloomburrow,71,normal,common,2,96476,d6844bad-ffbe-4c6e-b438-08562eccea52,0.17,false,false,near_mint,en,USD,2024-08-31T18:14:43.157Z
Library,binder,Pond Prophet,BLB,Bloomburrow,229,normal,common,1,95861,fb959e74-61ea-453d-bb9f-ad0183c0e1b1,0.15,false,false,near_mint,en,USD,2024-08-31T18:14:43.157Z
Library,binder,Whiskerquill Scribe,BLB,Bloomburrow,161,normal,common,1,96124,da653996-9bd4-40bd-afb4-48c7e070a269,0.1,false,false,near_mint,en,USD,2024-08-31T18:14:43.157Z
Library,binder,Lupinflower Village,BLB,Bloomburrow,256,normal,uncommon,1,95634,8ab9d56f-9178-4ec9-a5f6-b934f50d8d9d,0.23,false,false,near_mint,en,USD,2024-08-31T18:14:43.157Z
Library,binder,Seasoned Warrenguard,BLB,Bloomburrow,30,normal,uncommon,1,96081,90873995-876f-4e89-8bc7-41a74f4d931f,0.2,false,false,near_mint,en,USD,2024-08-31T18:14:43.157Z
Library,binder,Reptilian Recruiter,BLB,Bloomburrow,149,normal,uncommon,1,96072,81dec453-c9d7-42cb-980a-c82f82bede76,0.15,false,false,near_mint,en,USD,2024-08-31T18:14:43.157Z
Library,binder,Valley Rotcaller,BLB,Bloomburrow,119,normal,rare,1,95781,4da80a9a-b1d5-4fc5-92f7-36946195d0c7,3.13,false,false,near_mint,en,USD,2024-08-31T18:14:43.157Z
Library,binder,Sazacap's Brew,BLB,Bloomburrow,151,foil,common,1,96330,6d963080-b3ec-467d-82f7-39db6ecd6bbc,0.15,false,false,near_mint,en,USD,2024-08-31T18:14:43.157Z
Library,binder,Mind Drill Assailant,BLB,Bloomburrow,225,foil,common,1,95783,507ba708-ca9b-453e-b4c2-23b6650eb5a8,0.15,false,false,near_mint,en,USD,2024-08-31T18:14:43.157Z
Library,binder,Starfall Invocation,BLB,Bloomburrow,34,normal,rare,1,95904,2aea38e6-ec58-4091-b27c-2761bdd12b13,0.98,false,false,near_mint,en,USD,2024-08-31T18:14:43.157Z
Library,binder,Quaketusk Boar,BLB,Bloomburrow,146,normal,uncommon,2,95869,2f2b7fd3-a139-49ea-8a89-b64261e868ef,0.15,false,false,near_mint,en,USD,2024-08-31T18:14:43.157Z
Library,binder,Druid of the Spade,BLB,Bloomburrow,170,normal,common,3,96054,6b485cf7-bad0-4824-9ba7-cb112ce4769f,0.07,false,false,near_mint,en,USD,2024-08-31T18:14:43.157Z
Library,binder,Nocturnal Hunger,BLB,Bloomburrow,102,normal,common,2,96060,742c0409-9abd-4559-b52e-932cc90c531a,0.11,false,false,near_mint,en,USD,2024-08-31T18:14:43.157Z
Library,binder,Bumbleflower's Sharepot,BLB,Bloomburrow,244,normal,common,2,95924,5f0affd5-5dcd-4dd1-a694-37a9aedf4084,0.1,false,false,near_mint,en,USD,2024-08-31T18:14:43.157Z
Library,binder,Bakersbane Duo,BLB,Bloomburrow,163,normal,common,2,96035,5309354f-1ff4-4fa9-9141-01ea2f7588ab,0.13,false,false,near_mint,en,USD,2024-08-31T18:14:43.157Z
Library,binder,Starscape Cleric,BLB,Bloomburrow,116,normal,uncommon,2,96037,53a938a7-0154-4350-87cb-00da24ec3824,0.25,false,false,near_mint,en,USD,2024-08-31T18:14:43.157Z
Library,binder,Odylic Wraith,WTH,Weatherlight,77,normal,uncommon,1,37220,3a3b7cd1-051c-43a8-b5f0-72a9d704efbc,0.4,false,false,near_mint,en,USD,2024-09-29T21:07:46.049Z
Library,binder,Street Wraith,DMR,Dominaria Remastered,102,normal,common,1,77925,5d09cc57-2275-4b6b-aaf6-a6d781cd9365,0.25,false,false,near_mint,en,USD,2024-09-29T21:07:56.783Z
Library,binder,Bog Tatters,ZEN,Zendikar,84,normal,common,1,22540,a0830c00-02fa-4fc8-907c-19d4b7f9cd6e,0.2,false,false,near_mint,en,USD,2024-09-29T21:08:05.951Z
Library,binder,"Marchesa, the Black Rose",2X2,Double Masters 2022,248,normal,rare,1,70144,3242a9f0-2ba3-4852-ac8f-366772ac1c62,1.56,false,false,near_mint,en,USD,2024-09-29T21:54:03.593Z
Library,binder,Forsaken Sanctuary,SOI,Shadows over Innistrad,273,normal,uncommon,3,8723,0bd86cac-08c1-4db0-ab54-4bb65a771efe,0.13,false,false,near_mint,en,USD,2024-04-15T03:38:10.049Z
Library,binder,Grasp of Darkness,OGW,Oath of the Gatewatch,85,normal,uncommon,3,9297,7d692236-92e5-460f-a8fc-8f6c73eba30c,0.11,false,false,near_mint,en,USD,2024-04-15T22:24:44.604Z
Library,binder,Lost to Legend,LTR,The Lord of the Rings: Tales of Middle-earth,22,normal,uncommon,7,83480,c4e40481-aeaa-4b3d-a020-e9b6d7c11992,0.09,false,false,near_mint,en,USD,2024-04-16T06:00:55.805Z
Library,binder,Lobelia Sackville-Baggins,LTR,The Lord of the Rings: Tales of Middle-earth,93,normal,rare,3,83263,87500b92-3d68-42f3-afa9-f8206b2ebcbb,0.2,false,false,near_mint,en,USD,2024-04-16T06:30:31.098Z
Library,binder,"Faramir, Field Commander",LTR,The Lord of the Rings: Tales of Middle-earth,303,normal,uncommon,4,82815,008b953a-da2b-4c30-9424-6d6e3e938251,0.03,false,false,near_mint,en,USD,2024-04-16T06:30:31.098Z
Library,binder,Uruk-hai Berserker,LTR,The Lord of the Rings: Tales of Middle-earth,112,normal,common,3,83302,936421a0-2c2a-4410-941d-4e6b88166bd1,0.02,false,false,near_mint,en,USD,2024-04-16T20:26:28.312Z
Library,binder,War of the Last Alliance,LTR,The Lord of the Rings: Tales of Middle-earth,36,normal,rare,1,83120,60ddf2cd-5b33-4c8a-a610-8e6a15404dde,0.83,false,false,near_mint,en,USD,2024-04-16T20:26:28.312Z
Library,binder,The Black Breath,LTR,The Lord of the Rings: Tales of Middle-earth,78,normal,common,3,82916,1e63983d-c36b-4440-b9e1-baaa6c7c0ba9,0.13,false,false,near_mint,en,USD,2024-04-16T20:26:28.312Z
Library,binder,"Now for Wrath, Now for Ruin!",LTR,The Lord of the Rings: Tales of Middle-earth,24,normal,common,4,83475,c2e2c80d-7581-46ba-8237-7886b91c19b3,0.02,false,false,near_mint,en,USD,2024-04-16T20:37:25.604Z
Library,binder,One Ring to Rule Them All,LTR,The Lord of the Rings: Tales of Middle-earth,102,normal,rare,2,83447,bb2dc2e0-f393-4442-818b-d3b860bfffd0,1.17,false,false,near_mint,en,USD,2024-04-16T20:37:25.604Z
Library,binder,Took Reaper,LTR,The Lord of the Rings: Tales of Middle-earth,35,normal,common,4,82913,1da7fc15-f894-496e-ba18-a02d42e9bedc,0.02,false,false,near_mint,en,USD,2024-04-16T20:43:59.787Z
Library,binder,Samwise the Stouthearted,LTR,The Lord of the Rings: Tales of Middle-earth,28,normal,uncommon,4,82922,214c270e-29ca-4d69-bea6-9252ae7707ad,0.2,false,false,near_mint,en,USD,2024-04-16T20:43:59.787Z
Library,binder,Nasty End,LTR,The Lord of the Rings: Tales of Middle-earth,416,normal,common,6,82993,37271b8b-3c58-43aa-b120-f0aa12fb3ad5,0.11,false,false,near_mint,en,USD,2024-04-16T20:43:59.787Z
Library,binder,"Lotho, Corrupt Shirriff",LTR,The Lord of the Rings: Tales of Middle-earth,213,normal,rare,2,83515,ce01ff8f-a037-484f-9148-c847ffaabc5a,5.64,false,false,near_mint,en,USD,2024-04-16T20:51:23.417Z
Library,binder,Angelic Purge,SOI,Shadows over Innistrad,3,normal,common,2,8993,d38bae3e-95f3-413a-bb4d-6a0814112a7a,0.07,false,false,near_mint,en,USD,2024-04-17T16:28:18.948Z
Library,binder,Repel Calamity,BLB,Bloomburrow,27,normal,uncommon,2,95834,d068192a-6270-4981-819d-4945fa4a2b83,0.25,false,false,near_mint,en,USD,2024-07-30T02:46:24.848Z
Library,binder,Pile On,MOM,March of the Machine,122,normal,rare,1,81068,492e9369-0ca3-4c31-b747-75d615daf6e4,0.35,false,false,near_mint,en,USD,2024-09-29T22:19:34.586Z
Library,binder,Shared Animosity,WOT,Wilds of Eldraine: Enchanting Tales,49,normal,rare,1,85314,299a807e-21cb-4b49-ad2b-c9ce7eef393a,0.76,false,false,near_mint,en,USD,2024-09-29T22:21:11.776Z
Library,binder,Nagging Thoughts,SOI,Shadows over Innistrad,74,normal,common,2,8922,a8a6d6e4-e91f-444f-9eed-88fceaf1a4b8,0.02,false,false,near_mint,en,USD,2024-04-15T21:52:54.137Z
Library,binder,Bounding Krasis,ORI,Magic Origins,212,normal,uncommon,2,10730,660befe5-9c98-4aa3-9ca7-e643eaf91490,0.13,false,false,near_mint,en,USD,2024-04-15T22:07:44.544Z
Library,binder,"Théoden, King of Rohan",LTR,The Lord of the Rings: Tales of Middle-earth,233,normal,uncommon,4,83654,f6dcd1ca-4943-46e4-bb5d-c14949e21e23,0.12,false,false,near_mint,en,USD,2024-04-16T06:03:29.574Z
Library,binder,"Strider, Ranger of the North",LTR,The Lord of the Rings: Tales of Middle-earth,232,normal,uncommon,7,83081,54461d61-a745-467f-9fbe-b5e7a8edbdbf,0.03,false,false,near_mint,en,USD,2024-04-16T06:10:35.163Z
Library,binder,Prince Imrahil the Fair,LTR,The Lord of the Rings: Tales of Middle-earth,219,normal,uncommon,5,83216,7d486def-7c3f-41e9-bb28-4582450a7b9e,0.04,false,false,near_mint,en,USD,2024-04-16T06:10:35.163Z
Library,binder,Reprieve,LTR,The Lord of the Rings: Tales of Middle-earth,26,normal,uncommon,7,82902,1bd3fa8a-6c50-4f7f-9ae3-0810eec5e3db,0.89,false,false,near_mint,en,USD,2024-04-16T06:30:31.098Z
Library,binder,Entish Restoration,LTR,The Lord of the Rings: Tales of Middle-earth,163,normal,uncommon,2,83513,cd4dbf80-187b-40e3-9e0b-526f78d9a34e,1.92,false,false,near_mint,en,USD,2024-04-16T06:30:31.098Z
Library,binder,Oliphaunt,LTR,The Lord of the Rings: Tales of Middle-earth,426,normal,common,6,83667,fa65958a-f601-472e-a9b6-42650b97fa44,0.06,false,false,near_mint,en,USD,2024-04-16T06:30:31.098Z
Library,binder,"Pippin, Guard of the Citadel",LTR,The Lord of the Rings: Tales of Middle-earth,218,normal,rare,2,82840,08b7a4d8-1183-430e-8ea4-016844f33200,0.67,false,false,near_mint,en,USD,2024-04-16T06:30:31.098Z
Library,binder,Many Partings,LTR,The Lord of the Rings: Tales of Middle-earth,445,normal,common,6,83204,7769f0ce-b31b-4cb5-8635-2b9b70114180,0.11,false,false,near_mint,en,USD,2024-04-16T20:26:28.312Z
Library,binder,The Grey Havens,LTR,The Lord of the Rings: Tales of Middle-earth,255,normal,uncommon,8,83571,dd698f10-b0fc-42fc-84ec-f5a0d96bfa1d,0.15,false,false,near_mint,en,USD,2024-04-16T20:26:28.312Z
Library,binder,Rising of the Day,LTR,The Lord of the Rings: Tales of Middle-earth,145,normal,uncommon,2,83538,d4fbcac6-8ac9-44a8-9d1a-03d0799ac253,0.43,false,false,near_mint,en,USD,2024-04-16T20:37:25.604Z
Library,binder,Elven Chorus,LTR,The Lord of the Rings: Tales of Middle-earth,160,normal,rare,2,83125,616cfb94-3faf-44fe-bf04-e90643765e48,2.97,false,false,near_mint,en,USD,2024-04-16T20:37:25.604Z
Library,binder,Frodo Baggins,LTR,The Lord of the Rings: Tales of Middle-earth,205,normal,uncommon,5,83576,de1c0399-9db8-4901-b72e-0010eb9b92b0,0.12,false,false,near_mint,en,USD,2024-04-16T20:37:25.604Z
Library,binder,"Gimli, Counter of Kills",LTR,The Lord of the Rings: Tales of Middle-earth,129,normal,uncommon,4,82948,28b41c48-0715-49d9-98e5-e82b706da816,0.13,false,false,near_mint,en,USD,2024-04-16T20:37:25.604Z
Library,binder,Friendly Rivalry,LTR,The Lord of the Rings: Tales of Middle-earth,204,normal,uncommon,4,82930,24076763-88ba-4dee-b548-9c27bd34fdb7,0.12,false,false,near_mint,en,USD,2024-04-16T20:37:25.604Z
Library,binder,"Faramir, Prince of Ithilien",LTR,The Lord of the Rings: Tales of Middle-earth,202,normal,rare,2,83262,8700923a-e9ff-4ced-87fe-1ab26554623a,0.42,false,false,near_mint,en,USD,2024-04-16T20:37:25.604Z
Library,binder,"Gandalf, Westward Voyager",LTC,Tales of Middle-earth Commander,6,normal,mythic,3,83090,56910251-6339-4f8b-b863-29caab4965d8,0.25,false,false,near_mint,en,USD,2024-04-16T20:37:25.604Z
Library,binder,"Shadowfax, Lord of Horses",LTR,The Lord of the Rings: Tales of Middle-earth,227,normal,uncommon,3,83062,4c7d861d-7832-4c15-8d6c-8c07a9a57891,0.1,false,false,near_mint,en,USD,2024-04-16T20:43:59.787Z
Library,binder,"Elrond, Master of Healing",LTR,The Lord of the Rings: Tales of Middle-earth,200,normal,rare,2,83530,d26ffb2c-f7a5-4a4f-9b99-c8de9dfd49da,0.25,false,false,near_mint,en,USD,2024-04-17T05:16:23.360Z
Library,binder,Angelic Gift,BFZ,Battle for Zendikar,19,normal,common,2,10332,4941246b-7d6a-4b2d-8144-f36ac890a389,0.1,false,false,near_mint,en,USD,2024-04-17T16:56:22.948Z
Library,binder,Doors of Durin,LTR,The Lord of the Rings: Tales of Middle-earth,199,normal,rare,3,83285,8ebd8813-4aaf-48bf-9243-3ec4099b8372,0.55,false,false,near_mint,en,USD,2024-04-19T01:41:04.782Z
Library,binder,Flame of Anor,LTR,The Lord of the Rings: Tales of Middle-earth,203,normal,rare,2,82828,04779a7e-b453-48b9-b392-6d6fd0b8d283,5.71,false,false,near_mint,en,USD,2024-04-19T01:50:32.962Z
Library,binder,Opaline Unicorn,CN2,Conspiracy: Take the Crown,213,normal,common,2,7884,160d39b0-76c5-4218-97e5-5903f781dafc,0.28,false,false,near_mint,en,USD,2024-05-06T04:42:15.401Z
Library,binder,Run Away Together,BLB,Bloomburrow,67,normal,common,3,95799,7cb7ec70-a5a4-4188-ba1a-e88b81bdbad0,0.32,false,false,near_mint,en,USD,2024-07-28T04:35:52.902Z
Library,binder,Crypt Rats,MH1,Modern Horizons,84,normal,uncommon,1,44850,96916db2-5121-4ff1-880c-369744f11ecf,0.55,false,false,near_mint,en,USD,2024-09-30T02:38:17.822Z
Library,binder,Holdout Settlement,OGW,Oath of the Gatewatch,172,normal,common,3,9210,cf08c317-6f2d-47e3-ab5b-8af73fd3e404,0.19,false,false,near_mint,en,USD,2024-04-14T23:43:56.244Z
Library,binder,Unknown Shores,OGW,Oath of the Gatewatch,181,normal,common,6,9201,87db92c1-ac17-4e32-840e-7ccbcef31bc6,0.07,false,false,near_mint,en,USD,2024-04-14T23:43:56.244Z
Library,binder,Sifter of Skulls,OGW,Oath of the Gatewatch,77,normal,rare,2,9305,be57a5aa-44f1-483f-9274-aa68f5a2bf1f,1.02,false,false,near_mint,en,USD,2024-04-14T23:43:56.244Z
Library,binder,Sin Prodder,SOI,Shadows over Innistrad,181,normal,rare,2,8815,cefeb031-9dda-4717-a8d1-e2c21551e43a,0.37,false,false,near_mint,en,USD,2024-04-15T02:19:16.428Z
Library,binder,Warped Landscape,SOI,Shadows over Innistrad,280,normal,common,2,8716,16793435-8eb3-4d57-8683-de1120eb46b6,0.21,false,false,near_mint,en,USD,2024-04-15T03:25:24.269Z
Library,binder,Slip Through Space,OGW,Oath of the Gatewatch,47,normal,common,2,9335,2dee6dca-9c7e-4347-bea7-7fecc69e5827,0.21,false,false,near_mint,en,USD,2024-04-15T21:52:54.137Z
Library,binder,Macabre Waltz,SOI,Shadows over Innistrad,121,normal,common,5,8875,a6ec8571-690e-405f-89d5-b7cc99e8ee63,0.05,false,false,near_mint,en,USD,2024-04-15T22:24:44.604Z
Library,binder,Rancid Rats,SOI,Shadows over Innistrad,130,normal,common,5,8866,336e0a75-8104-4e88-aad0-af7ac3efc115,0.15,false,false,near_mint,en,USD,2024-04-15T22:24:44.604Z
Library,binder,Dutiful Return,BFZ,Battle for Zendikar,110,normal,common,2,10241,55d6cb71-c911-4f82-93e9-654e8ffa85c9,0.04,false,false,near_mint,en,USD,2024-04-15T22:24:44.604Z
Library,binder,Rising of the Day,LTR,The Lord of the Rings: Tales of Middle-earth,427,normal,uncommon,4,83208,7a06a653-eca1-4fee-add5-45d2594885c3,0.63,false,false,near_mint,en,USD,2024-04-16T20:26:28.312Z
Library,binder,Sam's Desperate Rescue,LTR,The Lord of the Rings: Tales of Middle-earth,105,normal,common,4,83456,bdd4d735-8cda-47c1-865b-48b51ac8f666,0.04,false,false,near_mint,en,USD,2024-04-16T20:37:25.604Z
Library,binder,Phial of Galadriel,LTR,The Lord of the Rings: Tales of Middle-earth,248,normal,rare,4,83386,ac6d60fe-681b-495e-813c-c8418f3f29e5,0.37,false,false,near_mint,en,USD,2024-04-19T01:52:34.112Z
Library,binder,Isildur's Fateful Strike,LTR,The Lord of the Rings: Tales of Middle-earth,91,normal,rare,2,83057,4bf08071-fbf8-463e-9a57-59dbf0280dd8,0.36,false,false,near_mint,en,USD,2024-04-19T01:52:34.112Z
Library,binder,Okiba Reckoner Raid // Nezumi Road Captain,NEO,Kamigawa: Neon Dynasty,117,normal,common,2,66534,4f0582b4-d951-4450-b158-4a34109e48cd,0.25,false,false,near_mint,en,USD,2024-05-06T04:35:48.863Z
Library,binder,Cryptolith Fragment // Aurora of Emrakul,EMN,Eldritch Moon,193,normal,uncommon,2,8141,078b2103-15ce-456d-b092-352fa7222935,0.59,false,false,near_mint,en,USD,2024-05-07T03:44:09.304Z
Library,binder,Daggerfang Duo,BLB,Bloomburrow,89,normal,common,3,96468,cea2bb34-e328-44fb-918a-72208c9457e4,0.37,false,false,near_mint,en,USD,2024-07-28T04:35:52.902Z
Library,binder,Thought Shucker,BLB,Bloomburrow,77,normal,common,4,95916,44b0d83b-cc41-4f82-892c-ef6d3293228a,0.17,false,false,near_mint,en,USD,2024-07-28T04:35:52.902Z
Library,binder,Barkform Harvester,BLB,Bloomburrow,243,normal,common,3,95984,f77049a6-0f22-415b-bc89-20bcb32accf6,0.22,false,false,near_mint,en,USD,2024-07-28T04:35:52.902Z
Library,binder,Fountainport Bell,BLB,Bloomburrow,245,normal,common,2,96094,a5c94bc0-a49d-451b-8e8d-64d46b8b8603,0.25,false,false,near_mint,en,USD,2024-07-28T04:35:52.902Z
Library,binder,Mind Drill Assailant,BLB,Bloomburrow,225,normal,common,2,95783,507ba708-ca9b-453e-b4c2-23b6650eb5a8,0.24,false,false,near_mint,en,USD,2024-07-28T04:35:52.902Z
Library,binder,Mudflat Village,BLB,Bloomburrow,257,normal,uncommon,2,95628,53ec4ad3-9cf0-4f1b-a9db-d63feee594ab,0.32,false,false,near_mint,en,USD,2024-07-28T04:35:52.902Z
Library,binder,Bonebind Orator,BLB,Bloomburrow,84,normal,common,2,96535,faf226fa-ca09-4468-8804-87b2a7de2c66,0.25,false,false,near_mint,en,USD,2024-07-30T02:46:24.848Z
Library,binder,Nightwhorl Hermit,BLB,Bloomburrow,62,normal,common,2,95994,0928e04f-2568-41e8-b603-7a25cf5f94d0,0.24,false,false,near_mint,en,USD,2024-07-30T02:46:24.848Z
Library,binder,Diresight,BLB,Bloomburrow,91,normal,common,3,95985,fada29c0-5293-40a4-b36d-d073ee99e650,0.22,false,false,near_mint,en,USD,2024-07-30T02:46:24.848Z
Library,binder,Thornplate Intimidator,BLB,Bloomburrow,117,normal,common,3,96019,42f66c4a-feaa-4ba6-aa56-955b43329a9e,0.15,false,false,near_mint,en,USD,2024-08-01T03:46:01.899Z
Library,binder,Mithril Coat,LTR,The Lord of the Rings: Tales of Middle-earth,245,normal,rare,1,82856,0fd1fc09-a09d-45e6-8a07-3a8a83b4e6ec,11.27,false,false,near_mint,en,USD,2024-04-16T06:00:55.805Z
Library,binder,Grievous Wound,DSK,Duskmourn: House of Horror,416,foil,rare,1,98738,bea4b0aa-7ed8-4e1c-867b-50754447f41b,2.98,false,false,near_mint,en,USD,2024-10-04T21:48:10.221Z
Library,binder,"Rip, Spawn Hunter",DSK,Duskmourn: House of Horror,228,normal,rare,1,99175,5f12e3b3-a260-4913-b13a-7fbb753dd702,0.35,false,false,near_mint,en,USD,2024-10-04T21:48:10.221Z
Library,binder,"Niko, Light of Hope",DSK,Duskmourn: House of Horror,224,normal,mythic,1,98723,91ad013f-de8d-4980-b4b6-c7f91ff495b1,1.2,false,false,near_mint,en,USD,2024-10-04T21:48:10.221Z
Library,binder,Marina Vendrell,DSK,Duskmourn: House of Horror,221,foil,rare,1,99182,6428cddc-2fb6-41af-a643-e83c81dc04f5,0.99,false,false,near_mint,en,USD,2024-10-04T21:48:10.221Z
Library,binder,Twitching Doll,DSK,Duskmourn: House of Horror,201,normal,rare,1,98702,416c025b-e40e-4d95-a774-ba3961f43808,0.87,false,false,near_mint,en,USD,2024-10-04T21:48:10.221Z
Library,binder,"Victor, Valgavoth's Seneschal",DSK,Duskmourn: House of Horror,238,normal,rare,1,98706,51392ece-c9f5-46b0-9dce-0a1a0343a536,0.5,false,false,near_mint,en,USD,2024-10-04T21:48:10.221Z
Library,binder,Peer Past the Veil,DSK,Duskmourn: House of Horror,226,normal,rare,1,98649,874eadb6-602e-47dc-8094-82e37ac89c94,0.38,false,false,near_mint,en,USD,2024-10-04T21:48:10.221Z
Library,binder,Overlord of the Floodpits,DSK,Duskmourn: House of Horror,68,foil,mythic,1,98711,5fca5de8-9cda-4370-9f72-4462f8cfd696,4.64,false,false,near_mint,en,USD,2024-10-04T21:48:10.221Z
Library,binder,Demonic Counsel,DSK,Duskmourn: House of Horror,92,normal,rare,1,98684,ff79c845-4115-4fbf-b20f-37470f2bf7fb,3.64,false,false,near_mint,en,USD,2024-10-04T21:48:10.221Z
Library,binder,Marina Vendrell,DSK,Duskmourn: House of Horror,360,normal,rare,1,99417,f6424845-7e9b-4514-93aa-1cf6c45f634c,0.5,false,false,near_mint,en,USD,2024-10-04T21:48:10.221Z
Library,binder,Dissection Tools,DSK,Duskmourn: House of Horror,245,normal,rare,1,99037,048bb2c6-91bd-4d6a-a070-c73d8277c264,0.36,false,false,near_mint,en,USD,2024-10-04T21:48:10.221Z
Library,binder,Marina Vendrell,DSK,Duskmourn: House of Horror,221,normal,rare,1,99182,6428cddc-2fb6-41af-a643-e83c81dc04f5,0.4,false,false,near_mint,en,USD,2024-10-04T21:48:10.221Z
Library,binder,"Winter, Misanthropic Guide",DSK,Duskmourn: House of Horror,240,normal,rare,1,98674,e9b81421-44cb-440f-a6ac-3ddf620f1989,0.49,false,false,near_mint,en,USD,2024-10-04T21:48:10.221Z
Library,binder,"Marvin, Murderous Mimic",DSK,Duskmourn: House of Horror,253,normal,rare,1,98981,66898970-b99b-48f2-9240-68c301c95500,2.61,false,false,near_mint,en,USD,2024-10-04T21:48:10.221Z
Library,binder,Derelict Attic // Widow's Walk,DSK,Duskmourn: House of Horror,93,normal,common,1,99091,2cae24c1-53f1-4f3f-8795-b634c46a17c4,0.15,false,false,near_mint,en,USD,2024-10-04T21:58:43.964Z
Library,binder,Moldering Gym // Weight Room,DSK,Duskmourn: House of Horror,190,normal,common,1,99081,245d5a61-c40c-4039-aea8-3ad61415b8f0,0.15,false,false,near_mint,en,USD,2024-10-04T21:58:43.964Z
Library,binder,Stalked Researcher,DSK,Duskmourn: House of Horror,73,normal,common,1,98868,8a26ccad-adfa-43cc-be4c-dc8dd584bca3,0.1,false,false,near_mint,en,USD,2024-10-04T21:58:43.964Z
Library,binder,Cult Healer,DSK,Duskmourn: House of Horror,2,normal,common,3,98877,9c9b8fbe-8a5e-4b62-b53f-9ead8147bbbb,0.06,false,false,near_mint,en,USD,2024-10-04T21:58:43.964Z
Library,binder,Boilerbilges Ripper,DSK,Duskmourn: House of Horror,127,normal,common,1,99066,1a68009c-83cd-455f-81e9-bdd720d23a43,0.11,false,false,near_mint,en,USD,2024-10-04T21:58:43.964Z
Library,binder,Glimmerburst,DSK,Duskmourn: House of Horror,62,normal,common,1,99425,fe1ab8db-3994-4b6d-9eaf-75243a78b715,0.13,false,false,near_mint,en,USD,2024-10-04T21:58:43.964Z
Library,binder,Miasma Demon,DSK,Duskmourn: House of Horror,109,normal,uncommon,1,99196,6d167c00-75ff-4301-855a-8319b89e3689,0.15,false,false,near_mint,en,USD,2024-10-04T21:58:43.964Z
Library,binder,Sheltered by Ghosts,DSK,Duskmourn: House of Horror,30,normal,uncommon,1,99103,389f3f7b-be40-4a2d-b5cc-28471a577981,1.25,false,false,near_mint,en,USD,2024-10-04T21:58:43.964Z
Library,binder,"Arabella, Abandoned Doll",DSK,Duskmourn: House of Horror,208,normal,uncommon,1,98943,f683d5a1-b8bf-446f-9fe3-88a4398bf3cf,0.5,false,false,near_mint,en,USD,2024-10-04T21:58:43.964Z
Library,binder,Bear Trap,DSK,Duskmourn: House of Horror,243,normal,common,3,98931,e27c27d6-dc3a-4420-bb35-d97dc216e002,0.07,false,false,near_mint,en,USD,2024-10-04T21:58:43.964Z
Library,binder,Seized from Slumber,DSK,Duskmourn: House of Horror,28,normal,common,1,99080,24456083-0c76-46c5-9b18-8d468702df69,0.13,false,false,near_mint,en,USD,2024-10-04T21:58:43.964Z
Library,binder,Bottomless Pool // Locker Room,DSK,Duskmourn: House of Horror,43,normal,uncommon,1,98832,606fe87c-d17b-4fa7-8e82-e7002d8229ef,0.2,false,false,near_mint,en,USD,2024-10-04T21:58:43.964Z
Library,binder,Cynical Loner,DSK,Duskmourn: House of Horror,89,normal,uncommon,1,98918,cc93bcb8-778d-491e-877b-e6ad432764cb,0.28,false,false,near_mint,en,USD,2024-10-04T21:58:43.964Z
Library,binder,Fear of Infinity,DSK,Duskmourn: House of Horror,214,normal,uncommon,1,98857,81756844-c642-406f-842d-35c1e404fec0,0.18,false,false,near_mint,en,USD,2024-10-04T21:58:43.964Z
Library,binder,Greenhouse // Rickety Gazebo,DSK,Duskmourn: House of Horror,181,normal,uncommon,1,98884,a22e8038-0706-47ec-bfda-f421a4912774,0.2,false,false,near_mint,en,USD,2024-10-04T21:58:43.964Z
Library,binder,Razortrap Gorge,DSK,Duskmourn: House of Horror,267,normal,common,1,98654,98d0d067-b52d-47ec-ba7b-8cfcd716c0e5,0.19,false,false,near_mint,en,USD,2024-10-04T21:58:43.964Z
Library,binder,Ragged Playmate,DSK,Duskmourn: House of Horror,150,foil,common,1,98762,000499a4-3f39-4d25-a2a2-b2f014e30754,0.24,false,false,near_mint,en,USD,2024-10-04T21:58:43.964Z
Library,binder,Terramorphic Expanse,DSK,Duskmourn: House of Horror,269,normal,common,1,98901,b379c8f1-817c-4f18-8f58-45c40504433e,0.15,false,false,near_mint,en,USD,2024-10-04T21:58:43.964Z
Library,binder,Clockwork Percussionist,DSK,Duskmourn: House of Horror,130,normal,common,3,98695,10986e5a-9fc6-41e2-8352-289328245171,0.12,false,false,near_mint,en,USD,2024-10-04T21:58:43.964Z
Library,binder,Vengeful Possession,DSK,Duskmourn: House of Horror,162,normal,uncommon,1,98924,d6918d50-a4c3-40d8-9480-343f14773a69,0.2,false,false,near_mint,en,USD,2024-10-04T21:58:43.964Z
Library,binder,Unwilling Vessel,DSK,Duskmourn: House of Horror,81,normal,uncommon,1,98631,5d1758ed-fe33-4ead-8c83-e54fabcb4cfe,0.15,false,false,near_mint,en,USD,2024-10-04T21:58:43.964Z
Library,binder,Midnight Mayhem,DSK,Duskmourn: House of Horror,222,normal,uncommon,1,98822,4fc0b94f-08b3-4fb6-9b09-2f3a215203ca,0.2,false,false,near_mint,en,USD,2024-10-04T21:58:43.964Z
Library,binder,Surgical Suite // Hospital Room,DSK,Duskmourn: House of Horror,34,normal,uncommon,1,99261,96b2dc14-4477-4444-a9eb-4fa4c02dfbde,0.2,false,false,near_mint,en,USD,2024-10-04T21:58:43.964Z
Library,binder,Underwater Tunnel // Slimy Aquarium,DSK,Duskmourn: House of Horror,79,foil,common,1,99092,2dd69f2d-8c9c-41fc-93ea-48fc7a6d5272,0.2,false,false,near_mint,en,USD,2024-10-04T21:58:43.964Z
Library,binder,Monstrous Emergence,DSK,Duskmourn: House of Horror,191,normal,common,1,99316,b999eb47-b842-47f1-be91-c79fc46e1896,0.15,false,false,near_mint,en,USD,2024-10-04T21:58:43.964Z
Library,binder,Oblivious Bookworm,DSK,Duskmourn: House of Horror,225,normal,uncommon,1,98913,c7b4c50b-fe76-430d-8f96-208f15ca4cd7,0.19,false,false,near_mint,en,USD,2024-10-04T21:58:43.964Z
Library,binder,Patchwork Beastie,DSK,Duskmourn: House of Horror,195,normal,uncommon,1,98721,895de583-36d2-43fd-927f-8876d4302c73,0.25,false,false,near_mint,en,USD,2024-10-04T21:58:43.964Z
Library,binder,Irreverent Gremlin,DSK,Duskmourn: House of Horror,142,normal,uncommon,1,98869,8da254f5-53f2-41d2-a4f0-a90b3dd6209c,0.2,false,false,near_mint,en,USD,2024-10-04T21:58:43.964Z
Library,binder,"Stay Hidden, Stay Silent",DSK,Duskmourn: House of Horror,74,normal,uncommon,1,98735,b661ffe7-4f58-43fe-a1f1-dd7a6d4d28a7,0.15,false,false,near_mint,en,USD,2024-10-04T21:58:43.964Z
Library,binder,Strangled Cemetery,DSK,Duskmourn: House of Horror,268,foil,common,1,98666,c1ce9250-bdbe-4c77-9243-6db9ffffe69b,0.2,false,false,near_mint,en,USD,2024-10-04T21:58:43.964Z
Library,binder,Irreverent Gremlin,DSK,Duskmourn: House of Horror,142,foil,uncommon,1,98869,8da254f5-53f2-41d2-a4f0-a90b3dd6209c,0.22,false,false,near_mint,en,USD,2024-10-04T21:58:43.964Z
Library,binder,Clammy Prowler,DSK,Duskmourn: House of Horror,45,normal,common,1,98795,237f0b93-f12e-4c5f-a3d7-83e8f20f8493,0.15,false,false,near_mint,en,USD,2024-10-04T21:58:43.964Z
Library,binder,Floodpits Drowner,DSK,Duskmourn: House of Horror,59,normal,uncommon,1,98888,a6a62aa3-8edb-4000-8ebd-15ec4b00eed7,0.25,false,false,near_mint,en,USD,2024-10-04T21:58:43.964Z
Library,binder,Popular Egotist,DSK,Duskmourn: House of Horror,114,normal,uncommon,1,98809,35e64605-8edb-4def-9522-765e90d1f0f3,0.25,false,false,near_mint,en,USD,2024-10-04T21:58:43.964Z
Library,binder,Intruding Soulrager,DSK,Duskmourn: House of Horror,218,normal,uncommon,1,98898,adffc298-0219-4807-ab05-d94460e767bc,0.15,false,false,near_mint,en,USD,2024-10-04T21:58:43.964Z
Library,binder,Glimmer Seeker,DSK,Duskmourn: House of Horror,14,normal,uncommon,1,98646,7f06bbb1-0c7d-4803-9b35-8a2206803eed,0.18,false,false,near_mint,en,USD,2024-10-04T21:58:43.964Z
Library,binder,Etched Cornfield,DSK,Duskmourn: House of Horror,258,normal,common,1,98681,f8900b89-0e10-4602-bba2-da8d60ea5885,0.2,false,false,near_mint,en,USD,2024-10-04T21:58:43.964Z
Library,binder,Trapped in the Screen,DSK,Duskmourn: House of Horror,36,normal,common,1,98790,1fe95bfb-8ca7-434f-a2e7-a6b2e699584e,0.15,false,false,near_mint,en,USD,2024-10-04T21:58:43.964Z
Library,binder,Give In to Violence,DSK,Duskmourn: House of Horror,101,normal,common,1,98763,00ac1759-d4cc-41d5-a9b7-a89b80d2190c,0.15,false,false,near_mint,en,USD,2024-10-04T21:58:43.964Z
Library,binder,Ghostly Keybearer,DSK,Duskmourn: House of Horror,61,normal,uncommon,1,98778,11d04a98-6997-4653-9719-e6b215567599,0.15,false,false,near_mint,en,USD,2024-10-04T21:58:43.964Z
Library,binder,Killer's Mask,DSK,Duskmourn: House of Horror,104,normal,uncommon,1,99407,f1fc02ae-77b8-4e5e-94b4-22ecf7ae40ae,0.17,false,false,near_mint,en,USD,2024-10-04T21:58:43.964Z
Library,binder,Pyroclasm,DSK,Duskmourn: House of Horror,149,normal,uncommon,1,98703,4391b0af-2f26-4a45-9e2a-5bd8e9838107,0.25,false,false,near_mint,en,USD,2024-10-04T21:58:43.964Z
Library,binder,Sawblade Skinripper,DSK,Duskmourn: House of Horror,231,normal,uncommon,1,98917,cbe51964-50d2-49b0-9c3c-81751dcbeade,0.2,false,false,near_mint,en,USD,2024-10-04T21:58:43.964Z
Library,binder,Peculiar Lighthouse,DSK,Duskmourn: House of Horror,265,normal,common,1,98620,3a6e40c0-e70e-4353-a920-9851cfac71dd,0.2,false,false,near_mint,en,USD,2024-10-04T21:58:43.964Z
Library,binder,Ripchain Razorkin,DSK,Duskmourn: House of Horror,154,foil,common,1,99402,effad662-3309-434c-addc-4394db1f359c,0.2,false,false,near_mint,en,USD,2024-10-04T21:58:43.964Z
Library,binder,Glassworks // Shattered Yard,DSK,Duskmourn: House of Horror,137,normal,common,1,98950,fe32f667-8d9f-4414-913e-256cbc2fbc45,0.12,false,false,near_mint,en,USD,2024-10-04T21:58:43.964Z
Library,binder,Cackling Slasher,DSK,Duskmourn: House of Horror,85,normal,common,1,99296,b1269ccf-febf-42b0-8c20-21ccb731a3ec,0.15,false,false,near_mint,en,USD,2024-10-04T21:58:43.964Z
Library,binder,Broodspinner,DSK,Duskmourn: House of Horror,211,normal,uncommon,1,99011,dcdd2622-ab7a-4990-b026-3667cac42894,0.2,false,false,near_mint,en,USD,2024-10-04T21:58:43.964Z
Library,binder,Painter's Studio // Defaced Gallery,DSK,Duskmourn: House of Horror,147,normal,uncommon,1,99393,e96901eb-5b57-43f4-a7b1-ae3b809bc36e,0.2,false,false,near_mint,en,USD,2024-10-04T21:58:43.964Z
Library,binder,Coordinated Clobbering,DSK,Duskmourn: House of Horror,173,normal,uncommon,1,98920,d498cd5d-5807-4297-bc8a-c0941f2f5ce2,0.15,false,false,near_mint,en,USD,2024-10-04T21:58:43.964Z
Library,binder,Fear of Impostors,DSK,Duskmourn: House of Horror,57,foil,uncommon,1,98737,bdee441e-14ab-42d1-b447-5a6488fd713a,0.32,false,false,near_mint,en,USD,2024-10-04T21:58:43.964Z
Library,binder,Found Footage,DSK,Duskmourn: House of Horror,246,normal,common,2,98899,b12eb087-762e-4e7d-a6e0-f48df603b7c7,0.07,false,false,near_mint,en,USD,2024-10-04T21:58:43.964Z
Library,binder,Bedhead Beastie,DSK,Duskmourn: House of Horror,125,normal,common,1,99216,77c72b5b-dd81-4eb4-80d9-a0124e27e1dc,0.15,false,false,near_mint,en,USD,2024-10-04T21:58:43.964Z
Library,binder,Shardmage's Rescue,DSK,Duskmourn: House of Horror,29,normal,uncommon,1,98731,aed0cafa-d701-4e1f-9773-abcf817c244c,0.25,false,false,near_mint,en,USD,2024-10-04T21:58:43.964Z
Library,binder,Beastie Beatdown,DSK,Duskmourn: House of Horror,210,normal,uncommon,1,99176,5f889c95-46af-4fd9-aff2-573d5384fd58,0.15,false,false,near_mint,en,USD,2024-10-04T21:58:43.964Z
Library,binder,Razorkin Hordecaller,DSK,Duskmourn: House of Horror,152,normal,uncommon,1,98945,f7fb0f11-d1d0-4941-a1a7-a2db88f30394,0.2,false,false,near_mint,en,USD,2024-10-04T21:58:43.964Z
Library,binder,Keys to the House,DSK,Duskmourn: House of Horror,251,normal,uncommon,1,99246,8c11a413-7f33-4b63-bdd9-e143e529f56d,0.19,false,false,near_mint,en,USD,2024-10-04T21:58:43.964Z
Library,binder,Wary Watchdog,DSK,Duskmourn: House of Horror,206,foil,common,1,98796,25ed97f2-b47e-49b7-9b1a-694c4bbeca3b,0.2,false,false,near_mint,en,USD,2024-10-04T21:58:43.964Z
Library,binder,Raucous Carnival,DSK,Duskmourn: House of Horror,266,normal,common,1,98618,3604a211-9bf7-474e-bd78-32a862f4259c,0.2,false,false,near_mint,en,USD,2024-10-04T21:58:43.964Z
Library,binder,Malevolent Chandelier,DSK,Duskmourn: House of Horror,252,normal,common,1,99015,ef09d296-4493-47f7-ad76-ad76c747df78,0.1,false,false,near_mint,en,USD,2024-10-04T21:58:43.964Z
Library,binder,Gremlin Tamer,DSK,Duskmourn: House of Horror,215,normal,uncommon,1,98808,3593a222-21c5-4f91-bde1-763ea08071da,0.25,false,false,near_mint,en,USD,2024-10-04T21:58:43.964Z
Library,binder,Rootwise Survivor,DSK,Duskmourn: House of Horror,196,normal,uncommon,1,98926,d843c242-088f-4131-9e52-7ee2d0db5e20,0.17,false,false,near_mint,en,USD,2024-10-04T21:58:43.964Z
Library,binder,Fear of Isolation,DSK,Duskmourn: House of Horror,58,normal,uncommon,1,98634,69aa6054-8c59-4bbc-a283-adb453639786,0.2,false,false,near_mint,en,USD,2024-10-04T21:58:43.964Z
Library,binder,Peculiar Lighthouse,DSK,Duskmourn: House of Horror,265,foil,common,1,98620,3a6e40c0-e70e-4353-a920-9851cfac71dd,0.2,false,false,near_mint,en,USD,2024-10-04T21:58:43.964Z
Library,binder,Jump Scare,DSK,Duskmourn: House of Horror,17,foil,common,1,98993,a2dd8903-31ca-470d-b2ff-280f6d40c794,0.2,false,false,near_mint,en,USD,2024-10-04T21:58:43.964Z
Library,binder,Grand Entryway // Elegant Rotunda,DSK,Duskmourn: House of Horror,15,normal,common,1,98938,ef8a8ba7-f955-425d-9a16-816fc48a2a83,0.15,false,false,near_mint,en,USD,2024-10-04T21:58:43.964Z
Library,binder,Fear of Surveillance,DSK,Duskmourn: House of Horror,11,normal,common,1,98839,6e98559d-d9fd-4bdf-8df9-389eee756a3a,0.15,false,false,near_mint,en,USD,2024-10-04T21:58:43.964Z
Library,binder,Fear of Being Hunted,DSK,Duskmourn: House of Horror,134,normal,uncommon,1,98881,a0a5e716-68c1-4fa0-aa08-5b08114e08d8,0.15,false,false,near_mint,en,USD,2024-10-04T21:58:43.964Z
Library,binder,Grab the Prize,DSK,Duskmourn: House of Horror,138,normal,common,2,98823,50895202-f1a1-4840-a11a-55b78b8b5929,0.16,false,false,near_mint,en,USD,2024-10-04T21:58:43.964Z
Library,binder,Fear of the Dark,DSK,Duskmourn: House of Horror,98,normal,common,2,98866,8700eb8d-1cc0-45ff-b769-c875ee6500ea,0.11,false,false,near_mint,en,USD,2024-10-04T21:58:43.964Z
Library,binder,Daggermaw Megalodon,DSK,Duskmourn: House of Horror,48,normal,common,2,98934,e72a38b9-29aa-4804-ab27-4c40321f0bc3,0.12,false,false,near_mint,en,USD,2024-10-04T21:58:43.964Z
Library,binder,Manifest Dread,DSK,Duskmourn: House of Horror,189,normal,common,2,98994,a649265b-6c32-49e7-b6cb-6086c40d26e8,0.13,false,false,near_mint,en,USD,2024-10-04T21:58:43.964Z
Library,binder,Ragged Playmate,DSK,Duskmourn: House of Horror,150,normal,common,2,98762,000499a4-3f39-4d25-a2a2-b2f014e30754,0.15,false,false,near_mint,en,USD,2024-10-04T21:58:43.964Z
Library,binder,Ripchain Razorkin,DSK,Duskmourn: House of Horror,154,normal,common,3,99402,effad662-3309-434c-addc-4394db1f359c,0.1,false,false,near_mint,en,USD,2024-10-04T21:58:43.964Z
Library,binder,Enter the Enigma,DSK,Duskmourn: House of Horror,52,normal,common,2,99008,cf5479c7-9e46-4a57-abe7-8cc670de89e4,0.15,false,false,near_mint,en,USD,2024-10-04T21:58:43.964Z
Library,binder,Fanatic of the Harrowing,DSK,Duskmourn: House of Horror,96,normal,common,2,98699,2a0acb05-91e0-4f7c-b48b-99e1068fad16,0.15,false,false,near_mint,en,USD,2024-10-04T21:58:43.964Z
Library,binder,Bashful Beastie,DSK,Duskmourn: House of Horror,169,normal,common,3,98909,c20fa7ee-a4c2-4eb0-9467-195f3b894fa0,0.1,false,false,near_mint,en,USD,2024-10-04T21:58:43.964Z
Library,binder,Emerge from the Cocoon,DSK,Duskmourn: House of Horror,5,normal,common,2,98813,3ba16fbf-2d44-4337-87cb-6ff6b84a258a,0.14,false,false,near_mint,en,USD,2024-10-04T21:58:43.964Z
Library,binder,Cautious Survivor,DSK,Duskmourn: House of Horror,172,normal,common,2,98937,ee2b4c1a-e058-4e06-bc46-e250fd9c9b54,0.15,false,false,near_mint,en,USD,2024-10-04T21:58:43.964Z
Library,binder,Impossible Inferno,DSK,Duskmourn: House of Horror,140,normal,common,2,98885,a35248f9-9a4e-4758-a4c1-0e0c83e3fd75,0.1,false,false,near_mint,en,USD,2024-10-04T21:58:43.964Z
Library,binder,Grasping Longneck,DSK,Duskmourn: House of Horror,180,normal,common,2,98715,7fddcd48-3efe-4b56-9d69-9659b3dc6021,0.15,false,false,near_mint,en,USD,2024-10-04T21:58:43.964Z
Library,binder,Appendage Amalgam,DSK,Duskmourn: House of Horror,83,normal,common,2,98919,d16b3cf3-7b85-4153-b25a-e6b5fce725cf,0.12,false,false,near_mint,en,USD,2024-10-04T21:58:43.964Z
Library,binder,Don't Make a Sound,DSK,Duskmourn: House of Horror,49,normal,common,2,99305,b5f42e59-7315-41cb-9c41-346e44f0c5fb,0.15,false,false,near_mint,en,USD,2024-10-04T21:58:43.964Z
Library,binder,Shepherding Spirits,DSK,Duskmourn: House of Horror,31,normal,common,2,98720,86c02ab1-0fb2-4cb0-a871-bfad406726fc,0.15,false,false,near_mint,en,USD,2024-10-04T21:58:43.964Z
Library,binder,Tunnel Surveyor,DSK,Duskmourn: House of Horror,76,normal,common,2,98782,12ee2690-f464-4a38-81e1-6dd2053a3327,0.12,false,false,near_mint,en,USD,2024-10-04T21:58:43.964Z
Library,binder,Fear of Lost Teeth,DSK,Duskmourn: House of Horror,97,normal,common,2,98613,259045fe-f349-4be1-bf29-465d084ed35e,0.15,false,false,near_mint,en,USD,2024-10-04T21:58:43.964Z
Library,binder,Turn Inside Out,DSK,Duskmourn: House of Horror,160,normal,common,3,98707,57e2a92c-06d3-4cb5-883d-cba428a7e98e,0.16,false,false,near_mint,en,USD,2024-10-04T21:58:43.964Z
Library,binder,Jump Scare,DSK,Duskmourn: House of Horror,17,normal,common,2,98993,a2dd8903-31ca-470d-b2ff-280f6d40c794,0.15,false,false,near_mint,en,USD,2024-10-04T21:58:43.964Z
Library,binder,Friendly Ghost,DSK,Duskmourn: House of Horror,12,normal,common,2,98792,20e0dba2-d15c-4d55-9b68-00648175e760,0.15,false,false,near_mint,en,USD,2024-10-04T21:58:43.964Z
Library,binder,Darksteel Ingot,OTC,Outlaws of Thunder Junction Commander,256,normal,uncommon,1,93931,f279fcf1-e4f5-4873-9d73-8d62e0343b81,0.25,false,false,near_mint,en,USD,2024-10-06T22:02:36.735Z
Library,binder,Mishra's Helix,USG,Urza's Saga,302,normal,rare,1,35666,5c62507f-465d-45e9-96bf-06671d19e79e,2.0,false,false,near_mint,en,USD,2024-10-06T22:02:59.382Z
Library,binder,Sisay's Ring,CMR,Commander Legends,340,normal,common,1,55586,20c0e608-0208-408a-b473-1e54caa96cea,0.25,false,false,near_mint,en,USD,2024-10-06T22:04:08.474Z
Library,binder,Flayer of the Hatebound,DKA,Dark Ascension,89,normal,rare,1,18448,ffb17c3f-0154-49ee-bb5f-cd1df8546871,0.49,false,false,near_mint,en,USD,2024-10-06T22:41:42.430Z
Library,binder,Iron Apprentice,NEO,Kamigawa: Neon Dynasty,248,foil,common,1,66852,13d6d9fc-509b-42db-8ac1-85066eb6e9c4,0.39,false,false,near_mint,en,USD,2024-10-06T22:42:39.483Z
Library,binder,Mirror-Style Master,MOC,March of the Machine Commander,119,normal,rare,1,81730,6b407f48-5b78-463e-ace9-3f109a9c55a7,0.45,false,false,near_mint,en,USD,2024-10-06T22:43:34.103Z
Library,binder,Submerged Boneyard,OGW,Oath of the Gatewatch,178,normal,uncommon,3,9204,6479a246-21ac-490a-aefb-6ed72aabdb88,0.13,false,false,near_mint,en,USD,2024-04-14T23:43:56.244Z
Library,binder,Zulaport Cutthroat,BFZ,Battle for Zendikar,126,normal,uncommon,3,10225,5c963d97-c948-45d9-84cc-58e246d35970,1.54,false,false,near_mint,en,USD,2024-04-15T22:24:44.604Z
Library,binder,Great Hall of the Citadel,LTR,The Lord of the Rings: Tales of Middle-earth,254,normal,common,6,82923,219c7b57-b62b-42d1-85d9-4b57624a3f54,0.19,false,false,near_mint,en,USD,2024-04-16T20:26:28.312Z
Library,binder,Rivendell,LTR,The Lord of the Rings: Tales of Middle-earth,259,normal,rare,3,83443,bacd500c-1389-4314-a53e-0ad510d6fb79,1.45,false,false,near_mint,en,USD,2024-04-17T05:16:23.360Z
Library,binder,Public Thoroughfare,MKM,Murders at Karlov Manor,265,normal,common,2,90703,1f8b915f-3e82-4b05-b963-01ebff7a8f7b,0.24,false,false,near_mint,en,USD,2024-04-20T21:23:57.252Z
Library,binder,Izzet Cluestone,DGM,Dragon's Maze,141,normal,common,2,16324,8cf63def-e2cc-48c7-8409-c08a36eddf93,0.2,false,false,near_mint,en,USD,2024-07-21T20:02:36.043Z
Library,binder,Uncharted Haven,BLB,Bloomburrow,261,normal,common,2,96053,68b90f54-d629-4126-82cc-13b51d6c1c3e,0.25,false,false,near_mint,en,USD,2024-07-28T04:35:52.902Z
Library,binder,Hidden Grotto,BLB,Bloomburrow,254,normal,common,2,95918,4ba8f2e7-8357-4862-97dc-1942d066023a,0.2,false,false,near_mint,en,USD,2024-07-30T02:53:37.711Z
Library,binder,Grim Servant,MH3,Modern Horizons 3,97,foil,uncommon,1,94648,df9c275d-e8cc-40c2-8baf-7a0d154aa7cf,0.25,false,false,near_mint,en,USD,2024-10-08T03:00:14.114Z
Library,binder,Spymaster's Vault,MH3,Modern Horizons 3,358,normal,rare,1,94403,33535dbf-203b-44c9-be20-67fafa0927ee,2.0,false,false,near_mint,en,USD,2024-10-08T03:00:36.382Z
Library,binder,Adarkar Wastes,M3C,Modern Horizons 3 Commander,316,normal,rare,1,94754,6be6ebf1-4e4c-4c6f-ace1-3fed55fe5c69,1.55,false,false,near_mint,en,USD,2024-10-08T03:07:33.042Z
Library,binder,All Is Dust,M3C,Modern Horizons 3 Commander,152,normal,mythic,1,94961,600518f5-4598-436d-9513-3d32adfc93f9,10.2,false,false,near_mint,en,USD,2024-10-08T03:07:33.042Z
Library,binder,Ancient Stirrings,M3C,Modern Horizons 3 Commander,219,normal,common,1,95021,c381f0dd-b009-4405-93f4-75a90bacbfcd,0.28,false,false,near_mint,en,USD,2024-10-08T03:07:33.042Z
Library,binder,Angelic Aberration,M3C,Modern Horizons 3 Commander,39,normal,rare,1,95028,c79a5bbe-7b70-4b05-a336-9b2bcb2f2b8f,1.08,false,false,near_mint,en,USD,2024-10-08T03:07:33.042Z
Library,binder,Arcane Signet,M3C,Modern Horizons 3 Commander,283,normal,common,1,94711,156a1ca1-e4b1-4e0c-a786-fd80fe189896,0.48,false,false,near_mint,en,USD,2024-10-08T03:07:33.042Z
Library,binder,Artisan of Kozilek,M3C,Modern Horizons 3 Commander,153,normal,uncommon,1,95027,c632f5a4-7f5f-4d77-9364-58ea03dfdcad,0.66,false,false,near_mint,en,USD,2024-10-08T03:07:33.042Z
Library,binder,Ash Barrens,M3C,Modern Horizons 3 Commander,318,normal,common,1,94987,8720542c-965e-4a98-9de8-7e97ac20966f,0.23,false,false,near_mint,en,USD,2024-10-08T03:07:33.042Z
Library,binder,Awakening Zone,M3C,Modern Horizons 3 Commander,222,normal,rare,1,95057,e8f1affa-4c7e-49a9-916f-6395da259430,2.12,false,false,near_mint,en,USD,2024-10-08T03:07:33.042Z
Library,binder,"Azlask, the Swelling Scourge",M3C,Modern Horizons 3 Commander,5,foil,mythic,1,94620,ced9db11-ba95-4b09-89b6-0b49ffb1fa82,0.6,false,false,near_mint,en,USD,2024-10-08T03:07:33.042Z
Library,binder,Battlefield Forge,M3C,Modern Horizons 3 Commander,321,normal,rare,1,94773,8ba7cd01-5fa4-40e2-a6d3-fe5e876f69b0,1.0,false,false,near_mint,en,USD,2024-10-08T03:07:33.042Z
Library,binder,Benthic Anomaly,M3C,Modern Horizons 3 Commander,46,normal,rare,1,94907,08ff764d-2c0d-4599-a22a-6a64766dad3a,1.7,false,false,near_mint,en,USD,2024-10-08T03:07:33.042Z
Library,binder,Bismuth Mindrender,M3C,Modern Horizons 3 Commander,51,normal,rare,1,95037,d1ee8ead-df6a-4c02-83f7-2902d97132b8,0.38,false,false,near_mint,en,USD,2024-10-08T03:07:33.042Z
Library,binder,Bonders' Enclave,M3C,Modern Horizons 3 Commander,323,normal,rare,1,94920,290a78a2-feb0-4ea7-b681-49a4feb12b3b,0.49,false,false,near_mint,en,USD,2024-10-08T03:07:33.042Z
Library,binder,Brushland,M3C,Modern Horizons 3 Commander,324,normal,rare,1,94951,5541b572-28c0-4c71-b382-da70721dc321,2.7,false,false,near_mint,en,USD,2024-10-08T03:07:33.042Z
Library,binder,Cascading Cataracts,M3C,Modern Horizons 3 Commander,326,normal,rare,1,94929,33e6761c-cb01-4eb6-95fa-ac452684f3e7,1.45,false,false,near_mint,en,USD,2024-10-08T03:07:33.042Z
Library,binder,Caves of Koilos,M3C,Modern Horizons 3 Commander,328,normal,rare,1,94997,94b2b5b9-1227-4b4b-a229-c9804550f9b6,1.25,false,false,near_mint,en,USD,2024-10-08T03:07:33.042Z
Library,binder,Chittering Dispatcher,M3C,Modern Horizons 3 Commander,63,normal,rare,1,95062,ec5fe7d0-b444-4488-b058-f3916e404cac,1.04,false,false,near_mint,en,USD,2024-10-08T03:07:33.042Z
Library,binder,Command Tower,M3C,Modern Horizons 3 Commander,331,normal,common,1,94722,27e36832-09ca-4070-8511-94580014c3ed,0.25,false,false,near_mint,en,USD,2024-10-08T03:07:33.042Z
Library,binder,Corrupted Crossroads,M3C,Modern Horizons 3 Commander,332,normal,rare,1,94904,03b91bd1-de0f-4e3e-b467-174beba8ffeb,0.26,false,false,near_mint,en,USD,2024-10-08T03:07:33.042Z
Library,binder,Crib Swap,M3C,Modern Horizons 3 Commander,168,normal,uncommon,1,94399,31704e73-5168-4880-be9b-ae32b2197d35,0.25,false,false,near_mint,en,USD,2024-10-08T03:07:33.042Z
Library,binder,Deepfathom Skulker,M3C,Modern Horizons 3 Commander,180,normal,rare,1,94960,5f26c11a-b84b-4670-b135-359b93afb83d,0.27,false,false,near_mint,en,USD,2024-10-08T03:07:33.042Z
Library,binder,Dreamstone Hedron,M3C,Modern Horizons 3 Commander,289,normal,uncommon,1,94918,25c5e6f8-eec6-4a90-b7c6-36f882bab64a,0.25,false,false,near_mint,en,USD,2024-10-08T03:07:33.042Z
Library,binder,Drowner of Hope,M3C,Modern Horizons 3 Commander,182,normal,rare,1,94445,5091396e-a3cb-44a2-ade3-4f3a3bbd1942,0.3,false,false,near_mint,en,USD,2024-10-08T03:07:33.042Z
Library,binder,Elder Deep-Fiend,M3C,Modern Horizons 3 Commander,154,normal,rare,1,95056,e7b913c5-ea9b-4774-87b7-1656c072d15a,0.25,false,false,near_mint,en,USD,2024-10-08T03:07:33.042Z
Library,binder,Eldrazi Confluence,M3C,Modern Horizons 3 Commander,32,normal,rare,1,94975,78ee2013-29dc-4879-9d59-1b492996d297,3.0,false,false,near_mint,en,USD,2024-10-08T03:07:33.042Z
Library,binder,Eldrazi Conscription,M3C,Modern Horizons 3 Commander,155,normal,rare,1,94921,29609c18-40e7-4e50-ae8a-cfa6f49f1511,5.76,false,false,near_mint,en,USD,2024-10-08T03:07:33.042Z
Library,binder,Eldrazi Displacer,M3C,Modern Horizons 3 Commander,169,normal,rare,1,94910,0d87a0d9-13d5-46f2-b32a-acc080d8f480,1.27,false,false,near_mint,en,USD,2024-10-08T03:07:33.042Z
Library,binder,Eldrazi Monument,M3C,Modern Horizons 3 Commander,290,normal,mythic,1,95071,f8ecdf65-c6e6-4dac-899b-55cd80242629,7.7,false,false,near_mint,en,USD,2024-10-08T03:07:33.042Z
Library,binder,Eldrazi Temple,M3C,Modern Horizons 3 Commander,339,normal,rare,1,94944,4f0ee055-1b1e-4ffa-9eb5-9ce7e8965f71,7.8,false,false,near_mint,en,USD,2024-10-08T03:07:33.042Z
Library,binder,Eldritch Immunity,M3C,Modern Horizons 3 Commander,33,normal,rare,1,94964,64a63b90-dbd6-4b66-8031-a3e230ada5b9,4.61,false,false,near_mint,en,USD,2024-10-08T03:07:33.042Z
Library,binder,Endbringer,M3C,Modern Horizons 3 Commander,156,normal,rare,1,95046,d9d7309a-d1ec-4b29-bb96-2daaa6be9eb8,0.39,false,false,near_mint,en,USD,2024-10-08T03:07:33.042Z
Library,binder,Everflowing Chalice,M3C,Modern Horizons 3 Commander,291,normal,uncommon,1,94948,5261ff88-270b-4ab4-b5c0-e028f2a55ece,0.37,false,false,near_mint,en,USD,2024-10-08T03:07:33.042Z
Library,binder,Exotic Orchard,M3C,Modern Horizons 3 Commander,341,normal,rare,1,94989,89f51c70-fcc8-4d97-94bb-5a75740523ad,0.26,false,false,near_mint,en,USD,2024-10-08T03:07:33.042Z
Library,binder,Forest,MH3,Modern Horizons 3,318,normal,common,1,94510,7ac34881-de32-42c7-af60-f992638e1da2,0.13,false,false,near_mint,en,USD,2024-10-08T03:07:33.042Z
Library,binder,Forsaken Monument,M3C,Modern Horizons 3 Commander,293,normal,mythic,1,94946,516d5db4-92c2-4bf1-b3aa-f10ac3490bba,4.27,false,false,near_mint,en,USD,2024-10-08T03:07:33.042Z
Library,binder,Garruk's Uprising,M3C,Modern Horizons 3 Commander,229,normal,uncommon,1,95012,b65810e6-e163-46a9-b2c0-941c53e5255a,1.01,false,false,near_mint,en,USD,2024-10-08T03:07:33.042Z
Library,binder,Glaring Fleshraker,MH3,Modern Horizons 3,7,normal,uncommon,1,94515,80c2a3c7-1486-4ff9-88ec-79ec67a437f8,0.5,false,false,near_mint,en,USD,2024-10-08T03:07:33.042Z
Library,binder,Hedron Archive,M3C,Modern Horizons 3 Commander,295,normal,uncommon,1,95043,d946ad52-b09b-4ce5-800f-8415550c1936,0.25,false,false,near_mint,en,USD,2024-10-08T03:07:33.042Z
Library,binder,Hideous Taskmaster,M3C,Modern Horizons 3 Commander,57,normal,rare,1,94594,ba7191d0-d567-4814-8a92-52e96aa7660f,1.99,false,false,near_mint,en,USD,2024-10-08T03:07:33.042Z
Library,binder,Idol of Oblivion,M3C,Modern Horizons 3 Commander,297,normal,uncommon,1,94915,1c602e17-7eee-45f5-82d9-406cb4498b18,0.6,false,false,near_mint,en,USD,2024-10-08T03:07:33.042Z
Library,binder,Imprisoned in the Moon,M3C,Modern Horizons 3 Commander,188,normal,rare,1,94994,925b566c-3774-49bc-b788-59b322163c8c,1.22,false,false,near_mint,en,USD,2024-10-08T03:07:33.042Z
Library,binder,Inversion Behemoth,M3C,Modern Horizons 3 Commander,34,normal,rare,1,94974,77a5ca5d-a377-4ee4-8e72-5a6b60c67521,0.4,false,false,near_mint,en,USD,2024-10-08T03:07:33.042Z
Library,binder,Island,MH3,Modern Horizons 3,312,normal,common,1,94480,64daf0ac-678b-4683-9351-a6daf9c9f849,0.12,false,false,near_mint,en,USD,2024-10-08T03:07:33.042Z
Library,binder,Karplusan Forest,M3C,Modern Horizons 3 Commander,351,normal,rare,1,94976,78f25169-2d3f-47b3-ad5d-87b04910783a,4.3,false,false,near_mint,en,USD,2024-10-08T03:07:33.042Z
Library,binder,Kozilek's Return,M3C,Modern Horizons 3 Commander,214,normal,mythic,1,95064,eed3be26-6c05-48cf-889a-9cbbd4977283,7.32,false,false,near_mint,en,USD,2024-10-08T03:07:33.042Z
Library,binder,Llanowar Wastes,M3C,Modern Horizons 3 Commander,354,normal,rare,1,95052,e34a7793-a9b5-4892-b6e2-e4b97c3acd80,1.77,false,false,near_mint,en,USD,2024-10-08T03:07:33.042Z
Library,binder,"Morophon, the Boundless",M3C,Modern Horizons 3 Commander,157,normal,mythic,1,94928,33c2e889-d2e1-4197-ba97-81a2b8512746,6.93,false,false,near_mint,en,USD,2024-10-08T03:07:33.042Z
Library,binder,Mountain,MH3,Modern Horizons 3,316,normal,common,1,94356,186e36d5-3f1d-4423-a8db-f4c38898fa30,0.15,false,false,near_mint,en,USD,2024-10-08T03:07:33.042Z
Library,binder,Mutated Cultist,M3C,Modern Horizons 3 Commander,53,normal,rare,1,95035,cc4bb871-cde9-43a9-8089-5987fa0dd4ef,2.3,false,false,near_mint,en,USD,2024-10-08T03:07:33.042Z
Library,binder,Oblivion Sower,M3C,Modern Horizons 3 Commander,158,normal,mythic,1,94662,eb179ae3-28d9-4741-a055-e7e767d8a408,0.4,false,false,near_mint,en,USD,2024-10-08T03:07:33.042Z
Library,binder,Opal Palace,M3C,Modern Horizons 3 Commander,361,normal,common,1,94972,76219ec4-65dc-4137-9b3b-070e02524397,0.24,false,false,near_mint,en,USD,2024-10-08T03:07:33.042Z
Library,binder,Path of Ancestry,M3C,Modern Horizons 3 Commander,363,normal,common,1,94905,06869588-eb99-43b4-9521-948ca9f27c3e,0.25,false,false,near_mint,en,USD,2024-10-08T03:07:33.042Z
Library,binder,Plains,MH3,Modern Horizons 3,310,normal,common,1,94651,e0281fba-d771-4431-931f-920db2f14c47,0.15,false,false,near_mint,en,USD,2024-10-08T03:07:33.042Z
Library,binder,Reliquary Tower,M3C,Modern Horizons 3 Commander,368,normal,uncommon,1,94939,43631610-5fad-4b73-a57c-26bf38eff309,2.06,false,false,near_mint,en,USD,2024-10-08T03:07:33.042Z
Library,binder,Return of the Wildspeaker,M3C,Modern Horizons 3 Commander,242,normal,rare,1,94935,3fd677c8-5989-4b33-9746-539a5dcb6f3a,1.01,false,false,near_mint,en,USD,2024-10-08T03:07:33.042Z
Library,binder,Rishkar's Expertise,M3C,Modern Horizons 3 Commander,411,normal,rare,1,95003,a28ab6cc-d065-495c-a76c-7996a0e4d14d,1.91,false,false,near_mint,en,USD,2024-10-08T03:07:33.042Z
Library,binder,Ruins of Oran-Rief,M3C,Modern Horizons 3 Commander,370,normal,rare,1,95047,dd563d94-787d-4098-8b38-b462640c4216,0.27,false,false,near_mint,en,USD,2024-10-08T03:07:33.042Z
Library,binder,Secluded Courtyard,M3C,Modern Horizons 3 Commander,372,normal,uncommon,1,95061,ebb1e934-b013-47bf-984b-7ac89de6811b,0.54,false,false,near_mint,en,USD,2024-10-08T03:07:33.042Z
Library,binder,Selective Obliteration,M3C,Modern Horizons 3 Commander,35,normal,rare,1,95065,f0c21e73-8db1-4ede-bea5-1dcd4b3cef01,0.95,false,false,near_mint,en,USD,2024-10-08T03:07:33.042Z
Library,binder,Shivan Reef,M3C,Modern Horizons 3 Commander,375,normal,rare,1,94757,6fc5d0a1-8c29-4961-8567-d1ccc3669a32,0.92,false,false,near_mint,en,USD,2024-10-08T03:07:33.042Z
Library,binder,Shrine of the Forsaken Gods,M3C,Modern Horizons 3 Commander,376,normal,rare,1,95048,dde7ad4e-a38b-4981-8c9f-78a9e9ea2c36,0.27,false,false,near_mint,en,USD,2024-10-08T03:07:33.042Z
Library,binder,Sifter of Skulls,M3C,Modern Horizons 3 Commander,203,normal,rare,1,95070,f824d5b6-259b-467b-93b5-e93db8b15359,0.69,false,false,near_mint,en,USD,2024-10-08T03:07:33.042Z
Library,binder,Sire of Stagnation,M3C,Modern Horizons 3 Commander,272,normal,mythic,1,95053,e62cddab-34ef-46c6-b700-9b59751b9a2c,1.7,false,false,near_mint,en,USD,2024-10-08T03:07:33.042Z
Library,binder,Skittering Invasion,M3C,Modern Horizons 3 Commander,159,normal,uncommon,1,94908,0bf49859-c1ef-43ca-aa0a-6f4116825b7d,1.0,false,false,near_mint,en,USD,2024-10-08T03:07:33.042Z
Library,binder,Snapping Voidcraw,MH3,Modern Horizons 3,204,normal,common,1,94870,9185371c-2dde-48ad-ab27-08be04b3c522,0.15,false,false,near_mint,en,USD,2024-10-08T03:07:33.042Z
Library,binder,Sol Ring,M3C,Modern Horizons 3 Commander,305,normal,uncommon,1,94714,19911e6e-7c35-4281-b31c-266382f052cc,1.32,false,false,near_mint,en,USD,2024-10-08T03:07:33.042Z
Library,binder,Spawnbed Protector,M3C,Modern Horizons 3 Commander,36,normal,rare,1,95017,bf2d8dab-71f3-4da7-a4b1-ed3309a4c756,4.28,false,false,near_mint,en,USD,2024-10-08T03:07:33.042Z
Library,binder,Spawning Bed,M3C,Modern Horizons 3 Commander,380,normal,uncommon,1,95019,c256d8c5-a8e7-4b9a-a330-899301db7f52,0.29,false,false,near_mint,en,USD,2024-10-08T03:07:33.042Z
Library,binder,Suffer the Past,M3C,Modern Horizons 3 Commander,205,normal,uncommon,1,95054,e6555906-8844-4a8b-8b40-3e5af4a6ef41,0.2,false,false,near_mint,en,USD,2024-10-08T03:07:33.042Z
Library,binder,Sulfurous Springs,M3C,Modern Horizons 3 Commander,381,normal,rare,1,94932,38c0d259-106c-4281-b96d-2747e00e521d,4.58,false,false,near_mint,en,USD,2024-10-08T03:07:33.042Z
Library,binder,Swamp,MH3,Modern Horizons 3,314,normal,common,1,94682,f5e672fc-673b-4476-b9cc-a395dc60b471,0.15,false,false,near_mint,en,USD,2024-10-08T03:07:33.042Z
Library,binder,Talisman of Curiosity,M3C,Modern Horizons 3 Commander,309,normal,uncommon,1,94900,00413cf3-bc14-4881-8feb-829f11af0fdd,0.57,false,false,near_mint,en,USD,2024-10-08T03:07:33.042Z
Library,binder,Talisman of Dominance,M3C,Modern Horizons 3 Commander,310,normal,uncommon,1,94953,58ebb5f3-5491-4f9c-84d5-f98d9ebece38,1.15,false,false,near_mint,en,USD,2024-10-08T03:07:33.042Z
Library,binder,Talisman of Impulse,M3C,Modern Horizons 3 Commander,311,normal,uncommon,1,95067,f2e47cb9-39c2-4419-b90f-0cd3fbb8d4b2,0.99,false,false,near_mint,en,USD,2024-10-08T03:07:33.042Z
Library,binder,Talisman of Resilience,M3C,Modern Horizons 3 Commander,314,normal,uncommon,1,95055,e77335bc-ba8c-4d44-9f7e-57700132ca68,0.44,false,false,near_mint,en,USD,2024-10-08T03:07:33.042Z
Library,binder,Tectonic Edge,M3C,Modern Horizons 3 Commander,384,normal,uncommon,1,94902,02174040-f292-468b-9aa6-4bd468b38cf9,0.25,false,false,near_mint,en,USD,2024-10-08T03:07:33.042Z
Library,binder,Temple of Malady,M3C,Modern Horizons 3 Commander,388,normal,rare,1,94982,7e299990-4128-4a9c-9f8c-08838f248094,0.25,false,false,near_mint,en,USD,2024-10-08T03:07:33.042Z
Library,binder,Temple of Silence,M3C,Modern Horizons 3 Commander,391,normal,rare,1,94962,627eb62a-399d-4f2b-9ea1-73ce0396ba1c,0.26,false,false,near_mint,en,USD,2024-10-08T03:07:33.042Z
Library,binder,Tendo Ice Bridge,M3C,Modern Horizons 3 Commander,393,normal,rare,1,94995,929961bf-c866-4ed8-a552-b261ecd5f2fb,0.33,false,false,near_mint,en,USD,2024-10-08T03:07:33.042Z
Library,binder,Titans' Vanguard,MH3,Modern Horizons 3,206,normal,uncommon,1,94829,fb3ea14e-44ac-4f69-bfea-cb6bf1bfbd74,0.17,false,false,near_mint,en,USD,2024-10-08T03:07:33.042Z
Library,binder,Tomb of the Spirit Dragon,M3C,Modern Horizons 3 Commander,397,normal,uncommon,1,95026,c5c2da3e-5e82-4236-b866-93bec88d86b0,0.27,false,false,near_mint,en,USD,2024-10-08T03:07:33.042Z
Library,binder,Twins of Discord,M3C,Modern Horizons 3 Commander,37,normal,rare,1,95009,b3c237a5-1d2a-457a-be4e-c07483b31799,0.55,false,false,near_mint,en,USD,2024-10-08T03:07:33.042Z
Library,binder,Twisted Landscape,MH3,Modern Horizons 3,232,normal,common,1,94815,d0e3e7b3-7ba9-47a2-b46c-a40bffb445e2,0.18,false,false,near_mint,en,USD,2024-10-08T03:07:33.042Z
Library,binder,Ugin's Insight,M3C,Modern Horizons 3 Commander,196,normal,rare,1,95034,cbe80abe-cbc7-499b-92bb-accbf59bb138,0.25,false,false,near_mint,en,USD,2024-10-08T03:07:33.042Z
Library,binder,"Ugin, the Ineffable",M3C,Modern Horizons 3 Commander,160,normal,rare,1,95074,fba9e014-8abe-4662-8a47-998b5eaa7a6b,1.43,false,false,near_mint,en,USD,2024-10-08T03:07:33.042Z
Library,binder,"Ulalek, Fused Atrocity",M3C,Modern Horizons 3 Commander,4,foil,mythic,1,94695,fdad1b0e-d3cc-4d76-ae7e-fee12558cf2c,1.73,false,false,near_mint,en,USD,2024-10-08T03:07:33.042Z
Library,binder,Ulamog's Crusher,M3C,Modern Horizons 3 Commander,161,normal,common,1,95006,ac896541-b271-4bbb-a45c-753869361df6,0.28,false,false,near_mint,en,USD,2024-10-08T03:07:33.042Z
Library,binder,Ulamog's Dreadsire,M3C,Modern Horizons 3 Commander,38,normal,rare,1,95011,b5821c21-8133-40f7-a28d-addf64b1e35f,3.1,false,false,near_mint,en,USD,2024-10-08T03:07:33.042Z
Library,binder,Ulamog's Nullifier,M3C,Modern Horizons 3 Commander,275,normal,uncommon,1,95058,e991c9ad-de2d-439b-bc4c-6da9da756130,0.2,false,false,near_mint,en,USD,2024-10-08T03:07:33.042Z
Library,binder,Unclaimed Territory,M3C,Modern Horizons 3 Commander,399,normal,uncommon,1,94998,951762f1-716c-451c-af0d-c1f6de231a72,0.43,false,false,near_mint,en,USD,2024-10-08T03:07:33.042Z
Library,binder,Underground River,M3C,Modern Horizons 3 Commander,400,normal,rare,1,94945,5045f269-d931-4786-b7aa-4e0b1db1cd26,3.68,false,false,near_mint,en,USD,2024-10-08T03:07:33.042Z
Library,binder,Vile Redeemer,M3C,Modern Horizons 3 Commander,251,normal,rare,1,94978,7a08e28c-dee2-4ab8-bc72-1498a7dd3a40,0.25,false,false,near_mint,en,USD,2024-10-08T03:07:33.042Z
Library,binder,Warping Wail,M3C,Modern Horizons 3 Commander,162,normal,uncommon,1,94958,5e3f50c4-2443-4e7a-9d3a-b360037fc94d,0.61,false,false,near_mint,en,USD,2024-10-08T03:07:33.042Z
Library,binder,Wastes,M3C,Modern Horizons 3 Commander,408,normal,common,1,94941,475be6db-6541-412b-a07e-5357b25a499f,2.01,false,false,near_mint,en,USD,2024-10-08T03:07:33.042Z
Library,binder,Wastescape Battlemage,MH3,Modern Horizons 3,17,normal,uncommon,1,94493,6bc119b8-429c-4ab6-adba-b65b03810e98,0.2,false,false,near_mint,en,USD,2024-10-08T03:07:33.042Z
Library,binder,World Breaker,M3C,Modern Horizons 3 Commander,253,normal,mythic,1,95031,ca111e56-79a0-43be-acd1-d1de110d6509,6.39,false,false,near_mint,en,USD,2024-10-08T03:07:33.042Z
Library,binder,Yavimaya Coast,M3C,Modern Horizons 3 Commander,410,normal,rare,1,94903,0378af42-0e35-4ee0-96ed-d588a71c0bea,0.59,false,false,near_mint,en,USD,2024-10-08T03:07:33.042Z
Library,binder,Sire of Seven Deaths,FDN,Foundations,1,normal,mythic,1,100812,8d8432a7-1c8a-4cfb-947c-ecf9791063eb,26.71,false,false,near_mint,en,USD,2024-11-13T02:02:41.930Z
Library,binder,Wardens of the Cycle,FDN,Foundations,125,normal,uncommon,2,100761,83ea9b2c-5723-4eff-88ac-6669975939e3,0.33,false,false,near_mint,en,USD,2024-11-13T02:02:41.930Z
Library,binder,"Kykar, Zephyr Awakener",FDN,Foundations,122,foil,rare,1,100643,6c980998-7124-4ec6-a0b6-e8d9a2364925,1.2,false,false,near_mint,en,USD,2024-11-13T02:02:41.930Z
Library,binder,Meteor Golem,FDN,Foundations,256,normal,uncommon,1,101167,d291ea1e-36bc-46b3-b3ae-084fa0ba69eb,0.34,false,false,near_mint,en,USD,2024-11-13T02:02:41.930Z
Library,binder,Solemn Simulacrum,FDN,Foundations,257,normal,rare,1,100514,5383f45e-3da2-40fb-beee-801448bbb60f,0.63,false,false,near_mint,en,USD,2024-11-13T02:02:41.930Z
Library,binder,"Muldrotha, the Gravetide",FDN,Foundations,243,normal,mythic,1,100499,51710b19-68e3-4853-901f-e618bde61161,2.02,false,false,near_mint,en,USD,2024-11-13T02:02:41.930Z
Library,binder,"Ruby, Daring Tracker",FDN,Foundations,245,foil,uncommon,1,101405,fe3e7dd2-b66d-4218-9fde-f84bec26b7bf,0.5,false,false,near_mint,en,USD,2024-11-13T02:02:41.930Z
Library,binder,Burnished Hart,FDN,Foundations,250,normal,uncommon,1,100609,65ebbff0-fbe6-4310-a33f-e00bb2534979,0.28,false,false,near_mint,en,USD,2024-11-13T02:02:41.930Z
Library,binder,Good-Fortune Unicorn,FDN,Foundations,240,normal,uncommon,1,101300,eabbe163-2b15-42e3-89ce-7363e6250d3a,0.44,false,false,near_mint,en,USD,2024-11-13T02:02:41.930Z
Library,binder,"Elenda, Saint of Dusk",FDN,Foundations,119,normal,rare,1,100264,24955f5f-093c-4d33-b0c1-911cd36032ce,1.4,false,false,near_mint,en,USD,2024-11-13T02:02:41.930Z
Library,binder,"Koma, World-Eater",FDN,Foundations,121,normal,rare,1,101102,c3b92caa-3401-4b11-9515-152f3e057c05,2.07,false,false,near_mint,en,USD,2024-11-13T02:02:41.930Z
Library,binder,Ravenous Amulet,FDN,Foundations,131,normal,uncommon,1,100744,80cadee5-6f26-4440-ad31-a8e573a90436,0.42,false,false,near_mint,en,USD,2024-11-13T02:02:41.930Z
Library,binder,Scrawling Crawler,FDN,Foundations,132,normal,rare,1,100912,a1176dcf-40ee-4342-aa74-791b8352e99a,2.9,false,false,near_mint,en,USD,2024-11-13T02:02:41.930Z
Library,binder,Banner of Kinship,FDN,Foundations,127,normal,rare,1,100914,a14c16c0-4053-46b0-8fa6-be8b4a7a1c8a,5.5,false,false,near_mint,en,USD,2024-11-13T02:02:41.930Z
Library,binder,"Ruby, Daring Tracker",FDN,Foundations,245,normal,uncommon,1,101405,fe3e7dd2-b66d-4218-9fde-f84bec26b7bf,0.37,false,false,near_mint,en,USD,2024-11-13T02:02:41.930Z
Library,binder,Consuming Aberration,FDN,Foundations,238,normal,rare,1,101066,bc2b28fd-66b0-457c-80ea-7caed2cc7926,0.55,false,false,near_mint,en,USD,2024-11-13T02:02:41.930Z
Library,binder,Empyrean Eagle,FDN,Foundations,239,foil,uncommon,1,100533,577e99a7-4a55-4314-8f08-2ae0c33b85c7,0.45,false,false,near_mint,en,USD,2024-11-13T02:02:41.930Z
Library,binder,Ashroot Animist,FDN,Foundations,117,foil,rare,1,101233,dece147f-d71a-4c95-9fe5-f5c862ef14ac,1.21,false,false,near_mint,en,USD,2024-11-13T02:02:41.930Z
Library,binder,Heraldic Banner,FDN,Foundations,254,normal,uncommon,1,100678,743ea709-dbb3-4db8-a2ce-544f47eb6339,0.75,false,false,near_mint,en,USD,2024-11-13T02:02:41.930Z
Library,binder,Swiftblade Vindicator,FDN,Foundations,246,normal,rare,1,101372,f94618ec-000c-4371-b925-05ff82bfe221,0.45,false,false,near_mint,en,USD,2024-11-13T02:02:41.930Z
Library,binder,Ashroot Animist,FDN,Foundations,117,normal,rare,1,101233,dece147f-d71a-4c95-9fe5-f5c862ef14ac,0.58,false,false,near_mint,en,USD,2024-11-13T02:02:41.930Z
Library,binder,Gleaming Barrier,FDN,Foundations,252,foil,common,1,101479,1b49b009-e6f2-494a-9235-f5c25c2d70a9,0.35,false,false,near_mint,en,USD,2024-11-13T02:02:41.930Z
Library,binder,Dreadwing Scavenger,FDN,Foundations,118,normal,uncommon,2,101252,e24d838b-ab48-410a-9a50-dbfea5da089b,0.39,false,false,near_mint,en,USD,2024-11-13T02:02:41.930Z
Library,binder,Empyrean Eagle,FDN,Foundations,239,normal,uncommon,1,100533,577e99a7-4a55-4314-8f08-2ae0c33b85c7,0.34,false,false,near_mint,en,USD,2024-11-13T02:02:41.930Z
Library,binder,Campus Guide,FDN,Foundations,251,normal,common,3,101504,43c59814-3167-4b05-bb85-6c736f3956a4,0.31,false,false,near_mint,en,USD,2024-11-13T02:02:41.930Z
Library,binder,Perforating Artist,FDN,Foundations,124,normal,uncommon,2,100674,72980409-53f0-43c1-965e-06f22e7bb608,0.43,false,false,near_mint,en,USD,2024-11-13T02:02:41.930Z
Library,binder,Fiendish Panda,FDN,Foundations,120,normal,uncommon,2,100483,4e434d74-cad0-45f5-bc8d-f34aa5e1d879,0.43,false,false,near_mint,en,USD,2024-11-13T02:02:41.930Z
Library,binder,"Tatyova, Benthic Druid",FDN,Foundations,247,normal,uncommon,2,101301,eabc978a-0666-472d-bdc6-d4b29d29eca4,0.33,false,false,near_mint,en,USD,2024-11-13T02:02:41.930Z
Library,binder,Goldvein Pick,FDN,Foundations,253,normal,common,3,101572,a241317d-2277-467e-a8f9-aa71c944e244,0.25,false,false,near_mint,en,USD,2024-11-13T02:02:41.930Z
Library,binder,"Balmor, Battlemage Captain",FDN,Foundations,237,normal,uncommon,2,100142,0b45ab13-9bb6-48af-8b37-d97b25801ac8,0.29,false,false,near_mint,en,USD,2024-11-13T02:02:41.930Z
Library,binder,Quick-Draw Katana,FDN,Foundations,130,normal,common,3,101540,69beec98-c89c-4673-953c-8b3ef3d81560,0.25,false,false,near_mint,en,USD,2024-11-13T02:02:41.930Z
Library,binder,Adventuring Gear,FDN,Foundations,249,normal,uncommon,2,100358,361f9b99-5b5d-40da-b4b9-5ad90f6280ee,0.35,false,false,near_mint,en,USD,2024-11-13T02:02:41.930Z
Library,binder,Juggernaut,FDN,Foundations,255,normal,uncommon,2,101351,f4468fff-cd6f-428c-b7a0-ff89f5bbea2e,0.28,false,false,near_mint,en,USD,2024-11-13T02:02:41.930Z
Library,binder,Gleaming Barrier,FDN,Foundations,252,normal,common,3,101479,1b49b009-e6f2-494a-9235-f5c25c2d70a9,0.28,false,false,near_mint,en,USD,2024-11-13T02:02:41.930Z
Library,binder,Icewind Elemental,FDN,Foundations,42,foil,common,1,101629,fd0eba76-3829-408b-828f-0b223c884728,0.38,false,false,near_mint,en,USD,2024-11-13T02:11:03.241Z
Library,binder,Curator of Destinies,FDN,Foundations,34,normal,rare,1,100908,9ff79da7-c3f7-4541-87a0-503544c699b5,1.64,false,false,near_mint,en,USD,2024-11-13T02:11:03.241Z
Library,binder,Self-Reflection,FDN,Foundations,163,normal,uncommon,1,101247,e1e6abc9-25b2-4d51-b519-2525079eab51,0.3,false,false,near_mint,en,USD,2024-11-13T02:11:03.241Z
Library,binder,Micromancer,FDN,Foundations,158,normal,uncommon,1,101274,e6af54ea-b57a-4e50-8e46-1747cca14430,0.37,false,false,near_mint,en,USD,2024-11-13T02:11:03.241Z
Library,binder,Drake Hatcher,FDN,Foundations,306,normal,rare,1,101029,b60cf418-b927-49b6-9613-41eae6296902,1.91,false,false,near_mint,en,USD,2024-11-13T02:11:03.241Z
Library,binder,Faebloom Trick,FDN,Foundations,38,normal,uncommon,1,100148,0c3bee8f-f5be-4404-a696-c902637799c3,0.4,false,false,near_mint,en,USD,2024-11-13T02:11:03.241Z
Library,binder,Witness Protection,FDN,Foundations,168,foil,common,1,101621,f231e981-0069-43ce-ac1c-c85ced613e93,0.28,false,false,near_mint,en,USD,2024-11-13T02:11:03.241Z
Library,binder,Spectral Sailor,FDN,Foundations,164,normal,uncommon,1,100100,03a49535-c5f3-4a6f-b333-7ac7bffdc9ae,0.33,false,false,near_mint,en,USD,2024-11-13T02:11:03.241Z
Library,binder,Brineborn Cutthroat,FDN,Foundations,152,normal,uncommon,1,100986,acf7aafb-931f-49e5-8691-eab8cb34b05e,0.33,false,false,near_mint,en,USD,2024-11-13T02:11:03.241Z
Library,binder,Lunar Insight,FDN,Foundations,46,normal,rare,1,100958,a9a159f6-fecf-4bdd-b2f8-a9665a5cc32d,0.86,false,false,near_mint,en,USD,2024-11-13T02:11:03.241Z
Library,binder,Cephalid Inkmage,FDN,Foundations,32,normal,uncommon,1,101040,b7e47680-18c7-4ffb-aac4-c5db6e7095ba,0.38,false,false,near_mint,en,USD,2024-11-13T02:11:03.241Z
Library,binder,Extravagant Replication,FDN,Foundations,154,normal,rare,1,100634,6a41dfae-bc7e-4105-8f7e-fd0109197ad8,0.77,false,false,near_mint,en,USD,2024-11-13T02:11:03.241Z
Library,binder,"Kaito, Cunning Infiltrator",FDN,Foundations,44,normal,mythic,1,100560,5dabdea9-2015-49b9-853d-4f7e1262eab3,6.48,false,false,near_mint,en,USD,2024-11-13T02:11:03.241Z
Library,binder,Archmage of Runes,FDN,Foundations,30,normal,rare,1,100339,334b5018-2da9-49f1-9d09-83d312ecfb02,1.0,false,false,near_mint,en,USD,2024-11-13T02:11:03.241Z
Library,binder,High Fae Trickster,FDN,Foundations,40,normal,rare,1,100729,7f1b93ea-1ec1-4010-9343-765742f5088b,1.59,false,false,near_mint,en,USD,2024-11-13T02:11:03.241Z
Library,binder,Refute,FDN,Foundations,313,normal,common,1,100279,26a65d5b-d07e-4ff0-900a-30d509ce0f35,1.29,false,false,near_mint,en,USD,2024-11-13T02:11:03.241Z
Library,binder,Aegis Turtle,FDN,Foundations,150,foil,common,1,101590,c7f2014a-fbc9-447c-a440-e06d01066bb9,0.35,false,false,near_mint,en,USD,2024-11-13T02:11:03.241Z
Library,binder,Aetherize,FDN,Foundations,151,normal,uncommon,1,100225,1e5530fc-0291-4a17-b048-c5d24e6f51d8,0.45,false,false,near_mint,en,USD,2024-11-13T02:11:03.241Z
Library,binder,Imprisoned in the Moon,FDN,Foundations,156,normal,uncommon,1,101313,ee28e147-6622-4399-a314-c14a5c912dd0,0.43,false,false,near_mint,en,USD,2024-11-13T02:11:03.241Z
Library,binder,Elementalist Adept,FDN,Foundations,36,normal,common,3,101605,d9768cc6-8f53-4922-ae32-376a2f32d719,0.25,false,false,near_mint,en,USD,2024-11-13T02:11:03.241Z
Library,binder,Witness Protection,FDN,Foundations,168,normal,common,3,101621,f231e981-0069-43ce-ac1c-c85ced613e93,0.32,false,false,near_mint,en,USD,2024-11-13T02:11:03.241Z
Library,binder,Aegis Turtle,FDN,Foundations,150,normal,common,3,101590,c7f2014a-fbc9-447c-a440-e06d01066bb9,0.28,false,false,near_mint,en,USD,2024-11-13T02:11:03.241Z
Library,binder,Run Away Together,FDN,Foundations,162,normal,common,2,101614,e598eb7b-10dc-49e6-ac60-2fefa987173e,0.28,false,false,near_mint,en,USD,2024-11-13T02:11:03.241Z
Library,binder,Refute,FDN,Foundations,48,normal,common,2,100368,38806934-dd9c-4ad4-a59c-a16dce03a14a,0.42,false,false,near_mint,en,USD,2024-11-13T02:11:03.241Z
Library,binder,Think Twice,FDN,Foundations,165,normal,common,2,101202,d88faaa1-eb41-40f7-991c-5c06e1138f3d,0.27,false,false,near_mint,en,USD,2024-11-13T02:11:03.241Z
Library,binder,Bigfin Bouncer,FDN,Foundations,31,normal,common,4,100882,9b1d5b76-b07e-45c6-800d-4cfce085164f,0.31,false,false,near_mint,en,USD,2024-11-13T02:11:03.241Z
Library,binder,Arcane Epiphany,FDN,Foundations,29,normal,uncommon,2,100116,06431793-5dfe-4cbf-990b-4bcc960d1f31,0.34,false,false,near_mint,en,USD,2024-11-13T02:11:03.241Z
Library,binder,Lightshell Duo,FDN,Foundations,157,normal,common,2,101063,bb75315c-ea8f-4eb0-899e-c73ef75fc396,0.29,false,false,near_mint,en,USD,2024-11-13T02:11:03.241Z
Library,binder,Uncharted Voyage,FDN,Foundations,53,normal,common,5,101611,e0846820-e595-4743-8a28-29c57d728677,0.3,false,false,near_mint,en,USD,2024-11-13T02:11:03.241Z
Library,binder,Icewind Elemental,FDN,Foundations,42,normal,common,3,101629,fd0eba76-3829-408b-828f-0b223c884728,0.3,false,false,near_mint,en,USD,2024-11-13T02:11:03.241Z
Library,binder,Erudite Wizard,FDN,Foundations,37,normal,common,4,100835,9273c417-0fcd-4273-b24e-afff76336d0c,0.28,false,false,near_mint,en,USD,2024-11-13T02:11:03.241Z
Library,binder,Mocking Sprite,FDN,Foundations,159,normal,common,3,101624,f6792f63-b651-497d-8aa5-cddf4cedeca8,0.31,false,false,near_mint,en,USD,2024-11-13T02:11:03.241Z
Library,binder,Rune-Sealed Wall,FDN,Foundations,49,normal,uncommon,2,101212,da0f147b-95ed-4f32-9b46-6a633ae31976,0.36,false,false,near_mint,en,USD,2024-11-13T02:11:03.241Z
Library,binder,Strix Lookout,FDN,Foundations,52,normal,common,4,101627,fbd2422e-8e84-4c39-af29-3b4d38baee63,0.39,false,false,near_mint,en,USD,2024-11-13T02:11:03.241Z
Library,binder,Fleeting Distraction,FDN,Foundations,155,normal,common,2,101587,c0b86a7b-4912-43a7-ab89-c3432385baa1,0.28,false,false,near_mint,en,USD,2024-11-13T02:11:03.241Z
Library,binder,Inspiration from Beyond,FDN,Foundations,43,normal,uncommon,2,101033,b636fe95-664f-4fb1-aab9-28856edeccd6,0.35,false,false,near_mint,en,USD,2024-11-13T02:11:03.241Z
Library,binder,Tolarian Terror,FDN,Foundations,167,normal,common,5,100270,2569d4f3-55ed-4f99-9592-34c7df0aab72,0.3,false,false,near_mint,en,USD,2024-11-13T02:11:03.241Z
Library,binder,Grappling Kraken,FDN,Foundations,39,normal,uncommon,2,101165,d1f5cab3-3fc0-448d-8252-cd55abf5b596,0.38,false,false,near_mint,en,USD,2024-11-13T02:11:03.241Z
Library,binder,Clinquant Skymage,FDN,Foundations,33,normal,uncommon,2,100357,36012810-0e83-4640-8ba7-7262229f1b84,0.58,false,false,near_mint,en,USD,2024-11-13T02:11:03.241Z
Library,binder,"Arahbo, the First Fang",FDN,Foundations,2,normal,rare,1,100503,524a5d93-26ed-436d-a437-dc9460acce98,2.0,false,false,near_mint,en,USD,2024-11-13T02:21:01.626Z
Library,binder,Banishing Light,FDN,Foundations,138,foil,common,1,101613,e38dc3b3-1629-491b-8afd-0e7a9a857713,0.28,false,false,near_mint,en,USD,2024-11-13T02:21:01.626Z
Library,binder,Cathar Commando,FDN,Foundations,139,foil,common,1,100204,19cf024d-edb6-4a79-8676-73f8db0cdf1f,0.35,false,false,near_mint,en,USD,2024-11-13T02:21:01.626Z
Library,binder,Exemplar of Light,FDN,Foundations,297,normal,rare,1,100128,089b28fe-f10f-4e3e-8c19-ed012349faf4,5.82,false,false,near_mint,en,USD,2024-11-13T02:21:01.626Z
Library,binder,Helpful Hunter,FDN,Foundations,16,foil,common,1,97172,1b9a0e91-80b5-428f-8f08-931d0631be14,0.69,false,false,near_mint,en,USD,2024-11-13T02:21:01.626Z
Library,binder,Guarded Heir,FDN,Foundations,14,normal,uncommon,1,100505,525ba5c7-3ce5-4e52-b8b5-96c9040a6738,0.36,false,false,near_mint,en,USD,2024-11-13T02:21:01.626Z
Library,binder,Mischievous Pup,FDN,Foundations,144,normal,uncommon,1,100670,7214d984-6400-44d7-bde6-57d96b606e78,0.33,false,false,near_mint,en,USD,2024-11-13T02:21:01.626Z
Library,binder,Cat Collector,FDN,Foundations,4,foil,uncommon,1,100507,526fe356-bff1-4211-9e88-bf913ac76b1d,0.49,false,false,near_mint,en,USD,2024-11-13T02:21:01.626Z
Library,binder,Exemplar of Light,FDN,Foundations,11,normal,rare,1,100832,920c8fc5-fdd2-446a-a676-5c363f96928f,1.48,false,false,near_mint,en,USD,2024-11-13T02:21:01.626Z
Library,binder,Raise the Past,FDN,Foundations,22,normal,rare,1,100641,6c6be129-56da-4fe7-a6bd-6a1d402c09e1,1.49,false,false,near_mint,en,USD,2024-11-13T02:21:01.626Z
Library,binder,Prideful Parent,FDN,Foundations,21,foil,common,1,97188,b742117a-8a72-43b9-b05d-274829d138a2,0.49,false,false,near_mint,en,USD,2024-11-13T02:21:01.626Z
Library,binder,Valkyrie's Call,FDN,Foundations,27,normal,mythic,1,100158,0e1f1ff2-fa8f-4d38-b631-2d6e08e614c8,5.98,false,false,near_mint,en,USD,2024-11-13T02:21:01.626Z
Library,binder,Twinblade Blessing,FDN,Foundations,26,normal,uncommon,1,101310,ecf01cbe-9fcb-4f35-bc6b-2280620b06ff,0.49,false,false,near_mint,en,USD,2024-11-13T02:21:01.626Z
Library,binder,Felidar Savior,FDN,Foundations,12,foil,common,1,97191,cd092b14-d72f-4de0-8f19-1338661b9e3b,0.48,false,false,near_mint,en,USD,2024-11-13T02:21:01.626Z
Library,binder,Skyknight Squire,FDN,Foundations,23,normal,rare,1,101396,fcfe4e62-c153-47b8-8e09-cedaf91f53d8,1.15,false,false,near_mint,en,USD,2024-11-13T02:21:01.626Z
Library,binder,Authority of the Consuls,FDN,Foundations,137,normal,rare,1,100425,42ce2d7f-5924-47c0-b5ed-dacf9f9617a0,3.39,false,false,near_mint,en,USD,2024-11-13T02:21:01.626Z
Library,binder,Make Your Move,FDN,Foundations,143,normal,common,4,101546,7368f861-3288-4645-90a7-ca35d6da3721,0.18,false,false,near_mint,en,USD,2024-11-13T02:21:01.626Z
Library,binder,Healer's Hawk,FDN,Foundations,142,normal,common,3,101595,cc8e4563-04bb-46b5-835e-64ba11c0e972,0.28,false,false,near_mint,en,USD,2024-11-13T02:21:01.626Z
Library,binder,Cathar Commando,FDN,Foundations,139,normal,common,2,100204,19cf024d-edb6-4a79-8676-73f8db0cdf1f,0.28,false,false,near_mint,en,USD,2024-11-13T02:21:01.626Z
Library,binder,Squad Rallier,FDN,Foundations,24,normal,common,6,101534,65e1ee86-6f08-4aa0-bf63-ae12028ef080,0.4,false,false,near_mint,en,USD,2024-11-13T02:21:01.626Z
Library,binder,Banishing Light,FDN,Foundations,138,normal,common,4,101613,e38dc3b3-1629-491b-8afd-0e7a9a857713,0.25,false,false,near_mint,en,USD,2024-11-13T02:21:01.626Z
Library,binder,Claws Out,FDN,Foundations,6,normal,uncommon,2,100429,4396049c-b976-4b7f-8ecd-564e24ebd631,0.44,false,false,near_mint,en,USD,2024-11-13T02:21:01.626Z
Library,binder,Vanguard Seraph,FDN,Foundations,28,normal,common,5,101503,4329c861-fc16-4a96-9c03-25af6ac2adc8,0.28,false,false,near_mint,en,USD,2024-11-13T02:21:01.626Z
Library,binder,Helpful Hunter,FDN,Foundations,16,normal,common,3,97172,1b9a0e91-80b5-428f-8f08-931d0631be14,0.49,false,false,near_mint,en,USD,2024-11-13T02:21:01.626Z
Library,binder,Inspiring Paladin,FDN,Foundations,18,normal,common,2,101472,0763be06-25b2-4d6b-ab33-a1af85aeb443,0.3,false,false,near_mint,en,USD,2024-11-13T02:21:01.626Z
Library,binder,Felidar Savior,FDN,Foundations,12,normal,common,2,97191,cd092b14-d72f-4de0-8f19-1338661b9e3b,0.5,false,false,near_mint,en,USD,2024-11-13T02:21:01.626Z
Library,binder,Stroke of Midnight,FDN,Foundations,148,normal,uncommon,2,100970,ab135925-d924-456d-851a-6ccdaaf27271,0.67,false,false,near_mint,en,USD,2024-11-13T02:21:01.626Z
Library,binder,Serra Angel,FDN,Foundations,147,normal,uncommon,2,100391,3cee9303-9d65-45a2-93d4-ef4aba59141b,0.97,false,false,near_mint,en,USD,2024-11-13T02:21:01.626Z
Library,binder,Savannah Lions,FDN,Foundations,146,normal,uncommon,2,97184,9c9ac1bc-cdf3-4fa6-8319-a7ea164e9e47,0.4,false,false,near_mint,en,USD,2024-11-13T02:21:01.626Z
Library,binder,Armasaur Guide,FDN,Foundations,3,normal,common,3,101591,c80fc380-0499-4499-8a60-c43844c02c9b,0.28,false,false,near_mint,en,USD,2024-11-13T02:21:01.626Z
Library,binder,Joust Through,FDN,Foundations,19,normal,uncommon,2,100767,846adb38-f9bb-4fed-b8ed-36ec7885f989,0.4,false,false,near_mint,en,USD,2024-11-13T02:21:01.626Z
Library,binder,Fleeting Flight,FDN,Foundations,13,normal,common,4,101513,55139100-9342-41fd-b10a-8e9932e605d4,0.28,false,false,near_mint,en,USD,2024-11-13T02:21:01.626Z
Library,binder,Cat Collector,FDN,Foundations,4,normal,uncommon,2,100507,526fe356-bff1-4211-9e88-bf913ac76b1d,0.38,false,false,near_mint,en,USD,2024-11-13T02:21:01.626Z
Library,binder,Angel of Finality,FDN,Foundations,136,normal,uncommon,2,101057,baaabd52-3aa9-4e2f-9369-d4db8b405ba8,0.35,false,false,near_mint,en,USD,2024-11-13T02:21:01.626Z
Library,binder,Sun-Blessed Healer,FDN,Foundations,25,normal,uncommon,2,100332,323d029e-9a88-4188-b3a4-38ef32cffc9f,0.4,false,false,near_mint,en,USD,2024-11-13T02:21:01.626Z
Library,binder,Dazzling Angel,FDN,Foundations,9,normal,common,3,101468,027dc444-e544-4693-8653-3dcdda530162,0.28,false,false,near_mint,en,USD,2024-11-13T02:21:01.626Z
Library,binder,Prideful Parent,FDN,Foundations,21,normal,common,3,97188,b742117a-8a72-43b9-b05d-274829d138a2,0.38,false,false,near_mint,en,USD,2024-11-13T02:21:01.626Z
Library,binder,Dauntless Veteran,FDN,Foundations,8,normal,uncommon,2,100704,7a136f26-ac66-407f-b389-357222d2c4a2,0.33,false,false,near_mint,en,USD,2024-11-13T02:21:01.626Z
Library,binder,Midnight Snack,FDN,Foundations,65,normal,uncommon,1,101129,c9b7543f-2a45-4db6-b560-d15507a58c91,0.38,false,false,near_mint,en,USD,2024-11-13T02:29:33.833Z
Library,binder,Phyrexian Arena,FDN,Foundations,180,normal,rare,1,100124,0784b6f0-9ebf-43d2-ba0f-a6bc93ba0c48,1.92,false,false,near_mint,en,USD,2024-11-13T02:29:33.833Z
Library,binder,High-Society Hunter,FDN,Foundations,61,normal,rare,1,100501,51da4a4b-ea12-4169-a7cf-eb4427f13e84,2.14,false,false,near_mint,en,USD,2024-11-13T02:29:33.833Z
Library,binder,Nine-Lives Familiar,FDN,Foundations,66,normal,rare,1,95586,988c23f6-59fe-49f9-a9ce-9881dccb7033,2.9,false,false,near_mint,en,USD,2024-11-13T02:29:33.833Z
Library,binder,Infernal Vessel,FDN,Foundations,63,normal,uncommon,1,101560,877b6330-2d0b-4f2f-a848-f10b06fb4ef5,0.28,false,false,near_mint,en,USD,2024-11-13T02:29:33.833Z
Library,binder,Stromkirk Bloodthief,FDN,Foundations,185,normal,uncommon,1,97176,485d6a5a-2054-47d5-91b8-71ce308ed4dc,0.5,false,false,near_mint,en,USD,2024-11-13T02:29:33.833Z
Library,binder,Bake into a Pie,FDN,Foundations,169,foil,common,1,101494,2ab0e660-86a3-4b92-82fa-77dcb5db947d,0.35,false,false,near_mint,en,USD,2024-11-13T02:29:33.833Z
Library,binder,Arbiter of Woe,FDN,Foundations,55,normal,uncommon,1,101008,b2496c4a-df03-4583-bd76-f98ed5cb61ee,0.38,false,false,near_mint,en,USD,2024-11-13T02:29:33.833Z
Library,binder,Abyssal Harvester,FDN,Foundations,54,normal,rare,3,101342,f2e0f538-5825-47e9-883c-3ec6fd5b25ea,1.05,false,false,near_mint,en,USD,2024-11-13T02:29:33.833Z
Library,binder,Revenge of the Rats,FDN,Foundations,67,normal,uncommon,1,100232,1f463c55-39a0-4f2f-aae3-0c5540bde5b7,0.49,false,false,near_mint,en,USD,2024-11-13T02:29:33.833Z
Library,binder,Zombify,FDN,Foundations,187,normal,uncommon,1,101225,dc798e6f-13c4-457c-b052-b7b65bc83cfe,0.3,false,false,near_mint,en,USD,2024-11-13T02:29:33.833Z
Library,binder,Reassembling Skeleton,FDN,Foundations,182,normal,uncommon,1,100291,28e84b1b-1c05-4e1b-93b8-9cc2ca73509d,0.25,false,false,near_mint,en,USD,2024-11-13T02:29:33.833Z
Library,binder,Diregraf Ghoul,FDN,Foundations,171,normal,uncommon,1,100439,4682012c-d7e0-4257-b538-3de497507464,0.36,false,false,near_mint,en,USD,2024-11-13T02:29:33.833Z
Library,binder,Tragic Banshee,FDN,Foundations,73,normal,uncommon,1,100324,30df3e33-2f17-4067-99f1-5db6b0f41fd4,0.33,false,false,near_mint,en,USD,2024-11-13T02:29:33.833Z
Library,binder,Sanguine Syphoner,FDN,Foundations,68,normal,common,3,101582,b1daf5bb-c8e9-4e79-a532-ca92a9a885cd,0.28,false,false,near_mint,en,USD,2024-11-13T02:29:33.833Z
Library,binder,Eaten Alive,FDN,Foundations,172,normal,common,4,100216,1c4f7b20-b2a8-498c-8c36-dc296863b0b9,0.25,false,false,near_mint,en,USD,2024-11-13T02:29:33.833Z
Library,binder,Hero's Downfall,FDN,Foundations,175,normal,uncommon,2,97185,ad2c01d9-8f54-46c0-9dc9-d4d4764ce1c9,0.49,false,false,near_mint,en,USD,2024-11-13T02:29:33.833Z
Library,binder,Fake Your Own Death,FDN,Foundations,174,normal,common,2,101539,693635a6-df50-44c5-9598-0c79b45d4df4,0.33,false,false,near_mint,en,USD,2024-11-13T02:29:33.833Z
Library,binder,Crypt Feaster,FDN,Foundations,59,normal,common,4,100382,3b072811-998a-4a71-b59c-6afecc0dc4b6,0.25,false,false,near_mint,en,USD,2024-11-13T02:29:33.833Z
Library,binder,Pilfer,FDN,Foundations,181,normal,common,4,101564,8c7c88b5-6d09-453b-b9c1-7dcbba8f1080,0.35,false,false,near_mint,en,USD,2024-11-13T02:29:33.833Z
Library,binder,Soul-Shackled Zombie,FDN,Foundations,70,normal,common,4,101609,deea5690-6eb2-4353-b917-cbbf840e4e71,0.28,false,false,near_mint,en,USD,2024-11-13T02:29:33.833Z
Library,binder,Seeker's Folly,FDN,Foundations,69,normal,uncommon,2,101067,bc359da6-8b7f-45ec-b530-ce159fc35953,0.38,false,false,near_mint,en,USD,2024-11-13T02:29:33.833Z
Library,binder,Painful Quandary,FDN,Foundations,179,normal,rare,2,100112,05757669-e8a6-4a2f-8479-d4e2ade822ca,0.81,false,false,near_mint,en,USD,2024-11-13T02:29:33.833Z
Library,binder,Infestation Sage,FDN,Foundations,64,normal,common,5,101601,d40c73de-7a5f-46f2-a70b-449bc8ecfe24,0.28,false,false,near_mint,en,USD,2024-11-13T02:29:33.833Z
Library,binder,Vampire Nighthawk,FDN,Foundations,186,normal,uncommon,2,101474,0a1934ab-3171-4fc6-8033-ad998899ba73,0.29,false,false,near_mint,en,USD,2024-11-13T02:29:33.833Z
Library,binder,Burglar Rat,FDN,Foundations,170,normal,common,3,101608,de1c8758-ce3d-49cf-8173-c0eb46f5e7bc,0.3,false,false,near_mint,en,USD,2024-11-13T02:29:33.833Z
Library,binder,Vengeful Bloodwitch,FDN,Foundations,76,normal,uncommon,2,97189,bd0c12dd-f138-45c0-9614-d83a1d8e8399,0.8,false,false,near_mint,en,USD,2024-11-13T02:29:33.833Z
Library,binder,Macabre Waltz,FDN,Foundations,177,normal,common,2,101509,4d1f3c84-89ba-4426-a80b-d524f172c912,0.28,false,false,near_mint,en,USD,2024-11-13T02:29:33.833Z
Library,binder,Hungry Ghoul,FDN,Foundations,62,normal,common,3,100701,790f9433-7565-4f7f-88e8-8af762ea0296,0.34,false,false,near_mint,en,USD,2024-11-13T02:29:33.833Z
Library,binder,Exsanguinate,FDN,Foundations,173,normal,uncommon,2,101330,f11d7311-4066-4a5d-ba28-9857fa707a0b,0.49,false,false,near_mint,en,USD,2024-11-13T02:29:33.833Z
Library,binder,Bake into a Pie,FDN,Foundations,169,normal,common,5,101494,2ab0e660-86a3-4b92-82fa-77dcb5db947d,0.25,false,false,near_mint,en,USD,2024-11-13T02:29:33.833Z
Library,binder,Stab,FDN,Foundations,71,normal,common,4,101538,6859a5ba-1c1c-4631-bba8-f9900b827178,0.28,false,false,near_mint,en,USD,2024-11-13T02:29:33.833Z
Library,binder,Marauding Blight-Priest,FDN,Foundations,178,normal,common,4,101528,5f70dafc-c638-4ec0-ab5b-62998f752720,0.23,false,false,near_mint,en,USD,2024-11-13T02:29:33.833Z
Library,binder,Vampire Gourmand,FDN,Foundations,74,normal,uncommon,2,100827,917514c0-9cd5-4b97-85b9-c4f753560ad4,0.36,false,false,near_mint,en,USD,2024-11-13T02:29:33.833Z
Library,binder,Gutless Plunderer,FDN,Foundations,60,normal,common,3,101567,909d7778-c7f8-4fa4-89f2-8b32e86e96e4,0.28,false,false,near_mint,en,USD,2024-11-13T02:29:33.833Z
Library,binder,Vampire Soulcaller,FDN,Foundations,75,normal,common,2,101495,2d076293-3b45-4878-8f67-978927cc1f68,0.28,false,false,near_mint,en,USD,2024-11-13T02:29:33.833Z
Library,binder,Billowing Shriekmass,FDN,Foundations,56,normal,uncommon,2,100711,7b3587a9-0667-4d53-807b-c437bcb1d7b3,0.37,false,false,near_mint,en,USD,2024-11-13T02:29:33.833Z
Library,binder,Sure Strike,FDN,Foundations,209,normal,common,2,101525,5de6a1e4-5c66-43e6-9f2a-2635bdab03f6,0.26,false,false,near_mint,en,USD,2024-11-13T03:59:42.854Z
Library,binder,Courageous Goblin,FDN,Foundations,82,foil,common,1,101566,8db6819c-666a-409d-85a5-b9ac34d8dd2f,0.26,false,false,near_mint,en,USD,2024-11-13T03:59:42.854Z
Library,binder,Burst Lightning,FDN,Foundations,192,normal,common,2,100994,aec5d380-d354-4750-931a-6c91853e2edc,0.33,false,false,near_mint,en,USD,2024-11-13T03:59:42.854Z
Library,binder,Slagstorm,FDN,Foundations,207,foil,rare,1,100896,9db2e3a9-b90d-44cd-a2bd-eeb7dbe255b0,0.6,false,false,near_mint,en,USD,2024-11-13T03:59:42.854Z
Library,binder,Frenzied Goblin,FDN,Foundations,199,foil,uncommon,1,101602,d5592573-2889-40b1-b1d5-c2802482549a,0.38,false,false,near_mint,en,USD,2024-11-13T03:59:42.854Z
Library,binder,Boltwave,FDN,Foundations,79,normal,uncommon,2,100810,8d1ec351-5e70-4eb2-b590-6bff94ef8178,3.24,false,false,near_mint,en,USD,2024-11-13T03:59:42.854Z
Library,binder,Incinerating Blast,FDN,Foundations,90,normal,common,5,101603,d58e20ab-c5ca-4295-884d-78efdaa83243,0.28,false,false,near_mint,en,USD,2024-11-13T03:59:42.854Z
Library,binder,Embercleave,SPG,Special Guests,77,normal,mythic,1,100335,32bee083-859e-407c-99ad-3fb74b1d4233,12.94,false,false,near_mint,en,USD,2024-11-14T02:07:20.632Z
Library,binder,Seismic Rupture,FDN,Foundations,205,foil,uncommon,1,100268,2519a51a-26a0-4884-9ba8-9db135c9ee49,0.35,false,false,near_mint,en,USD,2024-11-14T02:17:04.657Z
Library,binder,Strongbox Raider,FDN,Foundations,96,normal,uncommon,1,101006,b2223eb8-59f9-489b-a3f3-b6496218cb79,0.35,false,false,near_mint,en,USD,2024-11-14T02:17:04.657Z
Library,binder,Heartfire Immolator,FDN,Foundations,201,normal,uncommon,1,100390,3ca38f4d-01f5-4a02-9000-01261a440dbf,0.3,false,false,near_mint,en,USD,2024-11-14T02:17:04.657Z
Library,binder,Brazen Scourge,FDN,Foundations,191,foil,uncommon,1,101616,eb84b86c-3276-4fc1-a09d-47de388cb729,0.39,false,false,near_mint,en,USD,2024-11-14T02:17:04.657Z
Library,binder,"Drakuseth, Maw of Flames",FDN,Foundations,193,normal,rare,1,100092,029b1edb-e1de-4f1c-81df-8d17f4920318,0.5,false,false,near_mint,en,USD,2024-11-14T02:17:04.657Z
Library,binder,Slagstorm,FDN,Foundations,207,normal,rare,1,100896,9db2e3a9-b90d-44cd-a2bd-eeb7dbe255b0,0.5,false,false,near_mint,en,USD,2024-11-14T02:17:04.657Z
Library,binder,Brass's Bounty,FDN,Foundations,190,normal,rare,1,100610,65fe7127-b0ec-400f-97f1-6e17ab8e319d,0.52,false,false,near_mint,en,USD,2024-11-14T02:17:04.657Z
Library,binder,Sure Strike,FDN,Foundations,209,foil,common,1,101525,5de6a1e4-5c66-43e6-9f2a-2635bdab03f6,0.25,false,false,near_mint,en,USD,2024-11-14T02:17:04.657Z
Library,binder,"Kellan, Planar Trailblazer",FDN,Foundations,330,normal,rare,1,100159,0e413f37-b59a-4302-86d3-2abce81edc78,1.78,false,false,near_mint,en,USD,2024-11-14T02:17:04.657Z
Library,binder,Abrade,FDN,Foundations,188,normal,uncommon,1,100522,548947dc-a5ca-43b5-9531-bcef20fa4ae5,0.4,false,false,near_mint,en,USD,2024-11-14T02:17:04.657Z
Library,binder,Seismic Rupture,FDN,Foundations,205,normal,uncommon,1,100268,2519a51a-26a0-4884-9ba8-9db135c9ee49,0.32,false,false,near_mint,en,USD,2024-11-14T02:17:04.657Z
Library,binder,Fanatical Firebrand,FDN,Foundations,195,foil,common,1,101598,d1296316-7781-4e98-95e6-7020648be6a5,0.25,false,false,near_mint,en,USD,2024-11-14T02:17:04.657Z
Library,binder,Rite of the Dragoncaller,FDN,Foundations,92,normal,mythic,1,101536,673e4561-8dfd-46db-b492-878009666ac7,7.99,false,false,near_mint,en,USD,2024-11-14T02:17:04.657Z
Library,binder,Shivan Dragon,FDN,Foundations,206,normal,uncommon,1,100236,1fcff1e0-2745-448d-a27b-e31719e222e9,0.32,false,false,near_mint,en,USD,2024-11-14T02:17:04.657Z
Library,binder,Searslicer Goblin,FDN,Foundations,332,normal,rare,1,100540,58deba9d-5c95-4633-a86c-2637a8bb7ce2,2.39,false,false,near_mint,en,USD,2024-11-14T02:17:04.657Z
Library,binder,Slumbering Cerberus,FDN,Foundations,94,normal,uncommon,1,100892,9d06faa8-201d-45db-b398-ad56f7b01848,0.38,false,false,near_mint,en,USD,2024-11-14T02:17:04.657Z
Library,binder,Battlesong Berserker,FDN,Foundations,78,normal,uncommon,1,100917,a1f8b199-5d62-485f-b1c3-b30aa550595b,0.34,false,false,near_mint,en,USD,2024-11-14T02:17:04.657Z
Library,binder,Sower of Chaos,FDN,Foundations,95,normal,common,3,101556,7ff50606-491c-4946-8d03-719b01cfad77,0.26,false,false,near_mint,en,USD,2024-11-14T02:17:04.657Z
Library,binder,Frenzied Goblin,FDN,Foundations,199,normal,uncommon,2,101602,d5592573-2889-40b1-b1d5-c2802482549a,0.28,false,false,near_mint,en,USD,2024-11-14T02:17:04.657Z
Library,binder,Goblin Surprise,FDN,Foundations,200,normal,common,3,101512,527dd5d4-5f72-40bb-8a9d-1f5ac3f81e2e,0.33,false,false,near_mint,en,USD,2024-11-14T02:17:04.657Z
Library,binder,Thrill of Possibility,FDN,Foundations,210,normal,common,3,101561,882b348c-076b-41d8-b505-063480636669,0.26,false,false,near_mint,en,USD,2024-11-14T02:17:04.657Z
Library,binder,Crackling Cyclops,FDN,Foundations,83,normal,common,4,101541,6e5b899a-52f7-471b-ad50-4fa6566758fd,0.23,false,false,near_mint,en,USD,2024-11-14T02:17:04.657Z
Library,binder,Goblin Negotiation,FDN,Foundations,88,normal,uncommon,2,101335,f2016585-e26c-4d13-b09f-af6383c192f7,0.38,false,false,near_mint,en,USD,2024-11-14T02:17:04.657Z
Library,binder,Firebrand Archer,FDN,Foundations,196,normal,common,4,101630,fe0312f1-4c98-4b7f-8a34-0059ea80edef,0.39,false,false,near_mint,en,USD,2024-11-14T02:17:04.657Z
Library,binder,Axgard Cavalry,FDN,Foundations,189,normal,common,5,101631,fe3cc41a-adae-4c9b-b4d3-03f3ca862fed,0.28,false,false,near_mint,en,USD,2024-11-14T02:17:04.657Z
Library,binder,Dragon Trainer,FDN,Foundations,84,normal,uncommon,2,100830,91bd75a1-cb54-4e38-9ce1-e8f32a73c6eb,0.33,false,false,near_mint,en,USD,2024-11-14T02:17:04.657Z
Library,binder,Fanatical Firebrand,FDN,Foundations,195,normal,common,3,101598,d1296316-7781-4e98-95e6-7020648be6a5,0.28,false,false,near_mint,en,USD,2024-11-14T02:17:04.657Z
Library,binder,Gorehorn Raider,FDN,Foundations,89,normal,common,4,101551,78ce6c40-3452-4aa0-a45b-dbfd70f8d220,0.28,false,false,near_mint,en,USD,2024-11-14T02:17:04.657Z
Library,binder,Goblin Boarders,FDN,Foundations,87,normal,common,5,101506,4409a063-bf2a-4a49-803e-3ce6bd474353,0.28,false,false,near_mint,en,USD,2024-11-14T02:17:04.657Z
Library,binder,Hidetsugu's Second Rite,FDN,Foundations,202,normal,uncommon,2,100577,609421da-8d89-4365-b18b-778832d91482,0.35,false,false,near_mint,en,USD,2024-11-14T02:17:04.657Z
Library,binder,Spitfire Lagac,FDN,Foundations,208,normal,common,3,101496,30f600cd-b696-4f49-9cbc-5a33aa43d04c,0.28,false,false,near_mint,en,USD,2024-11-14T02:17:04.657Z
Library,binder,Involuntary Employment,FDN,Foundations,203,normal,common,3,101622,f3ad3d62-2f24-4562-b3fa-809213dbc4a4,0.28,false,false,near_mint,en,USD,2024-11-14T02:17:04.657Z
Library,binder,Brazen Scourge,FDN,Foundations,191,normal,uncommon,2,101616,eb84b86c-3276-4fc1-a09d-47de388cb729,0.44,false,false,near_mint,en,USD,2024-11-14T02:17:04.657Z
Library,binder,Courageous Goblin,FDN,Foundations,82,normal,common,2,101566,8db6819c-666a-409d-85a5-b9ac34d8dd2f,0.28,false,false,near_mint,en,USD,2024-11-14T02:17:04.657Z
Library,binder,Needletooth Pack,FDN,Foundations,108,foil,uncommon,1,100868,993c1679-e02b-44f2-b34e-12fd6b5142e9,0.42,false,false,near_mint,en,USD,2024-11-14T02:19:11.357Z
Library,binder,Bite Down,FDN,Foundations,212,normal,common,2,101625,f8d70b3b-f6f9-4b3c-ad70-0ce369e812b5,0.25,false,false,near_mint,en,USD,2024-11-14T02:19:11.357Z
Library,binder,Elfsworn Giant,FDN,Foundations,103,normal,common,4,100497,5128a5be-ffa6-4998-8488-872d80b24cb2,0.28,false,false,near_mint,en,USD,2024-11-14T02:19:11.357Z
Library,binder,Cackling Prowler,FDN,Foundations,101,normal,common,2,101481,1bd8e971-c075-4203-8d83-c28f22d4f9b9,0.28,false,false,near_mint,en,USD,2024-11-14T02:19:11.357Z
Library,binder,Elvish Regrower,FDN,Foundations,104,normal,uncommon,2,100278,2694e3cd-26ed-4a10-ae55-fb84d7800253,0.39,false,false,near_mint,en,USD,2024-11-14T02:19:11.357Z
Library,binder,Beast-Kin Ranger,FDN,Foundations,100,normal,common,6,100082,0102e0be-5783-4825-9489-713b1b1df0b2,0.25,false,false,near_mint,en,USD,2024-11-14T02:19:11.357Z
Library,binder,Needletooth Pack,FDN,Foundations,108,normal,uncommon,1,100868,993c1679-e02b-44f2-b34e-12fd6b5142e9,0.35,false,false,near_mint,en,USD,2024-11-14T02:24:04.247Z
Library,binder,Elvish Archdruid,FDN,Foundations,219,foil,rare,1,100341,341da856-7414-403b-b2e3-4bebd58a5aa4,1.05,false,false,near_mint,en,USD,2024-11-14T02:24:04.247Z
Library,binder,Garruk's Uprising,FDN,Foundations,220,normal,uncommon,2,100447,4805c303-e73b-443b-a09f-49d2c2c88bb5,0.45,false,false,near_mint,en,USD,2024-11-14T02:24:04.247Z
Library,binder,Quakestrider Ceratops,FDN,Foundations,110,normal,uncommon,3,100120,067f72c2-ead6-4879-bc9d-696c9f87c0b2,0.25,false,false,near_mint,en,USD,2024-11-14T02:24:04.247Z
Library,binder,Wildwood Scourge,FDN,Foundations,236,foil,uncommon,1,100359,36359fb6-fb8c-4382-8555-e348422f116c,0.92,false,false,near_mint,en,USD,2024-11-14T02:24:04.247Z
Library,binder,"Ghalta, Primal Hunger",FDN,Foundations,222,normal,rare,1,100635,6a9c39e4-a8cf-42dd-8d0e-45634b335546,0.69,false,false,near_mint,en,USD,2024-11-14T02:24:04.247Z
Library,binder,Reclamation Sage,FDN,Foundations,231,normal,uncommon,3,100197,1918ea65-ab7f-4d40-97fd-a656c892a2a1,0.27,false,false,near_mint,en,USD,2024-11-14T02:24:04.247Z
Library,binder,Mild-Mannered Librarian,FDN,Foundations,228,normal,uncommon,1,100515,5389663a-fe25-41b9-8c92-1f4d7721ffc2,0.33,false,false,near_mint,en,USD,2024-11-14T02:24:04.247Z
Library,binder,Mossborn Hydra,FDN,Foundations,107,normal,rare,1,100661,7054a0d7-396f-40b4-ab24-db591c3b08f0,3.28,false,false,near_mint,en,USD,2024-11-14T02:24:04.247Z
Library,binder,Nessian Hornbeetle,FDN,Foundations,229,normal,uncommon,1,100395,3d4d93de-85c6-4653-8ddd-d8bf21516d44,0.33,false,false,near_mint,en,USD,2024-11-14T02:24:04.247Z
Library,binder,Wildwood Scourge,FDN,Foundations,236,normal,uncommon,1,100359,36359fb6-fb8c-4382-8555-e348422f116c,0.35,false,false,near_mint,en,USD,2024-11-14T02:24:04.247Z
Library,binder,"Dwynen, Gilt-Leaf Daen",FDN,Foundations,217,normal,uncommon,1,100086,01c00d7b-7fac-4f8c-a1ea-de2cf4d06627,0.6,false,false,near_mint,en,USD,2024-11-14T02:24:04.247Z
Library,binder,Eager Trufflesnout,FDN,Foundations,102,normal,uncommon,3,100940,a6e8433d-eb2a-43d1-b59b-7d70ff97c8e7,0.17,false,false,near_mint,en,USD,2024-11-14T02:24:04.247Z
Library,binder,Felling Blow,FDN,Foundations,105,normal,uncommon,1,100854,96948ae3-b15d-4d6d-aa73-9f52084cd903,0.38,false,false,near_mint,en,USD,2024-11-14T02:24:04.247Z
Library,binder,Overrun,FDN,Foundations,230,normal,uncommon,2,100220,1d8e9cbb-8bf4-4a48-a58e-79deb3abdf7f,0.35,false,false,near_mint,en,USD,2024-11-14T02:24:04.247Z
Library,binder,Blanchwood Armor,FDN,Foundations,213,normal,uncommon,2,100237,1fd7ec1a-dafa-42ca-bc25-f6848fb03f60,0.31,false,false,near_mint,en,USD,2024-11-14T02:24:04.247Z
Library,binder,Snakeskin Veil,FDN,Foundations,233,normal,uncommon,2,100645,6cc4c21d-9bdc-4490-9203-17f51db0ddd1,0.35,false,false,near_mint,en,USD,2024-11-14T02:24:04.247Z
Library,binder,Scavenging Ooze,FDN,Foundations,232,normal,rare,2,100808,8c504c23-1e9a-411b-9cfe-4180d0c744f6,0.5,false,false,near_mint,en,USD,2024-11-14T02:24:04.247Z
Library,binder,Grow from the Ashes,FDN,Foundations,225,foil,common,1,101502,42525f8a-aee7-4811-8f05-471b559c2c4a,0.25,false,false,near_mint,en,USD,2024-11-14T02:31:50.055Z
Library,binder,Beast-Kin Ranger,FDN,Foundations,100,foil,common,1,100082,0102e0be-5783-4825-9489-713b1b1df0b2,0.33,false,false,near_mint,en,USD,2024-11-14T02:31:50.055Z
Library,binder,Apothecary Stomper,FDN,Foundations,99,normal,common,3,101537,680b7b0c-0e1b-46ce-9917-9fc6e05aa148,0.25,false,false,near_mint,en,USD,2024-11-14T02:31:50.055Z
Library,binder,Gnarlid Colony,FDN,Foundations,224,normal,common,2,101508,47565d10-96bf-4fb0-820f-f20a44a76b6f,0.28,false,false,near_mint,en,USD,2024-11-14T02:31:50.055Z
Library,binder,Llanowar Elves,FDN,Foundations,227,normal,common,6,95583,6a0b230b-d391-4998-a3f7-7b158a0ec2cd,0.4,false,false,near_mint,en,USD,2024-11-14T02:31:50.055Z
Library,binder,Bushwhack,FDN,Foundations,215,normal,common,2,101469,03ebdb36-55e0-49dd-a514-785fbeb4ae19,0.29,false,false,near_mint,en,USD,2024-11-14T02:31:50.055Z
Library,binder,Dwynen's Elite,FDN,Foundations,218,normal,common,3,100800,89d94c28-ea2e-4a3d-935f-6b2d9f2efc7a,0.28,false,false,near_mint,en,USD,2024-11-14T02:31:50.055Z
Library,binder,Giant Growth,FDN,Foundations,223,normal,common,4,101073,bd0bf74e-14c1-4428-88d8-2181a080b5d0,0.28,false,false,near_mint,en,USD,2024-11-14T02:31:50.055Z
Library,binder,Treetop Snarespinner,FDN,Foundations,114,normal,common,3,101562,88e68fa3-159d-49a6-8ac6-afc9bd6f1718,0.43,false,false,near_mint,en,USD,2024-11-14T02:31:50.055Z
Library,binder,Wary Thespian,FDN,Foundations,235,normal,common,5,101574,a3d62d04-0974-4cb5-9a35-5e996c6456e2,0.28,false,false,near_mint,en,USD,2024-11-14T02:31:50.055Z
Library,binder,Broken Wings,FDN,Foundations,214,normal,common,5,100584,61f9cbeb-cc9c-4562-be65-8a77053faefe,0.28,false,false,near_mint,en,USD,2024-11-14T02:31:50.055Z
Library,binder,Ambush Wolf,FDN,Foundations,98,normal,common,2,101492,2903832c-318e-42ab-bf58-c682ec2f7afd,0.28,false,false,near_mint,en,USD,2024-11-14T02:31:50.055Z
Library,binder,Grow from the Ashes,FDN,Foundations,225,normal,common,3,101502,42525f8a-aee7-4811-8f05-471b559c2c4a,0.26,false,false,near_mint,en,USD,2024-11-14T02:31:50.055Z
Library,binder,Cruelclaw's Heist,BLB,Bloomburrow,88,normal,rare,1,96121,cab4539a-0157-4cbe-b50f-6e2575df74e9,1.0,false,false,near_mint,en,USD,2024-11-14T02:41:54.650Z
Library,binder,Jungle Hollow,FDN,Foundations,263,normal,common,1,101224,dc758e14-d370-45e4-bbc5-938fb4d21127,0.27,false,false,near_mint,en,USD,2024-11-14T02:41:54.650Z
Library,binder,Dismal Backwater,FDN,Foundations,261,foil,common,1,101220,dbb0df36-8467-4a41-8e1c-6c3584d4fd10,0.46,false,false,near_mint,en,USD,2024-11-14T02:41:54.650Z
Library,binder,Soulstone Sanctuary,FDN,Foundations,133,normal,rare,1,100596,642553a7-6d0f-483d-a873-3a703786db42,1.69,false,false,near_mint,en,USD,2024-11-14T02:41:54.650Z
Library,binder,Tranquil Cove,FDN,Foundations,270,normal,common,1,100719,7c9cabca-5bcc-4b97-b2ac-a345ad3ee43c,0.29,false,false,near_mint,en,USD,2024-11-14T02:41:54.650Z
Library,binder,Dismal Backwater,FDN,Foundations,261,normal,common,1,101220,dbb0df36-8467-4a41-8e1c-6c3584d4fd10,0.28,false,false,near_mint,en,USD,2024-11-14T02:41:54.650Z
Library,binder,Swiftwater Cliffs,FDN,Foundations,268,normal,common,2,101389,fb88667d-7088-4889-960f-317486ebe856,0.3,false,false,near_mint,en,USD,2024-11-14T02:41:54.650Z
Library,binder,Bloodfell Caves,FDN,Foundations,259,normal,common,1,100806,8b90dc92-cb66-41d9-89f9-2b6e3cfc8082,0.28,false,false,near_mint,en,USD,2024-11-14T02:41:54.650Z
Library,binder,Rugged Highlands,FDN,Foundations,265,foil,common,1,101400,fd6eaf8e-8881-4d7b-bafc-75e4ca5cbef6,0.39,false,false,near_mint,en,USD,2024-11-14T02:41:54.650Z
Library,binder,Thornwood Falls,FDN,Foundations,269,foil,common,1,100424,42799f51-0f8c-444b-974e-dae281a5c697,0.5,false,false,near_mint,en,USD,2024-11-14T02:41:54.650Z
Library,binder,Jungle Hollow,FDN,Foundations,263,foil,common,1,101224,dc758e14-d370-45e4-bbc5-938fb4d21127,0.47,false,false,near_mint,en,USD,2024-11-14T02:41:54.650Z
Library,binder,Blossoming Sands,FDN,Foundations,260,normal,common,1,100364,37676ed8-588c-4bca-8065-874b74d84807,0.28,false,false,near_mint,en,USD,2024-11-14T02:41:54.650Z
Library,binder,Thornwood Falls,FDN,Foundations,269,normal,common,1,100424,42799f51-0f8c-444b-974e-dae281a5c697,0.28,false,false,near_mint,en,USD,2024-11-14T02:41:54.650Z
Library,binder,Scoured Barrens,FDN,Foundations,266,normal,common,2,100277,2632a4b2-9ca6-4b67-9a99-14f52ad3dc41,0.28,false,false,near_mint,en,USD,2024-11-14T02:41:54.650Z
Library,binder,Rugged Highlands,FDN,Foundations,265,normal,common,2,101400,fd6eaf8e-8881-4d7b-bafc-75e4ca5cbef6,0.32,false,false,near_mint,en,USD,2024-11-14T02:41:54.650Z
Library,binder,Wind-Scarred Crag,FDN,Foundations,271,normal,common,2,100684,759e99df-11a8-4aee-b6bc-344e84e10d94,0.25,false,false,near_mint,en,USD,2024-11-14T02:41:54.650Z
Library,binder,Fountainport,PBLB,Bloomburrow Promos,253s,foil,rare,1,96947,9f46fbc3-ce49-463e-bac5-61ddd0962e97,15.12,false,false,near_mint,en,USD,2024-12-18T02:20:19.459Z
Library,binder,Anger,LTC,Tales of Middle-earth Commander,210,normal,uncommon,1,83099,59773a37-371f-44b8-9418-9d9a875b992c,2.18,false,false,near_mint,en,USD,2024-12-22T23:33:30.486Z
Library,binder,Arcane Denial,LTC,Tales of Middle-earth Commander,184,normal,common,1,83220,7e0cc18d-c6b8-4db1-ac07-0f17ae6d6c95,2.4,false,false,near_mint,en,USD,2024-12-22T23:33:30.486Z
Library,binder,Basalt Monolith,LTC,Tales of Middle-earth Commander,274,normal,uncommon,1,83321,97d8dbc9-d9f3-4e8e-95d2-27917c152a29,3.78,false,false,near_mint,en,USD,2024-12-22T23:33:30.486Z
Library,binder,Blasphemous Act,LTC,Tales of Middle-earth Commander,211,normal,rare,1,83523,cf9e842f-4840-49e3-b4f3-c2fad395d41a,3.14,false,false,near_mint,en,USD,2024-12-22T23:33:30.486Z
Library,binder,Boon of the Wish-Giver,LTC,Tales of Middle-earth Commander,185,normal,uncommon,1,83461,bf2fa3fd-f6d9-4c23-9025-9b8b72da32dc,0.2,false,false,near_mint,en,USD,2024-12-22T23:33:30.486Z
Library,binder,Cavern-Hoard Dragon,LTC,Tales of Middle-earth Commander,31,normal,rare,1,83490,c67e509e-a219-4f7f-b7eb-8c446cc0620a,11.55,false,false,near_mint,en,USD,2024-12-22T23:33:30.486Z
Library,binder,Choked Estuary,LTC,Tales of Middle-earth Commander,299,normal,rare,1,82971,3128d8c7-2486-4b66-9c30-7a3c5e7d7fe5,0.39,false,false,near_mint,en,USD,2024-12-22T23:33:30.486Z
Library,binder,Commander's Sphere,LTC,Tales of Middle-earth Commander,276,normal,common,1,83147,6620b4a3-fa33-4bd7-9180-314919d8ea2a,0.25,false,false,near_mint,en,USD,2024-12-22T23:33:30.486Z
Library,binder,Consider,LTC,Tales of Middle-earth Commander,187,normal,common,1,82882,1668af50-abd3-4b12-974a-b19fd010dc3e,1.25,false,false,near_mint,en,USD,2024-12-22T23:33:30.486Z
Library,binder,Corsairs of Umbar,LTC,Tales of Middle-earth Commander,19,normal,rare,1,82878,159727a9-0bc4-497d-8fb2-4a66923726d8,0.4,false,false,near_mint,en,USD,2024-12-22T23:33:30.486Z
Library,binder,Decree of Pain,LTC,Tales of Middle-earth Commander,199,normal,rare,1,83067,4dd53069-bf38-4358-95b7-6fd738aaeeab,0.4,false,false,near_mint,en,USD,2024-12-22T23:33:30.486Z
Library,binder,Deep Analysis,LTC,Tales of Middle-earth Commander,188,normal,common,1,83232,801d2482-f35a-4155-9925-335d5f4adfd9,0.24,false,false,near_mint,en,USD,2024-12-22T23:33:30.486Z
Library,binder,Desolate Lighthouse,LTC,Tales of Middle-earth Commander,303,normal,rare,1,83633,f18bfb4f-6af7-48f0-98c1-c69008039773,0.25,false,false,near_mint,en,USD,2024-12-22T23:33:30.486Z
Library,binder,Drowned Catacomb,LTC,Tales of Middle-earth Commander,305,normal,rare,1,82909,1ce5d548-379d-442d-a68d-efbd6525fb86,2.49,false,false,near_mint,en,USD,2024-12-22T23:33:30.486Z
Library,binder,Everflowing Chalice,LTC,Tales of Middle-earth Commander,278,normal,uncommon,1,82876,156464e7-3bb1-465f-939c-a9d290dc3ebc,0.38,false,false,near_mint,en,USD,2024-12-22T23:33:30.486Z
Library,binder,Evolving Wilds,LTC,Tales of Middle-earth Commander,306,normal,common,1,83586,e24ec4c1-5a28-450d-8e37-62a154749ee6,0.2,false,false,near_mint,en,USD,2024-12-22T23:33:30.486Z
Library,binder,Extract from Darkness,LTC,Tales of Middle-earth Commander,266,normal,uncommon,1,83104,5b2db271-6109-407b-9ffd-91e3b858c426,0.25,false,false,near_mint,en,USD,2024-12-22T23:33:30.486Z
Library,binder,Fact or Fiction,LTC,Tales of Middle-earth Commander,190,normal,uncommon,1,83197,74d189fc-48fe-40f5-ae56-34b4dfc068d0,0.24,false,false,near_mint,en,USD,2024-12-22T23:33:30.486Z
Library,binder,Faithless Looting,LTC,Tales of Middle-earth Commander,215,normal,common,1,83092,57102ba6-79ab-4487-a62a-926b30682421,0.5,false,false,near_mint,en,USD,2024-12-22T23:33:30.486Z
Library,binder,Feed the Swarm,LTC,Tales of Middle-earth Commander,200,normal,common,1,82823,029e2a27-46f2-44fa-ac7c-462c69feab95,0.3,false,false,near_mint,en,USD,2024-12-22T23:33:30.486Z
Library,binder,Field of Ruin,LTC,Tales of Middle-earth Commander,308,normal,uncommon,1,83281,8d9d6a9d-18a3-4cc8-8276-29fb826ed1fa,0.25,false,false,near_mint,en,USD,2024-12-22T23:33:30.486Z
Library,binder,Forbidden Alchemy,LTC,Tales of Middle-earth Commander,191,normal,common,1,83051,486e5526-a24e-434e-a816-513dfd83580b,0.15,false,false,near_mint,en,USD,2024-12-22T23:33:30.486Z
Library,binder,Foreboding Ruins,LTC,Tales of Middle-earth Commander,310,normal,rare,1,82886,172a7547-eee6-4279-8438-afdd2f9e72f4,0.38,false,false,near_mint,en,USD,2024-12-22T23:33:30.486Z
Library,binder,Frostboil Snarl,LTC,Tales of Middle-earth Commander,312,normal,rare,1,83457,bddcc7a7-bebf-4b57-9e6c-4637bca88bd6,0.32,false,false,near_mint,en,USD,2024-12-22T23:33:30.486Z
Library,binder,Goblin Cratermaker,LTC,Tales of Middle-earth Commander,218,normal,uncommon,1,83267,88670dcc-715e-4570-8b0c-f4772a2c99e2,0.25,false,false,near_mint,en,USD,2024-12-22T23:33:30.486Z
Library,binder,Goblin Dark-Dwellers,LTC,Tales of Middle-earth Commander,219,normal,rare,1,83504,cb2091cb-4c20-4210-9917-6632c1d39dc1,0.25,false,false,near_mint,en,USD,2024-12-22T23:33:30.486Z
Library,binder,"Gríma, Saruman's Footman",LTC,Tales of Middle-earth Commander,57,normal,rare,1,82816,00f40514-d37d-423f-aa0c-1875300f43a8,2.46,false,false,near_mint,en,USD,2024-12-22T23:33:30.486Z
Library,binder,Guttersnipe,LTC,Tales of Middle-earth Commander,220,normal,uncommon,1,83529,d1ade999-a59c-4594-a787-b68fbf90bbb2,0.25,false,false,near_mint,en,USD,2024-12-22T23:33:30.486Z
Library,binder,Hostage Taker,LTC,Tales of Middle-earth Commander,268,normal,rare,1,82890,183ae03f-ee62-4b5c-9f8f-16b21af8eaa0,0.26,false,false,near_mint,en,USD,2024-12-22T23:33:30.486Z
Library,binder,Inferno Titan,LTC,Tales of Middle-earth Commander,223,normal,mythic,1,83559,db61b57c-b870-41af-87b7-037ec52fe063,0.36,false,false,near_mint,en,USD,2024-12-22T23:33:30.486Z
Library,binder,Knollspine Dragon,LTC,Tales of Middle-earth Commander,224,normal,rare,1,82920,20dcd98d-01c8-45be-97ed-993a73b01b9c,0.39,false,false,near_mint,en,USD,2024-12-22T23:33:30.486Z
Library,binder,Languish,LTC,Tales of Middle-earth Commander,202,normal,rare,1,83415,b4f5fc18-a62c-4771-9062-e7bb42bae7ff,0.29,false,false,near_mint,en,USD,2024-12-22T23:33:30.486Z
Library,binder,Lidless Gaze,LTC,Tales of Middle-earth Commander,59,normal,rare,1,83159,6937954b-353a-47ac-a0c0-f731fe3881a6,0.28,false,false,near_mint,en,USD,2024-12-22T23:33:30.486Z
Library,binder,Living Death,LTC,Tales of Middle-earth Commander,203,normal,rare,1,83402,b22235ac-5028-4b84-8ec2-0ab46768dee2,3.0,false,false,near_mint,en,USD,2024-12-22T23:33:30.486Z
Library,binder,Merciless Executioner,LTC,Tales of Middle-earth Commander,204,normal,uncommon,1,83345,a034d73b-a511-4c02-946f-ea520f93a2a4,0.25,false,false,near_mint,en,USD,2024-12-22T23:33:30.486Z
Library,binder,Mind Stone,LTC,Tales of Middle-earth Commander,282,normal,uncommon,1,82929,23dd6cb6-31ee-467e-9f67-39046197bcb6,0.25,false,false,near_mint,en,USD,2024-12-22T23:33:30.486Z
Library,binder,Monstrosity of the Lake,LTC,Tales of Middle-earth Commander,22,normal,rare,1,83544,d72aa8fc-6808-4865-879e-417a300c40de,0.5,false,false,near_mint,en,USD,2024-12-22T23:33:30.486Z
Library,binder,Moria Scavenger,LTC,Tales of Middle-earth Commander,63,normal,rare,1,83614,ea926187-ac8e-4197-8fd4-ac6b8d818d83,0.28,false,false,near_mint,en,USD,2024-12-22T23:33:30.486Z
Library,binder,Notion Thief,LTC,Tales of Middle-earth Commander,270,normal,rare,1,83493,c7654035-7d5a-4897-af0e-429edebbb55b,0.75,false,false,near_mint,en,USD,2024-12-22T23:33:30.486Z
Library,binder,Orcish Siegemaster,LTC,Tales of Middle-earth Commander,33,normal,rare,1,82917,1e9f9869-0f43-4eac-892f-26cd8a614330,0.5,false,false,near_mint,en,USD,2024-12-22T23:33:30.486Z
Library,binder,Rampaging War Mammoth,LTC,Tales of Middle-earth Commander,34,normal,rare,1,83563,dc13dbf0-c0ff-4c76-96c6-d3ee88ab2fce,0.33,false,false,near_mint,en,USD,2024-12-22T23:33:30.486Z
Library,binder,Reanimate,LTC,Tales of Middle-earth Commander,206,normal,rare,1,83624,eee48ed0-3965-4bcc-8eee-bcd8f1607808,6.02,false,false,near_mint,en,USD,2024-12-22T23:33:30.486Z
Library,binder,Revenge of Ravens,LTC,Tales of Middle-earth Commander,207,normal,uncommon,1,83250,8418f1ed-e4b8-436b-8859-c4df51c29f60,0.41,false,false,near_mint,en,USD,2024-12-22T23:33:30.486Z
Library,binder,Rogue's Passage,LTC,Tales of Middle-earth Commander,326,normal,uncommon,1,83260,86438671-fdb8-4a82-b1e8-ef51fa4078df,0.43,false,false,near_mint,en,USD,2024-12-22T23:33:30.486Z
Library,binder,"Saruman, the White Hand",LTC,Tales of Middle-earth Commander,8,foil,mythic,1,83139,6487ccbf-f6cd-45a6-8514-2c458b655ef2,0.65,false,false,near_mint,en,USD,2024-12-22T23:33:30.486Z
Library,binder,"Sauron, Lord of the Rings",LTC,Tales of Middle-earth Commander,4,foil,mythic,1,83674,fc53dec0-79fe-4f6f-9d5b-cf298588e808,0.55,false,false,near_mint,en,USD,2024-12-22T23:33:30.486Z
Library,binder,Scourge of the Throne,LTC,Tales of Middle-earth Commander,225,normal,mythic,1,83269,89b46f36-6115-4d86-82a3-9397a123091c,0.61,false,false,near_mint,en,USD,2024-12-22T23:33:30.486Z
Library,binder,"Shelob, Dread Weaver",LTC,Tales of Middle-earth Commander,29,normal,rare,1,83246,83944c19-6f9b-4043-9eeb-1a4ca452f698,1.0,false,false,near_mint,en,USD,2024-12-22T23:33:30.486Z
Library,binder,Shiny Impetus,LTC,Tales of Middle-earth Commander,227,normal,uncommon,1,83344,a02cac8f-6d0f-439d-bd0e-e76514c1a685,0.24,false,false,near_mint,en,USD,2024-12-22T23:33:30.486Z
Library,binder,Siege-Gang Commander,LTC,Tales of Middle-earth Commander,228,normal,rare,1,83324,98b913e1-c26d-4a7d-9671-50d483304ba3,0.25,false,false,near_mint,en,USD,2024-12-22T23:33:30.486Z
Library,binder,Smoldering Marsh,LTC,Tales of Middle-earth Commander,332,normal,rare,1,83435,b8de7fc8-3a90-4693-9d4d-cdca5c5aa206,0.4,false,false,near_mint,en,USD,2024-12-22T23:33:30.486Z
Library,binder,Subjugate the Hobbits,LTC,Tales of Middle-earth Commander,24,normal,rare,1,83128,6206d9f1-6a57-46a2-942f-6f20e33e5d6a,0.28,false,false,near_mint,en,USD,2024-12-22T23:33:30.486Z
Library,binder,Sulfur Falls,LTC,Tales of Middle-earth Commander,333,normal,rare,1,83329,9ac747b1-db9a-463f-b222-cb46bb0a43f8,0.92,false,false,near_mint,en,USD,2024-12-22T23:33:30.486Z
Library,binder,Summons of Saruman,LTC,Tales of Middle-earth Commander,70,normal,rare,1,83506,cbb1bc1f-b1d6-4639-b892-9b1ff6ed65fb,0.36,false,false,near_mint,en,USD,2024-12-22T23:33:30.486Z
Library,binder,Terramorphic Expanse,LTC,Tales of Middle-earth Commander,337,normal,common,1,83251,84a12498-9c44-4178-a8fc-54d20014ba7a,0.25,false,false,near_mint,en,USD,2024-12-22T23:33:30.486Z
Library,binder,The Balrog of Moria,LTC,Tales of Middle-earth Commander,46,normal,rare,1,82952,2a3fcfdc-f2cf-42d8-8bb4-7308bc12746e,0.8,false,false,near_mint,en,USD,2024-12-22T23:33:30.486Z
Library,binder,The Black Gate,LTC,Tales of Middle-earth Commander,80,normal,rare,1,83043,46418186-c215-47c4-9d0a-d15a1d8ca613,9.33,false,false,near_mint,en,USD,2024-12-22T23:33:30.486Z
Library,binder,Thrill of Possibility,LTC,Tales of Middle-earth Commander,229,normal,common,1,83229,7f81cdab-2a4e-4518-bfc3-7ccda8f2e806,0.2,false,false,near_mint,en,USD,2024-12-22T23:33:30.486Z
Library,binder,"Too Greedily, Too Deep",LTC,Tales of Middle-earth Commander,72,normal,rare,1,82978,328b93f0-5078-4334-9c95-60ecdd17a388,0.27,false,false,near_mint,en,USD,2024-12-22T23:33:30.486Z
Library,binder,Treasure Nabber,LTC,Tales of Middle-earth Commander,230,normal,rare,1,82947,27822718-27eb-484d-94b9-55fbe3fc03cc,0.62,false,false,near_mint,en,USD,2024-12-22T23:33:30.486Z
Library,binder,Underground River,LTC,Tales of Middle-earth Commander,342,normal,rare,1,83040,44832720-67b3-48ca-9460-807a6f1931a5,2.99,false,false,near_mint,en,USD,2024-12-22T23:33:30.486Z
Library,binder,Wake the Dragon,LTC,Tales of Middle-earth Commander,74,normal,rare,1,83666,f9cf5f78-0316-4c35-a40e-9bfba2e46ad8,0.3,false,false,near_mint,en,USD,2024-12-22T23:33:30.486Z
Library,binder,Worn Powerstone,LTC,Tales of Middle-earth Commander,293,normal,uncommon,1,82980,329342a8-5708-4332-868a-7410d7461647,0.39,false,false,near_mint,en,USD,2024-12-22T23:33:30.486Z
Library,binder,"Frodo, Determined Hero",LTR,The Lord of the Rings: Tales of Middle-earth,289,normal,rare,1,83248,83d1b37c-a8c6-4690-8701-3395397711e7,0.75,false,false,near_mint,en,USD,2024-12-24T22:33:34.073Z
Library,binder,"Gandalf, White Rider",LTR,The Lord of the Rings: Tales of Middle-earth,290,normal,rare,1,83412,b422ce26-06fb-4748-9c01-32c4be914a77,1.39,false,false,near_mint,en,USD,2024-12-24T22:33:48.166Z
Library,binder,"Gollum, Scheming Guide",LTR,The Lord of the Rings: Tales of Middle-earth,292,normal,rare,1,83231,7f93ad17-b655-4a10-990e-b26ead90d221,0.99,false,false,near_mint,en,USD,2024-12-24T22:34:34.970Z
Library,binder,"The Balrog, Flame of Udûn",LTR,The Lord of the Rings: Tales of Middle-earth,297,normal,rare,1,83292,905e7424-2d0b-4877-a7dc-272ea9392ff0,0.25,false,false,near_mint,en,USD,2024-12-24T22:35:27.900Z
Library,binder,Realm-Scorcher Hellkite,WOE,Wilds of Eldraine,350,normal,mythic,1,85557,8d2d38fe-7fa5-4b29-b3e2-dd20d5afd127,1.5,false,false,near_mint,en,USD,2024-12-27T23:49:56.194Z
Library,binder,"Herigast, Erupting Nullkite",MH3,Modern Horizons 3,362,normal,mythic,1,94261,d49fd832-1185-4eb5-8bd3-bccc8835dbee,1.16,false,false,near_mint,en,USD,2024-12-27T23:50:23.268Z
Library,binder,Birthing Ritual,MH3,Modern Horizons 3,337,normal,mythic,1,94322,004bbc84-b57b-4393-889e-dff95e8f334c,5.58,false,false,near_mint,en,USD,2024-12-27T23:50:59.254Z
Library,binder,Archive Dragon,WOE,Wilds of Eldraine,41,normal,uncommon,1,85313,2979104f-7570-487c-8024-131d7ee3ab91,0.15,false,false,near_mint,en,USD,2024-12-27T23:51:28.821Z
Library,binder,Gluttonous Hellkite,M3C,Modern Horizons 3 Commander,73,normal,rare,1,94963,63f6e8da-31ea-4edf-89a9-f2b7f2234d7e,0.5,false,false,near_mint,en,USD,2024-12-27T23:51:54.815Z
Library,binder,Fledgling Dragon,MH3,Modern Horizons 3,280,normal,uncommon,1,94886,c1b9e213-992a-45f8-8c4d-3ca0250a2061,0.15,false,false,near_mint,en,USD,2024-12-27T23:52:13.633Z
Library,binder,Maddening Hex,SPG,Special Guests,70,normal,mythic,1,98873,95b9be27-5abe-4341-b100-eba5c7854601,4.3,false,false,near_mint,en,USD,2024-12-27T23:52:39.852Z
Library,binder,Dragonstorm,MMA,Modern Masters,111,normal,rare,1,16198,230cd568-f7ed-4571-a609-36522add91d0,2.21,false,false,near_mint,en,USD,2024-12-28T02:39:18.921Z
Library,binder,Beledros Witherbloom,STX,Strixhaven: School of Mages,163,normal,mythic,1,58227,93f786a2-a7b7-4f9e-92e8-9a6a11efe290,4.61,false,false,near_mint,en,USD,2024-12-28T02:40:05.216Z
Library,binder,Dragonlord Atarka,P30A,30th Anniversary Play Promos,23,foil,mythic,1,74026,b3b076d3-edb8-4bfe-9521-0ac7464cb3f5,17.09,false,false,near_mint,en,USD,2024-12-28T02:43:58.070Z
Library,binder,Mountain,LTR,The Lord of the Rings: Tales of Middle-earth,268,normal,common,12,83589,e3731001-4e6a-4a91-9e7d-fc2ea039a60b,0.11,false,false,near_mint,en,USD,2024-04-15T01:52:33.603Z
Library,binder,Voracious Fell Beast,LTR,The Lord of the Rings: Tales of Middle-earth,113,normal,uncommon,6,83554,d9b7d7f8-503d-4660-9a18-6a8e2fcaa25f,0.12,false,false,near_mint,en,USD,2024-04-16T06:03:29.574Z
Library,binder,Troll of Khazad-dûm,LTR,The Lord of the Rings: Tales of Middle-earth,111,normal,common,5,83371,a6539e26-b63b-4725-9407-caaf451de084,0.99,false,false,near_mint,en,USD,2024-04-16T06:03:29.574Z
Library,binder,Island,LTR,The Lord of the Rings: Tales of Middle-earth,264,normal,common,8,83451,bbeca27a-6c5b-40b9-83a4-a3a2096ff6f8,0.09,false,false,near_mint,en,USD,2024-04-16T06:10:35.163Z
Library,binder,Swamp,LTR,The Lord of the Rings: Tales of Middle-earth,267,normal,common,9,83548,d86cd8fb-4ba7-4311-b0f3-b06fa112eda5,0.11,false,false,near_mint,en,USD,2024-04-16T06:30:31.098Z
Library,binder,Fiery Inscription,LTR,The Lord of the Rings: Tales of Middle-earth,126,normal,uncommon,6,83276,8c321159-43e5-40fc-9f0c-4ecc4f6cfd20,0.32,false,false,near_mint,en,USD,2024-04-16T20:26:28.312Z
Library,binder,Treason of Isengard,LTR,The Lord of the Rings: Tales of Middle-earth,74,normal,common,4,83188,71f97505-c961-4890-acd0-32a63919ac2a,0.12,false,false,near_mint,en,USD,2024-04-16T20:26:28.312Z
Library,binder,Swamp,LTR,The Lord of the Rings: Tales of Middle-earth,266,normal,common,6,82951,2a0fba6e-54d2-498c-83bc-41024307e608,0.16,false,false,near_mint,en,USD,2024-04-16T20:26:28.312Z
Library,binder,Bitter Downfall,LTR,The Lord of the Rings: Tales of Middle-earth,77,normal,uncommon,6,83593,e4b83aa1-33ce-4b8d-ae5a-72f64eef5f09,0.16,false,false,near_mint,en,USD,2024-04-16T20:37:25.604Z
Library,binder,Island,LTR,The Lord of the Rings: Tales of Middle-earth,265,normal,common,6,83150,671516eb-b088-4a15-aec9-1781ca016e11,0.16,false,false,near_mint,en,USD,2024-04-16T20:43:59.787Z
Library,binder,Mountain,LTR,The Lord of the Rings: Tales of Middle-earth,269,normal,common,6,83390,adf13285-d127-4534-9f49-aa86914da175,0.2,false,false,near_mint,en,USD,2024-04-16T20:43:59.787Z
Library,binder,Orb of Dragonkind,AFR,Adventures in the Forgotten Realms,157,normal,rare,1,60344,9a1c2cdd-353c-4747-bf0e-b995dd37ffca,2.34,false,false,near_mint,en,USD,2025-01-09T02:30:22.646Z
Library,binder,Exotic Orchard,DSC,Duskmourn: House of Horror Commander,275,normal,rare,1,99274,a0e58240-0a3e-4abf-b296-b97045de4677,0.25,false,false,near_mint,en,USD,2025-01-09T02:30:22.646Z
Library,binder,Fellwar Stone,DSC,Duskmourn: House of Horror Commander,245,normal,uncommon,1,99247,8d73a3c2-ccff-49b6-8e94-7f7d6ad56898,1.2,false,false,near_mint,en,USD,2025-01-09T02:30:22.646Z
Library,binder,Savage Lands,M3C,Modern Horizons 3 Commander,371,normal,uncommon,1,95144,c16bf099-af58-4061-a868-83e1275ae724,0.55,false,false,near_mint,en,USD,2025-01-09T02:30:22.646Z
Library,binder,Kodama's Reach,OTC,Outlaws of Thunder Junction Commander,196,normal,common,1,93920,eddf5231-7c46-417b-82c3-f6a8ede5ac9c,1.59,false,false,near_mint,en,USD,2025-01-09T02:30:22.646Z
Library,binder,Cultivate,DSC,Duskmourn: House of Horror Commander,174,normal,common,1,99190,684063e2-c9a5-4e7c-b702-94e3e114d063,0.79,false,false,near_mint,en,USD,2025-01-09T02:30:22.646Z
Library,binder,Darigaaz Reincarnated,DOM,Dominaria,193,normal,mythic,1,2083,9459ffca-5a1f-4641-88d4-8a499b261faa,0.83,false,false,near_mint,en,USD,2025-01-09T02:30:22.646Z
Library,binder,"Rith, Liberated Primeval",DMU,Dominaria United,214,normal,mythic,1,71681,ac148784-b7b6-4aae-bffb-a4cf09f56971,4.31,false,false,near_mint,en,USD,2025-01-09T02:30:22.646Z
Library,binder,Bountiful Landscape,MH3,Modern Horizons 3,217,normal,common,1,94797,b277752b-430a-4f09-8a98-b72f813dd52e,0.2,false,false,near_mint,en,USD,2025-01-09T02:30:22.646Z
Library,binder,"Vaevictis Asmadi, the Dire",M19,Core Set 2019,225,normal,mythic,1,1087,d19fdc00-21eb-48dc-966a-6b634dc5a2c4,1.66,false,false,near_mint,en,USD,2025-01-09T02:30:22.646Z
Library,binder,Mystic Monastery,BLC,Bloomburrow Commander,318,normal,uncommon,1,96459,c59b9295-1802-4452-ae8b-72adeb566c3a,0.25,false,false,near_mint,en,USD,2025-01-09T02:30:22.646Z
Library,binder,Nomad Outpost,OTC,Outlaws of Thunder Junction Commander,306,normal,uncommon,1,93482,0f48687e-8ad2-4654-ab8c-8d278ef0d0a3,0.45,false,false,near_mint,en,USD,2025-01-09T02:30:22.646Z
Library,binder,"Dragonhawk, Fate's Tempest",BLB,Bloomburrow,291,normal,mythic,1,96490,de4ef78d-ba5e-415e-9684-816464c5611a,7.45,false,false,near_mint,en,USD,2025-01-09T23:18:23.698Z
Library,binder,"Nicol Bolas, God-Pharaoh",HOU,Hour of Devastation,140,normal,mythic,1,4535,985e92f4-3904-41df-91f7-42eedbe3ccd2,3.17,false,false,near_mint,en,USD,2025-01-09T23:18:52.475Z
Library,binder,Invasion of Tarkir // Defiant Thundermaw,MOM,March of the Machine,149,normal,mythic,1,81189,a98f71a0-7c99-4cee-8f70-877e698cca84,4.0,false,false,near_mint,en,USD,2025-01-09T23:19:58.319Z
Library,binder,Frontier Bivouac,C17,Commander 2017,251,normal,uncommon,1,4204,1b165053-5118-482b-9f52-7438217d5f17,0.34,false,false,near_mint,en,USD,2025-01-15T08:58:27.012Z
Library,binder,"Ryusei, the Falling Star",C17,Commander 2017,141,normal,mythic,1,4314,a8d9e6c9-695f-4606-870a-3e2dad5e5d70,1.21,false,false,near_mint,en,USD,2025-01-15T08:59:50.212Z
Library,binder,Mithril Coat,LTR,The Lord of the Rings: Tales of Middle-earth,245,normal,rare,1,82856,0fd1fc09-a09d-45e6-8a07-3a8a83b4e6ec,11.27,false,false,near_mint,en,USD,2025-01-17T05:25:57.644Z
Library,binder,"Junji, the Midnight Sky",M3C,Modern Horizons 3 Commander,199,normal,mythic,1,95105,434fe0a1-78d4-4f01-b467-3b2268849ed5,0.77,false,false,near_mint,en,USD,2025-01-24T06:58:19.232Z
Library,binder,"Kairi, the Swirling Sky",NEO,Kamigawa: Neon Dynasty,60,normal,mythic,1,66438,af7979d8-21f3-40ba-8a2e-7ebad210e48b,0.57,false,false,near_mint,en,USD,2025-01-24T06:58:36.970Z
Library,binder,The Shire,LTR,The Lord of the Rings: Tales of Middle-earth,345,normal,rare,1,82932,248ed7a6-982a-4ff4-ba9b-3c1f47e7605c,1.9,false,false,near_mint,en,USD,2025-01-24T07:00:24.417Z
Library,binder,Firespitter Whelp,FDN,Foundations,197,normal,uncommon,2,100463,4b3a4c7d-3126-4bde-9dca-cb6a1e2f37c9,0.45,false,false,near_mint,en,USD,2024-11-13T03:59:42.854Z
Library,binder,Overwhelming Stampede,LTC,Tales of Middle-earth Commander,254,normal,rare,1,83272,8b7d65b9-5f66-4cf7-b3ef-c47e7c6a131b,1.84,false,false,near_mint,en,USD,2025-01-30T19:30:50.866Z
Library,binder,Galadhrim Ambush,LTC,Tales of Middle-earth Commander,38,normal,rare,1,83600,e69e06f0-6142-4f80-9208-362b3e74d51d,2.77,false,false,near_mint,en,USD,2025-01-30T19:30:50.866Z
Library,binder,Preordain,LTC,Tales of Middle-earth Commander,196,normal,common,1,83179,6e681c39-aa00-4c6d-b077-affe3b90bed8,0.99,false,false,near_mint,en,USD,2025-01-30T19:30:50.866Z
Library,binder,Hinterland Harbor,LTC,Tales of Middle-earth Commander,317,normal,rare,1,82986,35753c7f-e6d0-4335-a87e-3d3e5abb059b,0.74,false,false,near_mint,en,USD,2025-01-30T19:30:50.866Z
Library,binder,"Radagast, Wizard of Wilds",LTC,Tales of Middle-earth Commander,66,normal,rare,1,83311,9573ee62-4fdf-4fca-90e2-10a7d8161764,0.13,false,false,near_mint,en,USD,2025-01-30T19:30:50.866Z
Library,binder,"Arwen, Weaver of Hope",LTC,Tales of Middle-earth Commander,35,normal,rare,1,83065,4d4f4d41-232d-4377-be69-de590b880edb,4.77,false,false,near_mint,en,USD,2025-01-30T19:30:50.866Z
Library,binder,Magma Opus,STX,Strixhaven: School of Mages,203,normal,mythic,2,58037,27c914a3-2294-4feb-9450-c012cfd307a6,1.56,false,false,near_mint,ja,USD,2025-02-15T22:12:14.922Z
Library,binder,Beledros Witherbloom,STX,Strixhaven: School of Mages,282,normal,mythic,1,58355,e34dd2ef-a52d-48b6-becc-825f0e78eb75,8.27,false,false,near_mint,ja,USD,2025-02-15T22:12:14.922Z
Library,binder,Burning-Tree Shaman,GK2,RNA Guild Kit,89,normal,rare,1,43941,7ca772c7-ed84-4222-a221-16e95a8c0ba8,0.25,false,false,near_mint,en,USD,2025-02-20T07:14:44.843Z
Library,binder,Rubblehulk,GK2,RNA Guild Kit,95,normal,rare,1,43935,a791971e-c02f-46e3-a4ef-e030bfbf535a,0.23,false,false,near_mint,en,USD,2025-02-20T07:14:44.843Z
Library,binder,Clan Defiance,CLU,Ravnica: Clue Edition,182,normal,rare,1,91209,cc1afafd-d57b-4733-80c8-184947b7c5e6,0.18,false,false,near_mint,en,USD,2025-02-20T07:14:44.843Z
Library,binder,Firemind's Foresight,DDS,Duel Decks: Mind vs. Might,21,normal,rare,1,5922,555778df-8ed9-4eb3-859b-4246d9e05ee5,0.19,false,false,near_mint,en,USD,2025-02-20T07:14:44.843Z
Library,binder,"Far Fortune, End Boss",DFT,Aetherdrift,203,normal,rare,1,103367,f523e96d-9df1-4854-accb-9876aef787e5,0.19,false,false,near_mint,en,USD,2025-02-20T07:14:44.843Z
Library,binder,Destructive Flow,PLS,Planeshift,102,normal,rare,1,32849,7db86e34-c3ec-4a29-8779-81350a985644,0.87,false,false,near_mint,en,USD,2025-02-20T07:14:44.843Z
Library,binder,Cavalier of Dawn,SPG,Special Guests,84,normal,mythic,1,103426,0d650ea3-2e80-4bcf-b800-7f2063d2acd9,2.61,false,false,near_mint,en,USD,2025-02-20T07:15:35.251Z
Library,binder,Electrolyze,STA,Strixhaven Mystical Archive,123,normal,rare,1,58442,8212125e-1742-41db-a7e9-32df59441f4e,0.93,false,false,near_mint,ja,USD,2025-02-20T07:16:35.638Z
Library,binder,Putrefy,STA,Strixhaven Mystical Archive,63,normal,rare,1,58058,3882ebea-2864-40ef-a21d-6ba80a0bd417,0.37,false,false,near_mint,ja,USD,2025-02-20T07:18:39.000Z
Library,binder,Growth Spiral,STA,Strixhaven Mystical Archive,124,normal,rare,1,58476,ffea9e1d-10e1-458b-afba-e33ce9695322,6.02,false,false,near_mint,ja,USD,2025-02-20T07:19:32.616Z
Library,binder,"Ulasht, the Hate Seed",GK2,RNA Guild Kit,100,normal,rare,1,43930,066b677d-5a4c-4bb4-a3e0-1e616aafb9da,0.38,false,false,near_mint,en,USD,2025-02-20T07:20:42.904Z
Library,binder,Ready // Willing,DGM,Dragon's Maze,132,normal,rare,1,16333,22081f95-dc8e-41ed-b609-b6a22ee5428b,0.22,false,false,near_mint,en,USD,2025-02-21T18:21:15.694Z
Library,binder,Berg Strider,KHM,Kaldheim,47,normal,common,1,57149,f3567bdc-450e-4481-9349-a80fe52fe431,0.02,false,false,near_mint,en,USD,2025-02-21T18:21:15.694Z
Library,binder,Zephyr Charge,M20,Core Set 2020,82,normal,common,1,45379,da749962-25f2-4ddc-9e55-bf74d216284e,0.03,false,false,near_mint,en,USD,2025-02-21T18:21:15.694Z
Library,binder,Befuddle,M20,Core Set 2020,47,normal,common,1,45414,1414939c-7f15-4eb3-abeb-6e75c52d2b52,0.01,false,false,near_mint,en,USD,2025-02-21T18:21:15.694Z
Library,binder,Demystify,M12,Magic 2012,13,normal,common,1,19254,8f1b042f-f059-4e9f-a459-8682688f45cf,0.11,false,false,near_mint,en,USD,2025-02-21T18:21:15.694Z
Library,binder,Harmless Assault,ROE,Rise of the Eldrazi,24,normal,common,1,21943,a77fef2c-227e-474e-896e-c0ebe227f494,0.1,false,false,near_mint,en,USD,2025-02-21T18:21:15.694Z
Library,binder,Wrap in Flames,BBD,Battlebond,188,normal,common,1,1805,c059d868-2e4a-466b-9faa-1be76a3a0378,0.07,false,false,near_mint,en,USD,2025-02-21T18:21:15.694Z
Library,binder,Tuskeri Firewalker,KHM,Kaldheim,157,normal,common,1,57020,a54d0170-a375-4e65-b98d-3e94a3aeef90,0.01,false,false,near_mint,en,USD,2025-02-21T18:21:15.694Z
Library,binder,Nyxborn Brute,THB,Theros Beyond Death,144,normal,common,1,46918,05bc4236-566f-401b-b9d7-f58126fa228b,0.01,false,false,near_mint,en,USD,2025-02-21T18:21:15.694Z
Library,binder,Magma Spray,JOU,Journey into Nyx,103,normal,common,1,14546,9710889c-0fc6-43a9-83df-484ab0659030,0.03,false,false,near_mint,en,USD,2025-02-21T18:21:15.694Z
Library,binder,Goblin Arsonist,M21,Core Set 2021,147,normal,common,1,51082,fa4bf664-3b92-4598-b905-2bc090958c8b,0.05,false,false,near_mint,en,USD,2025-02-21T18:21:15.694Z
Library,binder,Vent Sentinel,IMA,Iconic Masters,153,normal,common,1,3472,6b6f563e-4f94-4caf-83b9-bfc64e18bc9c,0.02,false,false,near_mint,en,USD,2025-02-21T18:21:15.694Z
Library,binder,Thunder Strike,BBD,Battlebond,185,normal,common,1,1808,abdc38f3-194a-4f43-8ada-9cfc17094d20,0.03,false,false,near_mint,en,USD,2025-02-21T18:21:15.694Z
Library,binder,Hand That Feeds,DSK,Duskmourn: House of Horror,139,normal,common,1,98798,297c2860-5a68-4a18-a23a-ca5cfdfbcac8,0.02,false,false,near_mint,en,USD,2025-02-21T18:21:15.694Z
Library,binder,Most Valuable Slayer,DSK,Duskmourn: House of Horror,144,normal,common,1,98910,c2b7b635-4c72-4129-bf95-1eef05cce3d3,0.02,false,false,near_mint,en,USD,2025-02-21T18:21:15.694Z
Library,binder,Sun Clasp,BRB,Battle Royale Box Set,83,normal,common,1,33977,47cadda6-12be-4490-997b-3752e752be18,0.22,false,false,near_mint,en,USD,2025-02-21T18:21:15.694Z
Library,binder,Advance Scout,BRB,Battle Royale Box Set,2,normal,common,1,34058,d586407a-d260-48c6-8c05-50612d109221,0.25,false,false,near_mint,en,USD,2025-02-21T18:21:15.694Z
Library,binder,Hillcomber Giant,LRW,Lorwyn,20,normal,common,1,25422,c0a785a2-462d-4321-9e48-eb98698b7591,0.1,false,false,near_mint,en,USD,2025-02-21T18:21:15.694Z
Library,binder,Malamet Scythe,LCI,The Lost Caverns of Ixalan,200,normal,common,1,88960,df6776a4-cc01-46a3-90df-04e1e3ba513c,0.03,false,false,near_mint,en,USD,2025-02-21T18:21:15.694Z
Library,binder,Snarling Wolf,MID,Innistrad: Midnight Hunt,199,normal,common,1,63232,4b614b21-69ed-4788-97d7-ad502b634abb,0.03,false,false,near_mint,en,USD,2025-02-21T18:21:15.694Z
Library,binder,Fertilid's Favor,MOM,March of the Machine,186,normal,common,1,81459,e0bbfb58-8b22-4e8d-991c-855c29964d94,0.05,false,false,near_mint,en,USD,2025-02-21T18:21:15.694Z
Library,binder,Cosmic Hunger,MOM,March of the Machine,182,normal,common,1,81438,b8eef541-6851-4312-ad2b-74f45c7ede6c,0.15,false,false,near_mint,en,USD,2025-02-21T18:21:15.694Z
Library,binder,Capenna Express,SNC,Streets of New Capenna,139,normal,common,1,67961,b5530b04-f086-4d09-97e9-eda45f8b1f7b,0.06,false,false,near_mint,en,USD,2025-02-21T18:21:15.694Z
Library,binder,Duel for Dominance,INR,Innistrad Remastered,192,normal,common,1,102775,c823ffae-4967-4a5d-a5d5-f00c25262e4f,0.02,false,false,near_mint,en,USD,2025-02-21T18:21:15.694Z
Library,binder,Naturalize,ROE,Rise of the Eldrazi,199,normal,common,1,21768,c02618f5-ae78-47a9-855a-65a3408fcba4,0.13,false,false,near_mint,en,USD,2025-02-21T18:21:15.694Z
Library,binder,Benalish Missionary,WTH,Weatherlight,10,normal,common,1,37287,e9ac1992-6212-4f05-af16-c892dfc40643,0.17,false,false,near_mint,en,USD,2025-02-21T18:21:15.694Z
Library,binder,Attack-in-the-Box,DSK,Duskmourn: House of Horror,242,foil,uncommon,1,98886,a477dc3e-0fa1-4ce4-b3de-8cae0d1a0763,0.04,false,false,near_mint,en,USD,2025-02-21T18:21:15.694Z
Library,binder,Resistance Fighter,6ED,Classic Sixth Edition,38,normal,common,1,35339,1abf09d8-f972-4b81-80e9-70fb4a33ed56,0.09,false,false,near_mint,en,USD,2025-02-21T18:21:15.694Z
Library,binder,Freewind Falcon,ATH,Anthologies,6,normal,common,1,35612,e61be25a-af46-4189-84e1-6a6c73b3614f,0.49,false,false,near_mint,en,USD,2025-02-21T18:21:15.694Z
Library,binder,Skyshroud Falcon,STH,Stronghold,16,normal,common,1,36629,afb86621-1a6e-4d56-ab0e-531105775c56,0.12,false,false,near_mint,en,USD,2025-02-21T18:21:15.694Z
Library,binder,Youthful Knight,E01,Archenemy: Nicol Bolas,22,normal,common,1,4904,b64501e1-da45-4d67-9961-94bc6997fad2,0.09,false,false,near_mint,en,USD,2025-02-21T18:21:15.694Z
Library,binder,Blue Ward,4ED,Fourth Edition,10,normal,uncommon,1,40177,de62c833-c66b-442e-99ed-99ccd8eca024,0.19,false,false,near_mint,en,USD,2025-02-21T18:21:15.694Z
Library,binder,Archery Training,UDS,Urza's Destiny,2,normal,uncommon,1,34843,151232e6-68cc-4cac-a532-9ade8e925961,0.28,false,false,near_mint,en,USD,2025-02-21T18:21:15.694Z
Library,binder,Kjeldoran Escort,ALL,Alliances,7a,normal,common,1,38848,0fd7536a-5417-4de0-9a48-82a5f82d9af4,0.24,false,false,near_mint,en,USD,2025-02-21T18:21:15.694Z
Library,binder,Jamuraan Lion,VIS,Visions,10,normal,common,1,38163,bfc681f5-9fff-48b6-98d9-e85c85e582a3,0.11,false,false,near_mint,en,USD,2025-02-21T18:21:15.694Z
Library,binder,Basilica Screecher,GTC,Gatecrash,58,normal,common,1,16766,d233c6bc-c4dd-482d-b0f4-87359acab7cb,0.13,false,false,near_mint,en,USD,2025-02-21T18:21:15.694Z
Library,binder,Launch Party,RTR,Return to Ravnica,69,normal,common,1,17353,53f29821-902e-41bc-97a2-6fc7a710cbdb,0.02,false,false,near_mint,en,USD,2025-02-21T18:21:15.694Z
Library,binder,Returned Centaur,ORI,Magic Origins,116,normal,common,1,10826,103b369c-da58-40e7-98aa-5a5471434bca,0.04,false,false,near_mint,en,USD,2025-02-21T18:21:15.694Z
Library,binder,Ubul Sar Gatekeepers,DGM,Dragon's Maze,30,normal,common,1,16435,f5b2e327-adfd-459b-8d18-faa39d88b5de,0.07,false,false,near_mint,en,USD,2025-02-21T18:21:15.694Z
Library,binder,Loathsome Catoblepas,THS,Theros,95,normal,common,1,15569,4a8cff2f-ba52-4d22-83e8-13c56368f1df,0.02,false,false,near_mint,en,USD,2025-02-21T18:21:15.694Z
Library,binder,Flesh to Dust,ORI,Magic Origins,280,normal,common,1,10662,4fd4b0f6-fc67-48aa-9f17-21a79bd0c3d3,0.04,false,false,near_mint,en,USD,2025-02-21T18:21:15.694Z
Library,binder,Slaughterhouse Bouncer,DIS,Dissension,54,normal,common,1,27371,b70e71c1-5d95-44f3-99f1-b3b6eda8b26c,0.06,false,false,near_mint,en,USD,2025-02-21T18:21:15.694Z
Library,binder,Horobi's Whisper,MMA,Modern Masters,88,normal,uncommon,1,16221,f16e029c-cf98-4c98-b394-923247579ee5,0.17,false,false,near_mint,en,USD,2025-02-21T18:21:15.694Z
Library,binder,Crippling Blight,M15,Magic 2015,92,normal,common,1,13760,3f9c1ba3-8b7c-413b-865d-0ca4b2f55903,0.07,false,false,near_mint,en,USD,2025-02-21T18:21:15.694Z
Library,binder,Metropolis Angel,SNC,Streets of New Capenna,203,normal,uncommon,1,67793,633c7e38-fdad-461c-9ecb-3e89d5b80f24,0.08,false,false,near_mint,en,USD,2025-02-21T18:21:15.694Z
Library,binder,Sluiceway Scorpion,RTR,Return to Ravnica,198,normal,common,1,17224,7b6dbadf-a6f7-4876-9c3f-44e4a33b2bee,0.06,false,false,near_mint,en,USD,2025-02-21T18:21:15.694Z
Library,binder,Spare Supplies,ZNR,Zendikar Rising,254,normal,common,1,54682,a53baf25-1782-427b-a9dd-fc9b8dc6444f,0.03,false,false,near_mint,en,USD,2025-02-21T18:21:15.694Z
Library,binder,Conductive Machete,DSK,Duskmourn: House of Horror,244,normal,uncommon,1,98958,1cf37c1a-096b-4306-97cf-bc4d4c47d4a1,0.04,false,false,near_mint,en,USD,2025-02-21T18:21:15.694Z
Library,binder,Hexplate Golem,BBD,Battlebond,237,normal,common,1,1756,98534255-d8cd-4f42-8b90-f5672fb879a2,0.01,false,false,near_mint,en,USD,2025-02-21T18:21:15.694Z
Library,binder,Amrou Kithkin,4ED,Fourth Edition,2,normal,common,1,40185,27de9b02-1810-41ee-aa90-5d89b6e1bf87,0.14,false,false,near_mint,en,USD,2025-02-21T18:21:15.694Z
Library,binder,Syndicate Infiltrator,SNC,Streets of New Capenna,226,normal,uncommon,1,67985,bf86c5f2-0caf-48ca-b7ad-a1cdcd014539,0.02,false,false,near_mint,en,USD,2025-02-21T18:21:15.694Z
Library,binder,Rakish Revelers,SNC,Streets of New Capenna,214,normal,common,1,67912,9c74197a-367c-40a4-9eb5-6943490bba09,0.02,false,false,near_mint,en,USD,2025-02-21T18:21:15.694Z
Library,binder,Celestial Regulator,SNC,Streets of New Capenna,174,normal,common,1,67653,25803f0b-4475-447e-abdf-dcd6a98dd654,0.02,false,false,near_mint,en,USD,2025-02-21T18:21:15.694Z
Library,binder,Darling of the Masses,SNC,Streets of New Capenna,181,normal,uncommon,1,67751,52aa9815-6b47-4c80-87c7-4277166ea0df,0.03,false,false,near_mint,en,USD,2025-02-21T18:21:15.694Z
Library,binder,Shattered Seraph,SNC,Streets of New Capenna,221,normal,common,1,68011,cc75ba0d-230e-4ca4-bb40-bd05af2a4457,0.04,false,false,near_mint,en,USD,2025-02-21T18:21:15.694Z
Library,binder,Spawn of Rix Maadi,RTR,Return to Ravnica,199,normal,common,1,17223,6196e702-7f76-49db-8ee4-bd343359d498,0.06,false,false,near_mint,en,USD,2025-02-21T18:21:15.694Z
Library,binder,Walking Sarcophagus,DFT,Aetherdrift,246,normal,common,1,103562,89ccbd73-9414-48a3-bdcf-e838fcffc08f,0.02,false,false,near_mint,en,USD,2025-02-21T18:21:15.694Z
Library,binder,"Tyrox, Saurid Tyrant",DFT,Aetherdrift,149,normal,uncommon,1,103439,159dc5a8-5cba-4c20-8c07-28a3d86c8411,0.09,false,false,near_mint,en,USD,2025-02-21T18:21:15.694Z
Library,binder,Earthrumbler,DFT,Aetherdrift,160,normal,uncommon,1,100068,ee386cd0-934a-4b33-9db3-0a9033ab577e,0.03,false,false,near_mint,en,USD,2025-02-21T18:21:15.694Z
Library,binder,Guidelight Synergist,DFT,Aetherdrift,16,normal,uncommon,1,103677,fdaeea2c-d8aa-416f-95d6-6af888591fdf,0.11,false,false,near_mint,en,USD,2025-02-21T18:21:15.694Z
Library,binder,Stall Out,DFT,Aetherdrift,66,normal,common,1,103500,4ea0e0d3-833f-4353-b648-57b0b657cc1c,0.05,false,false,near_mint,en,USD,2025-02-21T18:21:15.694Z
Library,binder,Run Over,DFT,Aetherdrift,179,normal,common,1,103519,642f8fdd-6c58-49a3-904c-27f717cae980,0.03,false,false,near_mint,en,USD,2025-02-21T18:21:15.694Z
Library,binder,Mutant Surveyor,DFT,Aetherdrift,98,normal,common,1,103547,7cec5105-3907-40d2-8e46-95acfaaaa0cc,0.01,false,false,near_mint,en,USD,2025-02-21T18:21:15.694Z
Library,binder,Kickoff Celebrations,DFT,Aetherdrift,135,normal,common,1,103498,4e5590e1-0ac0-4bdd-815b-136bf24ced03,0.07,false,false,near_mint,en,USD,2025-02-21T18:21:15.694Z
Library,binder,Keen Buccaneer,DFT,Aetherdrift,48,normal,common,1,103429,0ed90a63-5aca-470a-8e1e-518d8aeb6d91,0.02,false,false,near_mint,en,USD,2025-02-21T18:21:15.694Z
Library,binder,Brightfield Glider,DFT,Aetherdrift,4,normal,common,1,103128,7eb819eb-ba5c-4449-87b5-3894380558bc,0.03,false,false,near_mint,en,USD,2025-02-21T18:21:15.694Z
Library,binder,Engine Rat,DFT,Aetherdrift,84,foil,common,1,103579,949d6137-98d3-4f46-ab1e-08d7492af307,0.09,false,false,near_mint,en,USD,2025-02-21T18:21:15.694Z
Library,binder,Bloodfell Caves,DFT,Aetherdrift,251,normal,common,1,103022,49195d90-de0c-4290-aa1c-9f4d948b5521,0.02,false,false,near_mint,en,USD,2025-02-21T18:21:15.694Z
Library,binder,Shattered Seraph,SNC,Streets of New Capenna,333,normal,common,1,68040,de23dfcb-9e17-42bf-9a86-f9e3ce8b4b9c,0.06,false,false,near_mint,en,USD,2025-02-21T18:21:15.694Z
Library,binder,Spara's Adjudicators,SNC,Streets of New Capenna,224,normal,common,1,67660,29eb0e40-d184-423f-8484-ee288fda00cd,0.02,false,false,near_mint,en,USD,2025-02-21T18:21:15.694Z
Library,binder,Glamorous Outlaw,SNC,Streets of New Capenna,309,normal,common,1,67812,6c50607c-8bf1-4a69-97da-41cd794fda62,0.05,false,false,near_mint,en,USD,2025-02-21T18:21:15.694Z
Library,binder,Trestle Troll,RTR,Return to Ravnica,205,normal,common,1,17217,6d224279-83f3-4a29-9fd9-86b72407b87a,0.03,false,false,near_mint,en,USD,2025-02-21T18:21:15.694Z
Library,binder,"Lagrella, the Magpie",SNC,Streets of New Capenna,314,normal,uncommon,1,67772,5956dbe0-0d4c-42b1-8554-0fa6de1ee6bc,0.04,false,false,near_mint,en,USD,2025-02-21T18:21:15.694Z
Library,binder,Utility Knife,ZNR,Zendikar Rising,256,normal,common,1,54471,1e5c781d-cd89-4671-8fbe-fae82c33357b,0.02,false,false,near_mint,en,USD,2025-02-21T18:21:15.694Z
Library,binder,Park Map,UNF,Unfinity,190,normal,common,1,73097,420f895a-5c2e-4530-9a09-835d2b02ccae,0.04,false,false,near_mint,en,USD,2025-02-21T18:21:15.694Z
Library,binder,Phyrexian Digester,MBS,Mirrodin Besieged,120,normal,common,1,20021,f9112062-1a1b-462b-85d3-821ea91778b8,0.07,false,false,near_mint,en,USD,2025-02-21T18:21:15.694Z
Library,binder,Bladed Sentinel,MBS,Mirrodin Besieged,98,normal,common,1,20043,69959c54-1350-4c64-8e5a-fc8447bb979c,0.03,false,false,near_mint,en,USD,2025-02-21T18:21:15.694Z
Library,binder,Ixalli's Lorekeeper,LCI,The Lost Caverns of Ixalan,194,normal,uncommon,1,88475,4bc94ded-458d-4458-9c0b-136d825b885d,0.07,false,false,near_mint,en,USD,2025-02-21T18:21:15.694Z
Library,binder,Leaping Ambush,WOE,Wilds of Eldraine,177,normal,common,1,85309,2785f716-274c-495c-b4e3-71a72e22f856,0.02,false,false,near_mint,en,USD,2025-02-21T18:21:15.694Z
Library,binder,Leaf Arrow,ROE,Rise of the Eldrazi,194,normal,common,1,21773,2d531ba4-df99-41e4-9dd3-a27a420ad63c,0.08,false,false,near_mint,en,USD,2025-02-21T18:21:15.694Z
Library,binder,Crosstown Courier,DDM,Duel Decks: Jace vs. Vraska,6,normal,common,1,14744,d04e6d05-5ec8-4e7d-86b8-da9549dbaa5e,0.09,false,false,near_mint,en,USD,2025-02-21T18:21:15.694Z
Library,binder,Returned Reveler,JOU,Journey into Nyx,79,normal,common,1,14570,9ea61098-2c6a-48d2-b99f-f3065c67d8e3,0.08,false,false,near_mint,en,USD,2025-02-21T18:21:15.694Z
Library,binder,Covenant of Blood,M15,Magic 2015,91,normal,common,1,13761,752b7d05-19d7-4765-9bf8-05a7cb539c3f,0.06,false,false,near_mint,en,USD,2025-02-21T18:21:15.694Z
Library,binder,Cast into Darkness,JOU,Journey into Nyx,63,normal,common,1,14586,0c1880d4-90c7-46a2-bbc9-d2b52971d11c,0.04,false,false,near_mint,en,USD,2025-02-21T18:21:15.694Z
Library,binder,Walking Corpse,M21,Core Set 2021,128,normal,common,1,50691,053b59b4-a22c-4228-aadc-ae9da6bb465e,0.02,false,false,near_mint,en,USD,2025-02-21T18:21:15.694Z
Library,binder,Disciple of Phenax,THS,Theros,84,normal,common,1,15580,81c1137c-1cbd-4918-9d1c-a9d2bd88562e,0.08,false,false,near_mint,en,USD,2025-02-21T18:21:15.694Z
Library,binder,Blood-Toll Harpy,CN2,Conspiracy: Take the Crown,129,normal,common,1,7968,c081f3e2-e4e6-4ef5-9969-64aca9c11413,0.1,false,false,near_mint,en,USD,2025-02-21T18:21:15.694Z
Library,binder,Spring Splasher,OTJ,Outlaws of Thunder Junction,69,normal,common,1,93315,b6822d12-1a25-42e7-94cc-71bd29daed93,0.05,false,false,near_mint,en,USD,2025-02-21T18:21:15.694Z
Library,binder,Isperia's Skywatch,RTR,Return to Ravnica,43,normal,common,1,17379,019ba84d-d236-45c5-a8ad-75def7736d0c,0.05,false,false,near_mint,en,USD,2025-02-21T18:21:15.694Z
Library,binder,Cancel,RTR,Return to Ravnica,31,normal,common,1,17391,fd994a26-65ff-43be-8d52-476e887d3ed2,0.08,false,false,near_mint,en,USD,2025-02-21T18:21:15.694Z
Library,binder,Nimbus Naiad,THS,Theros,56,normal,common,1,15608,19e9c9a2-4c5b-4518-a127-e4ffb23437d6,0.04,false,false,near_mint,en,USD,2025-02-21T18:21:15.694Z
Library,binder,Downsize,RVR,Ravnica Remastered,41,normal,common,1,89739,6e90fd71-25f1-4142-adb2-decbb5ccbc16,0.06,false,false,near_mint,en,USD,2025-02-21T18:21:15.694Z
Library,binder,Glimmerlight,DSK,Duskmourn: House of Horror,249,normal,common,1,98777,1071691c-5c65-42d4-ac96-d302185ca678,0.02,false,false,near_mint,en,USD,2025-02-21T18:21:15.694Z
Library,binder,Piggy Bank,DSK,Duskmourn: House of Horror,148,normal,uncommon,1,98827,55d35442-5ca0-4fd7-8ff1-b7347b3e6690,0.08,false,false,near_mint,en,USD,2025-02-21T18:21:15.694Z
Library,binder,Doorkeeper,IMA,Iconic Masters,53,normal,common,1,3572,ca527a9e-3a01-4e0b-add4-a6882f1c89d1,0.05,false,false,near_mint,en,USD,2025-02-21T18:21:15.694Z
Library,binder,Runewing,RTR,Return to Ravnica,48,normal,common,1,17374,749961e6-b135-4629-ae9d-124de0d70db9,0.02,false,false,near_mint,en,USD,2025-02-21T18:21:15.694Z
Library,binder,Stealer of Secrets,W17,Welcome Deck 2017,13,normal,common,1,5856,02acbe9b-fac7-4135-8318-5f3dc93a9e58,0.02,false,false,near_mint,en,USD,2025-02-21T18:21:15.694Z
Library,binder,Mizzium Skin,RTR,Return to Ravnica,45,normal,common,1,17377,d9859344-4efc-4b87-a3fb-147e496cee68,0.12,false,false,near_mint,en,USD,2025-02-21T18:21:15.694Z
Library,binder,Paralyzing Grasp,RTR,Return to Ravnica,46,normal,common,1,17376,3dfd97b3-d83e-406f-af45-40eec6347462,0.05,false,false,near_mint,en,USD,2025-02-21T18:21:15.694Z
Library,binder,Frostpeak Yeti,KHM,Kaldheim,57,normal,common,1,56836,3f406ce3-dce1-42d3-b76c-8e8c4b2770cb,0.03,false,false,near_mint,en,USD,2025-02-21T18:21:15.694Z
Library,binder,Prismite,M21,Core Set 2021,235,normal,common,2,51064,eedce8ab-771a-4247-9504-72ae0629df83,0.07,false,false,near_mint,en,USD,2025-02-21T18:21:15.694Z
Library,binder,Deadwood Treefolk,DMR,Dominaria Remastered,155,normal,uncommon,2,78099,ba393aa0-06d3-4811-85f5-a812c6ac5acf,0.04,false,false,near_mint,en,USD,2025-02-21T18:21:15.694Z
Library,binder,Security Rhox,SNC,Streets of New Capenna,220,normal,uncommon,2,67582,0050dd40-9a18-41e4-97e6-fce5bf220ccf,0.02,false,false,near_mint,en,USD,2025-02-21T18:21:15.694Z
Library,binder,Flowering of the White Tree,LTR,The Lord of the Rings: Tales of Middle-earth,15,normal,rare,3,82925,2203b2cd-48e5-471a-85fe-dc81012e5d61,3.86,false,false,near_mint,en,USD,2024-04-17T05:16:23.360Z
Library,binder,Blade of Selves,CLB,Commander Legends: Battle for Baldur's Gate,301,normal,rare,1,69298,ce3367f8-5f5a-4205-909a-247b92a9c082,2.85,false,false,near_mint,en,USD,2025-03-23T02:13:35.653Z
Library,binder,Highland Forest,CLB,Commander Legends: Battle for Baldur's Gate,896,normal,common,1,69528,59f64a32-c364-4750-94ed-d4d71c1a3511,2.23,false,false,near_mint,en,USD,2025-03-23T02:14:34.640Z
Library,binder,Vineglimmer Snarl,LTC,Tales of Middle-earth Commander,343,normal,rare,1,83595,e5a26fb5-f230-4b66-b3f9-02e883d41670,0.15,false,false,near_mint,en,USD,2025-03-25T17:37:26.517Z
Library,binder,Jungle Shrine,PIP,Fallout,270,normal,uncommon,1,92053,374c9b90-9179-4866-b479-ffd303767f97,0.22,false,false,near_mint,en,USD,2025-03-25T17:37:26.517Z
Library,binder,Sheltered Thicket,PIP,Fallout,289,normal,rare,1,92465,923d2489-54c6-47df-8bce-285f42c33c20,0.12,false,false,near_mint,en,USD,2025-03-25T17:37:26.517Z
Library,binder,Scattered Groves,PIP,Fallout,286,normal,rare,1,92778,dc924137-6f0d-41bd-bb94-b7a6e1a13be1,0.15,false,false,near_mint,en,USD,2025-03-25T17:37:26.517Z
Library,binder,Cinder Glade,PIP,Fallout,257,normal,rare,1,92651,bf4959e5-bdc8-4f60-a1d2-77dc17a493a0,0.2,false,false,near_mint,en,USD,2025-03-25T17:37:26.517Z
Library,binder,"Miirym, Sentinel Wyrm",CLB,Commander Legends: Battle for Baldur's Gate,284,normal,rare,1,69208,a934590b-5c70-4f07-af67-fbe817a99531,2.68,false,false,near_mint,en,USD,2025-03-25T18:36:26.519Z
Library,binder,Bloodforged Battle-Axe,PIP,Fallout,226,normal,rare,1,92564,a78289e0-3675-4587-8a33-54640e58a1f7,0.42,false,false,near_mint,en,USD,2025-03-28T03:42:42.002Z
Library,binder,Basilisk Collar,PIP,Fallout,225,normal,rare,1,92297,718b8ca7-81cb-40d8-904e-88872bd3797e,2.39,false,false,near_mint,en,USD,2025-03-28T03:42:42.002Z
Library,binder,Puresteel Paladin,PIP,Fallout,170,normal,rare,1,92311,73e496f4-ec53-4e3c-a27d-5c1b5a54a642,1.13,false,false,near_mint,en,USD,2025-03-28T03:42:42.002Z
Library,binder,Swiftfoot Boots,PIP,Fallout,242,normal,uncommon,1,92119,46d405a1-f951-4043-97bf-887e4fa388ad,1.2,false,false,near_mint,en,USD,2025-03-28T03:42:42.002Z
Library,binder,Silver Shroud Costume,PIP,Fallout,142,normal,uncommon,1,92859,f21fba59-330b-4daf-bf77-6dd817327a64,8.55,false,false,near_mint,en,USD,2025-03-28T03:42:42.002Z
Library,binder,Blightbelly Rat,ONE,Phyrexia: All Will Be One,435,foil,uncommon,1,78914,e4bf86e8-df70-4ec0-8fe6-f15191774e50,0.24,false,false,near_mint,en,USD,2025-03-28T03:46:10.430Z
Library,binder,Evolving Wilds,FDN,Foundations,262,normal,common,3,100376,3a0b9356-5b91-4542-8802-f0f7275238e1,0.25,false,false,near_mint,en,USD,2024-11-14T02:41:54.650Z
Library,binder,Snow-Covered Wastes,MH3,Modern Horizons 3,229,foil,uncommon,1,93018,87870792-e429-4eba-8193-cdce5c7b6c55,0.68,false,false,near_mint,en,USD,2025-04-04T16:34:14.336Z
Library,binder,Snow-Covered Wastes,MH3,Modern Horizons 3,229,normal,uncommon,1,93018,87870792-e429-4eba-8193-cdce5c7b6c55,0.36,false,false,near_mint,en,USD,2025-04-04T16:34:23.623Z
Library,binder,Armament Dragon,TDM,Tarkir: Dragonstorm,168,normal,uncommon,1,104469,17f61c01-0a41-4fa1-ac34-ffa83baad989,0.36,false,false,near_mint,en,USD,2025-04-04T19:44:58.586Z
Library,binder,Glacierwood Siege,TDM,Tarkir: Dragonstorm,189,normal,rare,1,104449,0f37fad7-2385-409b-8375-fa5dfbcad833,1.69,false,false,near_mint,en,USD,2025-04-04T19:44:58.586Z
Library,binder,Stormshriek Feral // Flush Out,TDM,Tarkir: Dragonstorm,304,foil,common,3,104535,322e4880-f3f0-44d8-8f95-48b496af0e81,0.32,false,false,near_mint,en,USD,2025-04-04T19:44:58.586Z
Library,binder,Aegis Sculptor,TDM,Tarkir: Dragonstorm,35,normal,uncommon,2,104248,19c1417a-9719-46f6-8749-d92b93ce0529,0.15,false,false,near_mint,en,USD,2025-04-04T19:44:58.586Z
Library,binder,Descendant of Storms,TDM,Tarkir: Dragonstorm,8,normal,uncommon,1,105056,f632be90-9e7f-41f8-a52e-a2952354d730,0.26,false,false,near_mint,en,USD,2025-04-04T19:44:58.586Z
Library,binder,Rediscover the Way,TDM,Tarkir: Dragonstorm,215,normal,rare,1,104313,79d6decf-afd5-4e96-b87e-fd7ab7e3c068,0.63,false,false,near_mint,en,USD,2025-04-04T19:44:58.586Z
Library,binder,Focus the Mind,TDM,Tarkir: Dragonstorm,45,foil,common,3,105153,abb0ba34-6904-4c17-a04d-ea4f12c7cf21,0.31,false,false,near_mint,en,USD,2025-04-04T19:44:58.586Z
Library,binder,Reverberating Summons,TDM,Tarkir: Dragonstorm,117,normal,uncommon,1,104475,1af19ce8-bc0c-420c-9e3b-9059b4df32cb,0.27,false,false,near_mint,en,USD,2025-04-04T19:44:58.586Z
Library,binder,Bewildering Blizzard,TDM,Tarkir: Dragonstorm,38,normal,uncommon,1,104807,91b25843-1aa0-484a-b6c7-0c284fe7214a,0.28,false,false,near_mint,en,USD,2025-04-04T19:44:58.586Z
Library,binder,Wayspeaker Bodyguard,TDM,Tarkir: Dragonstorm,34,normal,uncommon,2,104676,5e5b2324-69fe-4105-b6f8-14dfbe359d59,0.2,false,false,near_mint,en,USD,2025-04-04T19:44:58.586Z
Library,binder,Skirmish Rhino,TDM,Tarkir: Dragonstorm,224,normal,uncommon,1,103992,4a2e9ba1-c254-41e3-9845-4e81f9fec38d,0.29,false,false,near_mint,en,USD,2025-04-04T19:44:58.586Z
Library,binder,Barrensteppe Siege,TDM,Tarkir: Dragonstorm,171,normal,rare,1,103989,2556a35b-2229-42c7-8cb3-c8c668403dd2,0.37,false,false,near_mint,en,USD,2025-04-04T19:44:58.586Z
Library,binder,Molten Exhale,TDM,Tarkir: Dragonstorm,113,foil,common,2,104440,0ab95aab-a4bf-4131-83a0-2c138b6f20c3,0.41,false,false,near_mint,en,USD,2025-04-04T19:44:58.586Z
Library,binder,Bloodfell Caves,TDM,Tarkir: Dragonstorm,250,foil,common,2,104250,1dde3c68-6f29-4c00-b668-c25ac9e3e13b,0.05,false,false,near_mint,en,USD,2025-04-04T19:44:58.586Z
Library,binder,Feral Deathgorger // Dusk Sight,TDM,Tarkir: Dragonstorm,80,foil,common,2,104845,a147b94f-dfcf-44ce-8a73-b2fe6c4efc0e,0.43,false,false,near_mint,en,USD,2025-04-04T19:44:58.586Z
Library,binder,Rakshasa's Bargain,TDM,Tarkir: Dragonstorm,214,normal,uncommon,1,104299,5c409f4f-3b2c-4c33-b850-55b2a46f51ca,0.4,false,false,near_mint,en,USD,2025-04-04T19:44:58.586Z
Library,binder,Zurgo's Vanguard,TDM,Tarkir: Dragonstorm,133,normal,uncommon,1,104846,a1aa3501-5738-4063-a7f4-51d2600b0041,0.26,false,false,near_mint,en,USD,2025-04-04T19:44:58.586Z
Library,binder,Purging Stormbrood // Absorb Essence,TDM,Tarkir: Dragonstorm,213,normal,uncommon,1,104271,3988dc76-072c-4f43-849d-2e73c6f6ff58,0.27,false,false,near_mint,en,USD,2025-04-04T19:44:58.586Z
Library,binder,Dragon Sniper,TDM,Tarkir: Dragonstorm,139,normal,uncommon,1,105120,074b1e00-45bb-4436-8f5e-058512b2d08a,0.35,false,false,near_mint,en,USD,2025-04-04T19:44:58.586Z
Library,binder,Stadium Headliner,TDM,Tarkir: Dragonstorm,122,normal,rare,1,104552,37d4ab2a-a06a-4768-b5e1-e1def957d7f4,1.56,false,false,near_mint,en,USD,2025-04-04T19:44:58.586Z
Library,binder,Jeskai Brushmaster,TDM,Tarkir: Dragonstorm,195,foil,uncommon,1,104526,2eb06c36-cf7e-47a9-819e-adfc54284153,0.25,false,false,near_mint,en,USD,2025-04-04T19:44:58.586Z
Library,binder,Severance Priest,TDM,Tarkir: Dragonstorm,369,normal,rare,2,104663,585ccfa2-24e3-47aa-b244-31e29b216058,1.87,false,false,near_mint,en,USD,2025-04-04T19:44:58.586Z
Library,binder,Teeming Dragonstorm,TDM,Tarkir: Dragonstorm,30,normal,uncommon,1,104563,3b9d771f-24dc-4ed6-8051-62df576a2ba5,0.23,false,false,near_mint,en,USD,2025-04-04T19:44:58.586Z
Library,binder,Kheru Goldkeeper,TDM,Tarkir: Dragonstorm,199,normal,uncommon,1,104798,8d11183a-57f5-4ddb-8a6e-15fff704b114,0.34,false,false,near_mint,en,USD,2025-04-04T19:44:58.586Z
Library,binder,Sunset Strikemaster,TDM,Tarkir: Dragonstorm,126,normal,uncommon,1,104394,f8f1a2f2-526d-4b2c-985b-0acfdc21a2ee,0.25,false,false,near_mint,en,USD,2025-04-04T19:44:58.586Z
Library,binder,Riling Dawnbreaker // Signaling Roar,TDM,Tarkir: Dragonstorm,292,normal,common,3,104607,48b73810-3abd-4469-a6f0-993b6fedc315,0.17,false,false,near_mint,en,USD,2025-04-04T19:44:58.586Z
Library,binder,Clarion Conqueror,TDM,Tarkir: Dragonstorm,5,normal,rare,1,105064,f892d156-371c-4391-8ae6-25513c5032b0,2.54,false,false,near_mint,en,USD,2025-04-04T19:44:58.586Z
Library,binder,Dragonback Lancer,TDM,Tarkir: Dragonstorm,9,foil,common,2,104235,0200a8c5-3293-48d0-a523-ba148680f588,0.14,false,false,near_mint,en,USD,2025-04-04T19:44:58.586Z
Library,binder,"Ureni, the Song Unending",TDM,Tarkir: Dragonstorm,233,normal,mythic,1,104253,227802c0-4ff6-43a8-a850-ed0f546dc5ac,5.77,false,false,near_mint,en,USD,2025-04-04T19:44:58.586Z
Library,binder,Abzan Devotee,TDM,Tarkir: Dragonstorm,68,foil,common,2,104305,66555946-e747-46fa-b1ac-b103a8edcd93,0.21,false,false,near_mint,en,USD,2025-04-04T19:44:58.586Z
Library,binder,Ureni's Rebuff,TDM,Tarkir: Dragonstorm,63,normal,uncommon,1,104310,722716df-9cea-40a7-924b-c28497e227e6,0.32,false,false,near_mint,en,USD,2025-04-04T19:44:58.586Z
Library,binder,Mammoth Bellow,TDM,Tarkir: Dragonstorm,205,normal,uncommon,1,104599,468b17b4-79ce-4dfa-8873-a9cfc347e38f,0.3,false,false,near_mint,en,USD,2025-04-04T19:44:58.586Z
Library,binder,Traveling Botanist,TDM,Tarkir: Dragonstorm,164,normal,uncommon,1,104788,890b11b4-777a-4f1e-8c4d-21c5ebbfb0a2,0.36,false,false,near_mint,en,USD,2025-04-04T19:44:58.586Z
Library,binder,The Sibsig Ceremony,TDM,Tarkir: Dragonstorm,91,normal,rare,1,104666,5a9f2a62-1c61-4d2e-86d9-18cd84c31748,1.84,false,false,near_mint,en,USD,2025-04-04T19:44:58.586Z
Library,binder,Arashin Sunshield,TDM,Tarkir: Dragonstorm,3,foil,common,2,105168,dd7102d8-90b3-45a1-b66d-dcca469b1fb6,,false,false,near_mint,en,USD,2025-04-04T19:44:58.586Z
Library,binder,Alchemist's Assistant,TDM,Tarkir: Dragonstorm,71,normal,uncommon,1,105131,4d305609-64f8-4f3f-bf67-cd5257f0d01e,0.28,false,false,near_mint,en,USD,2025-04-04T19:44:58.586Z
Library,binder,Encroaching Dragonstorm,TDM,Tarkir: Dragonstorm,142,normal,uncommon,1,104630,4ddd4477-f8c9-4d05-9177-f8344ba8f40b,0.26,false,false,near_mint,en,USD,2025-04-04T19:44:58.586Z
Library,binder,Iridescent Tiger,TDM,Tarkir: Dragonstorm,109,normal,uncommon,1,105170,e3abbc8b-2bf8-478e-a541-f8019d150054,0.37,false,false,near_mint,en,USD,2025-04-04T19:44:58.586Z
Library,binder,Sandsteppe Citadel,TDM,Tarkir: Dragonstorm,266,normal,uncommon,1,104603,47f47e7f-39ba-4807-8e32-7262a61dfbba,0.26,false,false,near_mint,en,USD,2025-04-04T19:44:58.586Z
Library,binder,Lotuslight Dancers,TDM,Tarkir: Dragonstorm,204,normal,rare,1,104771,82aa2593-4a79-46f1-a2bd-b71fb504d0ab,1.18,false,false,near_mint,en,USD,2025-04-04T19:44:58.586Z
Library,binder,Embermouth Sentinel,TDM,Tarkir: Dragonstorm,242,foil,common,2,104606,485f75d5-da5b-4605-885a-561ccd999cc6,0.2,false,false,near_mint,en,USD,2025-04-04T19:44:58.586Z
Library,binder,Swiftwater Cliffs,TDM,Tarkir: Dragonstorm,268,foil,common,1,104361,ca53fb19-b8ca-485b-af1a-5117ae54bfe3,0.33,false,false,near_mint,en,USD,2025-04-04T19:44:58.586Z
Library,binder,Static Snare,TDM,Tarkir: Dragonstorm,26,normal,uncommon,1,104478,1ce50932-03a6-48bc-8aee-bc8defd896cf,0.26,false,false,near_mint,en,USD,2025-04-04T19:44:58.586Z
Library,binder,Temur Battlecrier,TDM,Tarkir: Dragonstorm,228,normal,rare,1,104309,72184791-0767-4108-920c-763e92dae2d4,0.41,false,false,near_mint,en,USD,2025-04-04T19:44:58.586Z
Library,binder,Jade-Cast Sentinel,TDM,Tarkir: Dragonstorm,243,foil,common,1,104293,516ce5fa-bd00-429b-ba22-b38c7dd9306c,0.64,false,false,near_mint,en,USD,2025-04-04T19:44:58.586Z
Library,binder,Roiling Dragonstorm,TDM,Tarkir: Dragonstorm,55,normal,uncommon,1,104280,455f4c96-684b-4b14-bd21-6799da2e1fa7,0.24,false,false,near_mint,en,USD,2025-04-04T19:44:58.586Z
Library,binder,Hardened Tactician,TDM,Tarkir: Dragonstorm,191,normal,uncommon,1,104780,86b225cb-5c45-4da1-a64e-b04091e483e8,0.29,false,false,near_mint,en,USD,2025-04-04T19:44:58.586Z
Library,binder,Breaching Dragonstorm,TDM,Tarkir: Dragonstorm,101,normal,uncommon,1,105013,e2c2a069-7553-4879-abfb-b2aa3349e4b8,0.26,false,false,near_mint,en,USD,2025-04-04T19:44:58.586Z
Library,binder,Lie in Wait,TDM,Tarkir: Dragonstorm,203,normal,uncommon,1,104819,96fff22c-282b-4849-82ce-890013b53262,0.3,false,false,near_mint,en,USD,2025-04-04T19:44:58.586Z
Library,binder,Death Begets Life,TDM,Tarkir: Dragonstorm,176,normal,mythic,1,104486,1faab43d-587d-44f6-9516-c8e3965bbc20,5.4,false,false,near_mint,en,USD,2025-04-04T19:44:58.586Z
Library,binder,Tempest Hawk,TDM,Tarkir: Dragonstorm,31,foil,common,2,104587,422f9453-ab12-4e3c-8c51-be87391395a1,3.05,false,false,near_mint,en,USD,2025-04-04T19:44:58.586Z
Library,binder,Stormbeacon Blade,TDM,Tarkir: Dragonstorm,27,normal,uncommon,1,105176,f2f12684-c80a-422b-9c3f-ed4f31742b9d,0.34,false,false,near_mint,en,USD,2025-04-04T19:44:58.586Z
Library,binder,Stalwart Successor,TDM,Tarkir: Dragonstorm,227,normal,uncommon,1,104288,4a7b206f-8190-46e6-bb9e-44763d3eb4ac,0.27,false,false,near_mint,en,USD,2025-04-04T19:44:58.586Z
Library,binder,Kishla Trawlers,TDM,Tarkir: Dragonstorm,50,normal,uncommon,1,104472,190fbc55-e8e9-4077-9532-1de7406baabf,0.25,false,false,near_mint,en,USD,2025-04-04T19:44:58.586Z
Library,binder,Nomad Outpost,TDM,Tarkir: Dragonstorm,263,normal,uncommon,1,104868,a68fbeaa-941f-4d53-becd-f93ed22b9a54,0.25,false,false,near_mint,en,USD,2025-04-04T19:44:58.586Z
Library,binder,Dragonologist,TDM,Tarkir: Dragonstorm,42,normal,rare,1,104787,8810ebb4-9e51-46f0-a54a-a0b4d77b762a,0.36,false,false,near_mint,en,USD,2025-04-04T19:44:58.586Z
Library,binder,Agent of Kotis,TDM,Tarkir: Dragonstorm,36,foil,common,2,104318,812d0462-0158-467f-951d-a7a121188a10,0.25,false,false,near_mint,en,USD,2025-04-04T19:44:58.586Z
Library,binder,Mardu Monument,TDM,Tarkir: Dragonstorm,245,normal,uncommon,1,104328,9bd0c794-77bc-4d4a-a769-3829e2ce4bdf,0.29,false,false,near_mint,en,USD,2025-04-04T19:44:58.586Z
Library,binder,Attuned Hunter,TDM,Tarkir: Dragonstorm,135,normal,uncommon,1,104977,d1a4f502-86a9-49fb-9cb9-7918d13c5313,0.21,false,false,near_mint,en,USD,2025-04-04T19:44:58.586Z
Library,binder,Hundred-Battle Veteran,TDM,Tarkir: Dragonstorm,82,normal,uncommon,1,105017,e53adf93-2db5-4087-a2dc-c8f53401d700,0.25,false,false,near_mint,en,USD,2025-04-04T19:44:58.586Z
Library,binder,Kishla Village,TDM,Tarkir: Dragonstorm,259,normal,rare,1,104840,9f0ff90d-7312-44df-afc5-29c768fa7758,0.51,false,false,near_mint,en,USD,2025-04-04T19:44:58.586Z
Library,binder,Sinkhole Surveyor,TDM,Tarkir: Dragonstorm,93,normal,rare,1,104551,37cb5599-7d2c-48e9-978b-902a01a74bde,0.44,false,false,near_mint,en,USD,2025-04-04T19:44:58.586Z
Library,binder,Fleeting Effigy,TDM,Tarkir: Dragonstorm,108,normal,uncommon,1,105121,1971fd6c-0a1c-41b2-93a6-886a176fbb73,0.28,false,false,near_mint,en,USD,2025-04-04T19:44:58.586Z
Library,binder,Marshal of the Lost,TDM,Tarkir: Dragonstorm,207,normal,uncommon,1,104304,64fbaa16-67c3-4ed2-9545-39abbbde61dc,0.27,false,false,near_mint,en,USD,2025-04-04T19:44:58.586Z
Library,binder,Riverwheel Sweep,TDM,Tarkir: Dragonstorm,219,normal,uncommon,2,104706,686fe623-ee50-407d-87c9-664fb039f4d9,0.21,false,false,near_mint,en,USD,2025-04-04T19:44:58.586Z
Library,binder,Frostcliff Siege,TDM,Tarkir: Dragonstorm,187,normal,rare,1,104338,a750aabb-9788-494a-841f-bf75717970a7,0.76,false,false,near_mint,en,USD,2025-04-04T19:44:58.586Z
Library,binder,Furious Forebear,TDM,Tarkir: Dragonstorm,13,foil,uncommon,3,105152,a4f247b6-8212-4e78-a452-d2d3be228d8e,0.19,false,false,near_mint,en,USD,2025-04-04T19:44:58.586Z
Library,binder,Host of the Hereafter,TDM,Tarkir: Dragonstorm,193,normal,uncommon,1,104448,0f182957-8133-45a7-80a3-1944bead4d43,0.24,false,false,near_mint,en,USD,2025-04-04T19:44:58.586Z
Library,binder,Starry-Eyed Skyrider,TDM,Tarkir: Dragonstorm,25,normal,uncommon,1,104624,4b3cc15e-1c82-454e-b541-4ab47c44814e,0.3,false,false,near_mint,en,USD,2025-04-04T19:44:58.586Z
Library,binder,Dragonclaw Strike,TDM,Tarkir: Dragonstorm,180,normal,uncommon,2,105161,bc7692ef-7091-4365-85a8-1edbd374f279,0.23,false,false,near_mint,en,USD,2025-04-04T19:44:58.586Z
Library,binder,Stillness in Motion,TDM,Tarkir: Dragonstorm,59,normal,rare,1,104864,a6289251-17e4-4987-96b9-2fb1a8f90e2a,0.26,false,false,near_mint,en,USD,2025-04-04T19:44:58.586Z
Library,binder,Jeskai Revelation,TDM,Tarkir: Dragonstorm,196,normal,mythic,1,104565,3cac0ad3-5107-4ed6-a688-d44bbd65e407,3.55,false,false,near_mint,en,USD,2025-04-04T19:44:58.586Z
Library,binder,Spectral Denial,TDM,Tarkir: Dragonstorm,58,foil,uncommon,3,105037,ee4e732a-1ffd-463d-92c2-26187659cfc3,0.28,false,false,near_mint,en,USD,2025-04-04T19:44:58.586Z
Library,binder,Overwhelming Surge,TDM,Tarkir: Dragonstorm,115,normal,uncommon,2,105163,bd7af85f-354e-468a-990b-bd774e68240f,0.27,false,false,near_mint,en,USD,2025-04-04T19:44:58.586Z
Library,binder,Jeskai Brushmaster,TDM,Tarkir: Dragonstorm,195,normal,uncommon,1,104526,2eb06c36-cf7e-47a9-819e-adfc54284153,0.23,false,false,near_mint,en,USD,2025-04-04T19:44:58.586Z
Library,binder,Ambling Stormshell,TDM,Tarkir: Dragonstorm,37,normal,rare,1,104942,c74d4a57-0f66-4965-9ed7-f88a08aa1d15,1.15,false,false,near_mint,en,USD,2025-04-04T19:44:58.586Z
Library,binder,Snowmelt Stag,TDM,Tarkir: Dragonstorm,57,foil,common,2,104869,a6b3b131-704a-4586-84f8-db465cd4a277,0.17,false,false,near_mint,en,USD,2025-04-04T19:44:58.586Z
Library,binder,Opulent Palace,TDM,Tarkir: Dragonstorm,264,normal,uncommon,1,104491,21cb3b3b-0738-4c2e-a3fc-927fd6b9d3fb,0.25,false,false,near_mint,en,USD,2025-04-04T19:44:58.586Z
Library,binder,Strategic Betrayal,TDM,Tarkir: Dragonstorm,94,normal,uncommon,1,105145,95617742-548d-464a-bb89-a858ffa9018f,0.41,false,false,near_mint,en,USD,2025-04-04T19:44:58.586Z
Library,binder,Twinmaw Stormbrood // Charring Bite,TDM,Tarkir: Dragonstorm,320,normal,uncommon,3,105038,ef466256-7d9c-46d0-a860-a0db6930db61,0.23,false,false,near_mint,en,USD,2025-04-04T19:44:58.586Z
Library,binder,Windcrag Siege,TDM,Tarkir: Dragonstorm,235,normal,rare,1,104534,31a8329b-23a1-4c49-a579-a5da8d01435a,0.85,false,false,near_mint,en,USD,2025-04-04T19:44:58.586Z
Library,binder,Attuned Hunter,TDM,Tarkir: Dragonstorm,135,foil,uncommon,1,104977,d1a4f502-86a9-49fb-9cb9-7918d13c5313,0.18,false,false,near_mint,en,USD,2025-04-04T19:44:58.586Z
Library,binder,Kin-Tree Severance,TDM,Tarkir: Dragonstorm,200,normal,uncommon,1,104896,b577e246-3377-42aa-856e-b9fa89f3603a,0.2,false,false,near_mint,en,USD,2025-04-04T19:44:58.586Z
Library,binder,Channeled Dragonfire,TDM,Tarkir: Dragonstorm,102,normal,uncommon,1,104499,24204881-690c-4043-8771-20cb93385072,0.23,false,false,near_mint,en,USD,2025-04-04T19:44:58.586Z
Library,binder,Effortless Master,TDM,Tarkir: Dragonstorm,181,normal,uncommon,1,104441,0ae03ca5-cd4b-42b7-8cd5-3f7e753b4147,0.32,false,false,near_mint,en,USD,2025-04-04T19:44:58.586Z
Library,binder,Avenger of the Fallen,TDM,Tarkir: Dragonstorm,73,normal,rare,1,104984,d5397366-151f-46b0-b9b2-fa4d5bd892d8,0.51,false,false,near_mint,en,USD,2025-04-04T19:44:58.586Z
Library,binder,Stalwart Successor,TDM,Tarkir: Dragonstorm,227,foil,uncommon,2,104288,4a7b206f-8190-46e6-bb9e-44763d3eb4ac,0.18,false,false,near_mint,en,USD,2025-04-04T19:44:58.586Z
Library,binder,Unrooted Ancestor,TDM,Tarkir: Dragonstorm,96,normal,uncommon,1,104689,6394b125-21a8-4439-9958-94b76684138e,0.36,false,false,near_mint,en,USD,2025-04-04T19:44:58.586Z
Library,binder,Constrictor Sage,TDM,Tarkir: Dragonstorm,39,normal,uncommon,1,105156,b2f160d7-c832-4b83-8f2e-aaeb190add3f,0.23,false,false,near_mint,en,USD,2025-04-04T19:44:58.586Z
Library,binder,Sage of the Fang,TDM,Tarkir: Dragonstorm,155,normal,uncommon,1,105123,1ebf4a9d-d90c-4017-9f00-fca89899f301,0.48,false,false,near_mint,en,USD,2025-04-04T19:44:58.586Z
Library,binder,Jeskai Shrinekeeper,TDM,Tarkir: Dragonstorm,197,normal,uncommon,1,104722,6ec8fa0b-c695-4326-aebd-042cb1974925,0.19,false,false,near_mint,en,USD,2025-04-04T19:44:58.586Z
Library,binder,Songcrafter Mage,TDM,Tarkir: Dragonstorm,225,normal,rare,1,104813,9523bc07-49e5-409c-ae6b-b28e305eef36,1.61,false,false,near_mint,en,USD,2025-04-04T19:44:58.586Z
Library,binder,Opulent Palace,TDM,Tarkir: Dragonstorm,264,foil,uncommon,1,104491,21cb3b3b-0738-4c2e-a3fc-927fd6b9d3fb,0.49,false,false,near_mint,en,USD,2025-04-04T19:44:58.586Z
Library,binder,"Surrak, Elusive Hunter",TDM,Tarkir: Dragonstorm,161,normal,rare,1,105015,e4775a26-0b66-40e9-8f64-41d9308ca032,0.48,false,false,near_mint,en,USD,2025-04-04T19:44:58.586Z
Library,binder,Barrensteppe Siege,TDM,Tarkir: Dragonstorm,171,foil,rare,3,103989,2556a35b-2229-42c7-8cb3-c8c668403dd2,2.72,false,false,near_mint,en,USD,2025-04-04T19:44:58.586Z
Library,binder,Scoured Barrens,TDM,Tarkir: Dragonstorm,267,foil,common,2,104346,b4b47b80-69ed-44b0-afa0-ca90206dc16d,0.14,false,false,near_mint,en,USD,2025-04-04T19:44:58.586Z
Library,binder,Jeskai Monument,TDM,Tarkir: Dragonstorm,244,normal,uncommon,1,104362,d0193ad6-39b7-4558-bd3e-36f809332ea2,0.48,false,false,near_mint,en,USD,2025-04-04T19:44:58.586Z
Library,binder,Wail of War,TDM,Tarkir: Dragonstorm,98,normal,uncommon,1,104764,7e9430dd-f583-400d-808a-64e2b5fa54f1,0.31,false,false,near_mint,en,USD,2025-04-04T19:44:58.586Z
Library,binder,Unsparing Boltcaster,TDM,Tarkir: Dragonstorm,130,normal,uncommon,1,104488,204f5e5e-d87f-4aee-84e3-28afe8e21591,0.58,false,false,near_mint,en,USD,2025-04-04T19:44:58.586Z
Library,binder,Whirlwing Stormbrood // Dynamic Soar,TDM,Tarkir: Dragonstorm,234,normal,uncommon,1,104656,56a25eb1-bdb8-4f86-8d9a-3055ad1b2a13,0.38,false,false,near_mint,en,USD,2025-04-04T19:44:58.586Z
Library,binder,"Narset, Jeskai Waymaster",TDM,Tarkir: Dragonstorm,209,normal,rare,1,103995,6b77cbc1-dbc8-44d9-aa29-15cbb19afecd,0.3,false,false,near_mint,en,USD,2025-04-04T19:44:58.586Z
Library,binder,Unsparing Boltcaster,TDM,Tarkir: Dragonstorm,130,foil,uncommon,2,104488,204f5e5e-d87f-4aee-84e3-28afe8e21591,0.19,false,false,near_mint,en,USD,2025-04-04T19:44:58.586Z
Library,binder,Blossoming Sands,TDM,Tarkir: Dragonstorm,251,foil,common,2,104239,0a9df994-e0f4-4919-af99-4f643eb9199c,0.15,false,false,near_mint,en,USD,2025-04-04T19:44:58.586Z
Library,binder,Jeskai Shrinekeeper,TDM,Tarkir: Dragonstorm,311,normal,uncommon,2,104467,171ba15b-f981-4b0f-8062-24e4c78fc213,0.48,false,false,near_mint,en,USD,2025-04-04T19:44:58.586Z
Library,binder,Qarsi Revenant,TDM,Tarkir: Dragonstorm,86,normal,rare,1,104323,8c93a0f6-5e50-4dda-9ff6-da741fb839ff,1.09,false,false,near_mint,en,USD,2025-04-04T19:44:58.586Z
Library,binder,Shocking Sharpshooter,TDM,Tarkir: Dragonstorm,121,normal,uncommon,1,104618,4a10342d-ca04-4d1e-bca9-79f531951a16,0.25,false,false,near_mint,en,USD,2025-04-04T19:44:58.586Z
Library,binder,Twinmaw Stormbrood // Charring Bite,TDM,Tarkir: Dragonstorm,232,normal,uncommon,1,104513,2999e3b1-6510-42b2-9429-28c07a64a44f,0.24,false,false,near_mint,en,USD,2025-04-04T19:44:58.586Z
Library,binder,Spectral Denial,TDM,Tarkir: Dragonstorm,58,normal,uncommon,1,105037,ee4e732a-1ffd-463d-92c2-26187659cfc3,0.25,false,false,near_mint,en,USD,2025-04-04T19:44:58.586Z
Library,binder,Marang River Regent // Coil and Catch,TDM,Tarkir: Dragonstorm,51,normal,rare,1,104393,f890bdc7-32e6-4492-bac7-7cabf54a8bfd,0.26,false,false,near_mint,en,USD,2025-04-04T19:44:58.586Z
Library,binder,Gurmag Nightwatch,TDM,Tarkir: Dragonstorm,190,foil,common,1,104369,de731430-6bbf-4782-953e-b69c46353959,0.6,false,false,near_mint,en,USD,2025-04-04T19:44:58.586Z
Library,binder,Stormscale Scion,TDM,Tarkir: Dragonstorm,123,normal,mythic,1,103987,0ac43386-bd32-425c-8776-cec00b064cbc,8.36,false,false,near_mint,en,USD,2025-04-04T19:44:58.586Z
Library,binder,Hollowmurk Siege,TDM,Tarkir: Dragonstorm,192,normal,rare,1,104668,5ac0e136-8877-4bfc-a831-2bf7b7b5ad1e,0.34,false,false,near_mint,en,USD,2025-04-04T19:44:58.586Z
Library,binder,Caustic Exhale,TDM,Tarkir: Dragonstorm,74,foil,common,3,104284,488152ce-2048-4ccb-b2d6-b9628958286f,0.29,false,false,near_mint,en,USD,2025-04-04T19:44:58.586Z
Library,binder,Island,TDM,Tarkir: Dragonstorm,279,normal,common,1,104252,1ff6acc9-581c-468f-894d-41f725da7f33,1.21,false,false,near_mint,en,USD,2025-04-04T19:44:58.586Z
Library,binder,Defibrillating Current,TDM,Tarkir: Dragonstorm,177,normal,uncommon,1,104925,bf3a18cf-03db-4eb0-8d53-0c1a71e184da,0.26,false,false,near_mint,en,USD,2025-04-04T19:44:58.586Z
Library,binder,Dragonbroods' Relic,TDM,Tarkir: Dragonstorm,140,normal,uncommon,1,104569,3d634087-77ba-4543-aa7a-8a3774d69cd7,0.35,false,false,near_mint,en,USD,2025-04-04T19:44:58.586Z
Library,binder,Glacial Dragonhunt,TDM,Tarkir: Dragonstorm,188,normal,uncommon,1,104814,95994c88-e404-4a4f-8be6-b99d703d4609,0.26,false,false,near_mint,en,USD,2025-04-04T19:44:58.586Z
Library,binder,Desperate Measures,TDM,Tarkir: Dragonstorm,78,normal,uncommon,1,104959,ccbc6fd0-42bc-4e8b-96bc-69a631ba7106,0.34,false,false,near_mint,en,USD,2025-04-04T19:44:58.586Z
Library,binder,"Sarkhan, Dragon Ascendant",TDM,Tarkir: Dragonstorm,118,normal,rare,1,104003,c2200646-7b7c-489d-bbae-16b03e1d7fb2,1.01,false,false,near_mint,en,USD,2025-04-04T19:44:58.586Z
Library,binder,Sagu Wildling // Roost Seek,TDM,Tarkir: Dragonstorm,157,foil,common,1,104994,d8b43b00-f4d1-436c-bf3f-6d414cd4ce38,0.47,false,false,near_mint,en,USD,2025-04-04T19:44:58.586Z
Library,binder,Mountain,TDM,Tarkir: Dragonstorm,275,normal,common,1,104397,fe0865ba-47c0-40bc-b0c6-e1ea5ae08a98,1.02,false,false,near_mint,en,USD,2025-04-04T19:44:58.586Z
Library,binder,Inspirited Vanguard,TDM,Tarkir: Dragonstorm,146,normal,uncommon,1,105165,c642d6ac-f0f0-4b4c-a7ee-50631531f6d1,0.25,false,false,near_mint,en,USD,2025-04-04T19:44:58.586Z
Library,binder,Fresh Start,TDM,Tarkir: Dragonstorm,46,normal,uncommon,1,104818,96f7af08-ac05-45d0-979f-282943130c61,0.37,false,false,near_mint,en,USD,2025-04-04T19:44:58.586Z
Library,binder,Frontline Rush,TDM,Tarkir: Dragonstorm,186,normal,uncommon,1,104520,2ce8a205-99d6-4a9c-83a7-18b7220177d3,0.24,false,false,near_mint,en,USD,2025-04-04T19:44:58.586Z
Library,binder,Dalkovan Encampment,TDM,Tarkir: Dragonstorm,253,normal,rare,1,104822,98ad5f0c-8775-4e89-8e92-84a6ade93e35,0.52,false,false,near_mint,en,USD,2025-04-04T19:44:58.586Z
Library,binder,"Anafenza, Unyielding Lineage",TDM,Tarkir: Dragonstorm,327,normal,rare,2,104356,c0f31696-2307-4ec6-a568-c255a25b59b6,0.9,false,false,near_mint,en,USD,2025-04-04T19:44:58.586Z
Library,binder,Dispelling Exhale,TDM,Tarkir: Dragonstorm,41,foil,common,2,104477,1c9af3f1-711e-42ae-803a-1100eba3fb13,0.31,false,false,near_mint,en,USD,2025-04-04T19:44:58.586Z
Library,binder,Swamp,TDM,Tarkir: Dragonstorm,282,normal,common,1,104341,ac885eb7-9dae-4c48-b45c-97ef9c62c99e,,false,false,near_mint,en,USD,2025-04-04T19:44:58.586Z
Library,binder,Songcrafter Mage,TDM,Tarkir: Dragonstorm,225,foil,rare,1,104813,9523bc07-49e5-409c-ae6b-b28e305eef36,5.75,false,false,near_mint,en,USD,2025-04-04T19:44:58.586Z
Library,binder,Dragonstorm Forecaster,TDM,Tarkir: Dragonstorm,43,normal,uncommon,2,104740,75ec7a31-1893-493c-926b-dc3a8a770e72,0.22,false,false,near_mint,en,USD,2025-04-04T19:44:58.586Z
Library,binder,Gurmag Rakshasa,TDM,Tarkir: Dragonstorm,81,normal,uncommon,1,105173,f05ad909-8860-473b-9a30-a322f7670b32,0.36,false,false,near_mint,en,USD,2025-04-04T19:44:58.586Z
Library,binder,Disruptive Stormbrood // Petty Revenge,TDM,Tarkir: Dragonstorm,178,normal,uncommon,1,104920,bd78e8ae-e927-40e7-9580-966c5e81f53c,0.29,false,false,near_mint,en,USD,2025-04-04T19:44:58.586Z
Library,binder,Voice of Victory,TDM,Tarkir: Dragonstorm,33,normal,rare,1,104377,ec3de5f4-bb55-4ab9-995f-f3e0dc22c1bb,6.8,false,false,near_mint,en,USD,2025-04-04T19:44:58.586Z
Library,binder,Wingblade Disciple,TDM,Tarkir: Dragonstorm,65,normal,uncommon,1,105138,71de7dca-0231-4407-86a0-c7fc95f5aaa0,0.28,false,false,near_mint,en,USD,2025-04-04T19:44:58.586Z
Library,binder,Cori Mountain Stalwart,TDM,Tarkir: Dragonstorm,175,normal,uncommon,1,104902,b6cbf54e-f30e-4e7b-b17c-217fa424971c,0.28,false,false,near_mint,en,USD,2025-04-04T19:44:58.586Z
Library,binder,Abzan Monument,TDM,Tarkir: Dragonstorm,238,normal,uncommon,1,104363,d2da9024-3b58-4a57-8f7d-4094c193daee,0.32,false,false,near_mint,en,USD,2025-04-04T19:44:58.586Z
Library,binder,Roar of Endless Song,TDM,Tarkir: Dragonstorm,220,normal,rare,1,104755,7a9c3531-61a8-43f5-82a2-5166e5f5a6b9,2.45,false,false,near_mint,en,USD,2025-04-04T19:44:58.586Z
Library,binder,Wingspan Stride,TDM,Tarkir: Dragonstorm,66,foil,common,2,104541,339a0e24-c332-4558-bb60-f5504ddde88c,0.2,false,false,near_mint,en,USD,2025-04-04T19:44:58.586Z
Library,binder,Rot-Curse Rakshasa,TDM,Tarkir: Dragonstorm,87,normal,mythic,1,104531,31276460-fa9d-47da-85c5-c4baa8074d0d,8.41,false,false,near_mint,en,USD,2025-04-04T19:44:58.586Z
Library,binder,Synchronized Charge,TDM,Tarkir: Dragonstorm,162,normal,uncommon,1,104484,1f721f8d-fd2f-480b-8645-4bf6ce38dde9,0.53,false,false,near_mint,en,USD,2025-04-04T19:44:58.586Z
Library,binder,War Effort,TDM,Tarkir: Dragonstorm,131,normal,uncommon,1,105007,dd7f0413-c009-4c08-b877-9c1b776cbf26,0.27,false,false,near_mint,en,USD,2025-04-04T19:44:58.586Z
Library,binder,Loxodon Battle Priest,TDM,Tarkir: Dragonstorm,15,normal,uncommon,1,104861,a527cdb0-f54a-4b53-83a0-6b3e8cafa45e,0.47,false,false,near_mint,en,USD,2025-04-04T19:44:58.586Z
Library,binder,Karakyk Guardian,TDM,Tarkir: Dragonstorm,198,normal,uncommon,1,104859,a4c77b08-c3f6-4458-8636-f226f9843b6d,0.37,false,false,near_mint,en,USD,2025-04-04T19:44:58.586Z
Library,binder,Dragon Sniper,TDM,Tarkir: Dragonstorm,139,foil,uncommon,3,105120,074b1e00-45bb-4436-8f5e-058512b2d08a,0.5,false,false,near_mint,en,USD,2025-04-04T19:44:58.586Z
Library,binder,Rebellious Strike,TDM,Tarkir: Dragonstorm,20,normal,common,3,104949,c9bafe19-3bd6-4da0-b3e5-e0b89262504c,0.31,false,false,near_mint,en,USD,2025-04-04T19:44:58.586Z
Library,binder,Undergrowth Leopard,TDM,Tarkir: Dragonstorm,165,normal,common,3,104307,67ab8f9a-b17c-452f-b4ef-a3f91909e3de,0.27,false,false,near_mint,en,USD,2025-04-04T19:44:58.586Z
Library,binder,Kishla Skimmer,TDM,Tarkir: Dragonstorm,201,normal,uncommon,2,104899,b5f1acb0-d73e-4814-8158-3645daf5c4cc,0.24,false,false,near_mint,en,USD,2025-04-04T19:44:58.586Z
Library,binder,Fire-Rim Form,TDM,Tarkir: Dragonstorm,107,normal,common,3,104537,32dc1bf4-a135-449f-848f-361a5360fae1,0.35,false,false,near_mint,en,USD,2025-04-04T19:44:58.586Z
Library,binder,Abzan Devotee,TDM,Tarkir: Dragonstorm,68,normal,common,2,104305,66555946-e747-46fa-b1ac-b103a8edcd93,0.31,false,false,near_mint,en,USD,2025-04-04T19:44:58.586Z
Library,binder,Fortress Kin-Guard,TDM,Tarkir: Dragonstorm,12,normal,common,3,104900,b647a018-1d70-43a1-a265-928bcd863689,0.34,false,false,near_mint,en,USD,2025-04-04T19:44:58.586Z
Library,binder,Wingspan Stride,TDM,Tarkir: Dragonstorm,66,normal,common,3,104541,339a0e24-c332-4558-bb60-f5504ddde88c,0.2,false,false,near_mint,en,USD,2025-04-04T19:44:58.586Z
Library,binder,Venerated Stormsinger,TDM,Tarkir: Dragonstorm,97,normal,uncommon,3,104858,a4a4e985-facd-47e6-b680-3023c82c2957,0.27,false,false,near_mint,en,USD,2025-04-04T19:44:58.586Z
Library,binder,Riling Dawnbreaker // Signaling Roar,TDM,Tarkir: Dragonstorm,21,normal,common,3,104532,312f7072-3bf8-449f-bfb7-93727ef26c66,0.36,false,false,near_mint,en,USD,2025-04-04T19:44:58.586Z
Library,binder,Focus the Mind,TDM,Tarkir: Dragonstorm,45,normal,common,4,105153,abb0ba34-6904-4c17-a04d-ea4f12c7cf21,0.29,false,false,near_mint,en,USD,2025-04-04T19:44:58.586Z
Library,binder,Jungle Hollow,TDM,Tarkir: Dragonstorm,258,foil,common,2,104375,ea13440b-3f7b-4182-9541-27c1fa3121e5,0.33,false,false,near_mint,en,USD,2025-04-04T19:44:58.586Z
Library,binder,Jungle Hollow,TDM,Tarkir: Dragonstorm,258,normal,common,2,104375,ea13440b-3f7b-4182-9541-27c1fa3121e5,0.3,false,false,near_mint,en,USD,2025-04-04T19:44:58.586Z
Library,binder,Dismal Backwater,TDM,Tarkir: Dragonstorm,254,normal,common,2,104238,082b52c9-c46e-44d3-b723-546ba528e07b,0.27,false,false,near_mint,en,USD,2025-04-04T19:44:58.586Z
Library,binder,Twin Bolt,TDM,Tarkir: Dragonstorm,128,normal,common,3,105137,688d8e93-d071-4089-9ef9-565ac4ae9ae0,0.32,false,false,near_mint,en,USD,2025-04-04T19:44:58.586Z
Library,binder,Swiftwater Cliffs,TDM,Tarkir: Dragonstorm,268,normal,common,2,104361,ca53fb19-b8ca-485b-af1a-5117ae54bfe3,0.3,false,false,near_mint,en,USD,2025-04-04T19:44:58.586Z
Library,binder,Reigning Victor,TDM,Tarkir: Dragonstorm,216,normal,common,3,104334,a394112a-032b-4047-887a-6522cf7b83d5,0.27,false,false,near_mint,en,USD,2025-04-04T19:44:58.586Z
Library,binder,Monastery Messenger,TDM,Tarkir: Dragonstorm,208,normal,common,4,104443,0c9eeced-6464-41f0-bbea-05b3af4cc005,0.22,false,false,near_mint,en,USD,2025-04-04T19:44:58.586Z
Library,binder,Trade Route Envoy,TDM,Tarkir: Dragonstorm,163,normal,common,4,105174,f0c89d95-d697-4cfa-9dfa-52d7adb96176,0.41,false,false,near_mint,en,USD,2025-04-04T19:44:58.586Z
Library,binder,Mardu Devotee,TDM,Tarkir: Dragonstorm,16,normal,common,2,104366,da45e9b0-a4f6-413b-9e62-666c511eb5b0,0.33,false,false,near_mint,en,USD,2025-04-04T19:44:58.586Z
Library,binder,Riverwalk Technique,TDM,Tarkir: Dragonstorm,54,normal,common,3,105118,043c25d5-13ee-4cab-98d5-fb89db9cf6e3,1.16,false,false,near_mint,en,USD,2025-04-04T19:44:58.586Z
Library,binder,Bearer of Glory,TDM,Tarkir: Dragonstorm,4,normal,common,2,104365,d6d91e42-43db-428d-a4dd-ef9d40306314,0.2,false,false,near_mint,en,USD,2025-04-04T19:44:58.586Z
Library,binder,Sagu Wildling // Roost Seek,TDM,Tarkir: Dragonstorm,157,normal,common,2,104994,d8b43b00-f4d1-436c-bf3f-6d414cd4ce38,0.32,false,false,near_mint,en,USD,2025-04-04T19:44:58.586Z
Library,binder,Alesha's Legacy,TDM,Tarkir: Dragonstorm,72,normal,common,4,104875,a9262bf6-df6a-446c-ba70-18270a09842d,0.31,false,false,near_mint,en,USD,2025-04-04T19:44:58.586Z
Library,binder,Yathan Tombguard,TDM,Tarkir: Dragonstorm,100,normal,uncommon,2,104330,9e65d487-705a-4c3b-9bb6-69351e5dae81,0.27,false,false,near_mint,en,USD,2025-04-04T19:44:58.586Z
Library,binder,Stormplain Detainment,TDM,Tarkir: Dragonstorm,28,normal,common,2,104135,39f3aab5-7b54-4b55-8114-c6f9f79c255d,0.35,false,false,near_mint,en,USD,2025-04-04T19:44:58.586Z
Library,binder,Boulderborn Dragon,TDM,Tarkir: Dragonstorm,239,normal,common,3,104292,50c6e815-bfe7-4599-9227-d36504a3640f,0.4,false,false,near_mint,en,USD,2025-04-04T19:44:58.586Z
Library,binder,Ringing Strike Mastery,TDM,Tarkir: Dragonstorm,53,normal,common,3,104399,ff4fc7ec-05f5-479a-8fbb-31e12a67b57e,0.32,false,false,near_mint,en,USD,2025-04-04T19:44:58.586Z
Library,binder,Humbling Elder,TDM,Tarkir: Dragonstorm,48,normal,common,3,104562,3a84c3f8-0030-4653-880e-b2d19272f5fa,0.28,false,false,near_mint,en,USD,2025-04-04T19:44:58.586Z
Library,binder,Agent of Kotis,TDM,Tarkir: Dragonstorm,36,normal,common,4,104318,812d0462-0158-467f-951d-a7a121188a10,0.22,false,false,near_mint,en,USD,2025-04-04T19:44:58.586Z
Library,binder,Feral Deathgorger // Dusk Sight,TDM,Tarkir: Dragonstorm,80,normal,common,4,104845,a147b94f-dfcf-44ce-8a73-b2fe6c4efc0e,0.36,false,false,near_mint,en,USD,2025-04-04T19:44:58.586Z
Library,binder,Champion of Dusan,TDM,Tarkir: Dragonstorm,137,normal,common,4,105164,c51dcdab-38ee-4804-8859-09adc353c182,0.34,false,false,near_mint,en,USD,2025-04-04T19:44:58.586Z
Library,binder,Auroral Procession,TDM,Tarkir: Dragonstorm,169,normal,uncommon,2,104701,672f94ad-65d6-4c7d-925d-165ef264626f,0.42,false,false,near_mint,en,USD,2025-04-04T19:44:58.586Z
Library,binder,Snowmelt Stag,TDM,Tarkir: Dragonstorm,57,normal,common,2,104869,a6b3b131-704a-4586-84f8-db465cd4a277,0.33,false,false,near_mint,en,USD,2025-04-04T19:44:58.586Z
Library,binder,Stormshriek Feral // Flush Out,TDM,Tarkir: Dragonstorm,124,normal,common,3,104447,0ec92c44-7cf0-48a5-a3ca-bc633496d887,0.32,false,false,near_mint,en,USD,2025-04-04T19:44:58.586Z
Library,binder,Caustic Exhale,TDM,Tarkir: Dragonstorm,74,normal,common,4,104284,488152ce-2048-4ccb-b2d6-b9628958286f,0.26,false,false,near_mint,en,USD,2025-04-04T19:44:58.586Z
Library,binder,Unending Whisper,TDM,Tarkir: Dragonstorm,62,normal,common,4,105070,fc48180a-ccac-469f-938d-c050821d0160,0.26,false,false,near_mint,en,USD,2025-04-04T19:44:58.586Z
Library,binder,Evolving Wilds,TDM,Tarkir: Dragonstorm,255,normal,common,2,104685,62209251-4118-4843-895b-46afb7284c75,0.41,false,false,near_mint,en,USD,2025-04-04T19:44:58.586Z
Library,binder,Ainok Wayfarer,TDM,Tarkir: Dragonstorm,134,normal,common,3,105133,57695a9b-8f72-4ccc-a946-5d5037b09b8f,0.46,false,false,near_mint,en,USD,2025-04-04T19:44:58.586Z
Library,binder,Jade-Cast Sentinel,TDM,Tarkir: Dragonstorm,243,normal,common,4,104293,516ce5fa-bd00-429b-ba22-b38c7dd9306c,0.27,false,false,near_mint,en,USD,2025-04-04T19:44:58.586Z
Library,binder,Nightblade Brigade,TDM,Tarkir: Dragonstorm,85,normal,common,3,105134,648debd9-d4cf-4788-8882-f1601a3d87f5,0.32,false,false,near_mint,en,USD,2025-04-04T19:44:58.586Z
Library,binder,Thornwood Falls,TDM,Tarkir: Dragonstorm,269,normal,common,2,104376,ebb502c2-5fd0-46a9-b77d-010f4a942056,0.3,false,false,near_mint,en,USD,2025-04-04T19:44:58.586Z
Library,binder,Adorned Crocodile,TDM,Tarkir: Dragonstorm,69,normal,common,3,105159,bb13a34b-6ac8-47cb-9e91-47106a585fc1,0.32,false,false,near_mint,en,USD,2025-04-04T19:44:58.586Z
Library,binder,Underfoot Underdogs,TDM,Tarkir: Dragonstorm,129,normal,common,3,104431,049acc79-1d68-410f-a081-88a7d40e823a,0.33,false,false,near_mint,en,USD,2025-04-04T19:44:58.586Z
Library,binder,Tempest Hawk,TDM,Tarkir: Dragonstorm,31,normal,common,2,104587,422f9453-ab12-4e3c-8c51-be87391395a1,2.49,false,false,near_mint,en,USD,2025-04-04T19:44:58.586Z
Library,binder,Temur Devotee,TDM,Tarkir: Dragonstorm,61,normal,common,2,104333,a2ef698e-5466-43bd-985d-020f2e5d8205,0.3,false,false,near_mint,en,USD,2025-04-04T19:44:58.586Z
Library,binder,Molten Exhale,TDM,Tarkir: Dragonstorm,113,normal,common,4,104440,0ab95aab-a4bf-4131-83a0-2c138b6f20c3,0.23,false,false,near_mint,en,USD,2025-04-04T19:44:58.586Z
Library,binder,Lightfoot Technique,TDM,Tarkir: Dragonstorm,14,normal,common,4,104910,baac1a41-d44d-4184-9147-b4233e73de65,0.28,false,false,near_mint,en,USD,2025-04-04T19:44:58.586Z
Library,binder,Scoured Barrens,TDM,Tarkir: Dragonstorm,267,normal,common,2,104346,b4b47b80-69ed-44b0-afa0-ca90206dc16d,0.36,false,false,near_mint,en,USD,2025-04-04T19:44:58.586Z
Library,binder,Gurmag Nightwatch,TDM,Tarkir: Dragonstorm,190,normal,common,4,104369,de731430-6bbf-4782-953e-b69c46353959,0.24,false,false,near_mint,en,USD,2025-04-04T19:44:58.586Z
Library,binder,Seize Opportunity,TDM,Tarkir: Dragonstorm,119,normal,common,3,104391,f7818d28-b9a5-4341-9adc-666070b8878d,0.41,false,false,near_mint,en,USD,2025-04-04T19:44:58.586Z
Library,binder,Shock Brigade,TDM,Tarkir: Dragonstorm,120,normal,common,4,104700,66940466-8e9d-4a85-bfb0-e92189b7a121,0.29,false,false,near_mint,en,USD,2025-04-04T19:44:58.586Z
Library,binder,Dragonback Lancer,TDM,Tarkir: Dragonstorm,9,normal,common,3,104235,0200a8c5-3293-48d0-a523-ba148680f588,0.31,false,false,near_mint,en,USD,2025-04-04T19:44:58.586Z
Library,binder,Krotiq Nestguard,TDM,Tarkir: Dragonstorm,148,normal,common,4,104862,a5d0a9fb-1068-478d-a78c-6fd77cc313f0,0.22,false,false,near_mint,en,USD,2025-04-04T19:44:58.586Z
Library,binder,Sagu Pummeler,TDM,Tarkir: Dragonstorm,156,normal,common,3,105169,def9cb5b-4062-481e-b682-3a30443c2e56,0.22,false,false,near_mint,en,USD,2025-04-04T19:44:58.586Z
Library,binder,Rainveil Rejuvenator,TDM,Tarkir: Dragonstorm,152,normal,uncommon,2,105148,9bc5c316-6a41-48ba-864b-da3030dd3e0e,0.39,false,false,near_mint,en,USD,2025-04-04T19:44:58.586Z
Library,binder,Bone-Cairn Butcher,TDM,Tarkir: Dragonstorm,173,normal,uncommon,2,104748,78bf36bc-6702-4c5d-b52d-ab7217cc8787,0.24,false,false,near_mint,en,USD,2025-04-04T19:44:58.586Z
Library,binder,Snakeskin Veil,TDM,Tarkir: Dragonstorm,159,normal,common,3,104856,a3d2c692-7566-468e-9c86-47a9f768fde2,0.31,false,false,near_mint,en,USD,2025-04-04T19:44:58.586Z
Library,binder,Wind-Scarred Crag,TDM,Tarkir: Dragonstorm,271,normal,common,2,104286,4912e4d0-b16a-4aa6-a583-3430d26bd591,0.3,false,false,near_mint,en,USD,2025-04-04T19:44:58.586Z
Library,binder,Cruel Truths,TDM,Tarkir: Dragonstorm,76,normal,common,2,104308,6852b4d5-74e0-44ba-ba44-20aa91e3c4c8,0.35,false,false,near_mint,en,USD,2025-04-04T19:44:58.586Z
Library,binder,Highspire Bell-Ringer,TDM,Tarkir: Dragonstorm,47,normal,common,4,105020,e75dccf7-2894-4c4a-b516-3eee73acddd3,0.23,false,false,near_mint,en,USD,2025-04-04T19:44:58.586Z
Library,binder,Sonic Shrieker,TDM,Tarkir: Dragonstorm,226,normal,uncommon,2,104757,7c231437-8bec-42e0-9175-af74c752b119,0.31,false,false,near_mint,en,USD,2025-04-04T19:44:58.586Z
Library,binder,Dragonstorm Globe,TDM,Tarkir: Dragonstorm,241,normal,common,5,104767,7f50aa6e-ce6a-4479-9725-202926245f2c,0.33,false,false,near_mint,en,USD,2025-04-04T19:44:58.586Z
Library,binder,Delta Bloodflies,TDM,Tarkir: Dragonstorm,77,normal,common,2,104457,119bb72d-aed9-47dc-9285-7bc836cc3776,0.61,false,false,near_mint,en,USD,2025-04-04T19:44:58.586Z
Library,binder,Kin-Tree Nurturer,TDM,Tarkir: Dragonstorm,83,normal,common,3,105124,2177ef64-28bf-4acf-b1f1-c1408f03c411,0.26,false,false,near_mint,en,USD,2025-04-04T19:44:58.586Z
Library,binder,Rally the Monastery,TDM,Tarkir: Dragonstorm,19,normal,uncommon,2,104136,b56e0037-8143-4c13-83e1-0c3f44e685ea,0.25,false,false,near_mint,en,USD,2025-04-04T19:44:58.586Z
Library,binder,Reputable Merchant,TDM,Tarkir: Dragonstorm,217,normal,common,2,105157,b7d0591e-7fb7-40ea-ba2a-cfe544d40216,0.28,false,false,near_mint,en,USD,2025-04-04T19:44:58.586Z
Library,binder,Osseous Exhale,TDM,Tarkir: Dragonstorm,17,normal,common,5,104493,2300da2f-2297-4c2f-90c1-11ce2b42d91f,0.23,false,false,near_mint,en,USD,2025-04-04T19:44:58.586Z
Library,binder,Dirgur Island Dragon // Skimming Strike,TDM,Tarkir: Dragonstorm,40,normal,common,3,104342,b1d21a9a-6b0c-4fbc-a427-81be885d326b,0.31,false,false,near_mint,en,USD,2025-04-04T19:44:58.586Z
Library,binder,Essence Anchor,TDM,Tarkir: Dragonstorm,44,normal,uncommon,2,105026,e91c4509-918e-44ba-aa13-1991199fee9f,0.46,false,false,near_mint,en,USD,2025-04-04T19:44:58.586Z
Library,binder,Roamer's Routine,TDM,Tarkir: Dragonstorm,154,normal,common,3,104396,fb8c2d5c-ba0c-4d50-8898-5c6574b1e974,0.32,false,false,near_mint,en,USD,2025-04-04T19:44:58.586Z
Library,binder,Rugged Highlands,TDM,Tarkir: Dragonstorm,265,normal,common,4,104267,31261eca-28ad-407c-84ef-0c124d0d7451,0.28,false,false,near_mint,en,USD,2025-04-04T19:44:58.586Z
Library,binder,Heritage Reclamation,TDM,Tarkir: Dragonstorm,145,normal,common,2,104636,4f8fee37-a050-4329-8b10-46d150e7a95e,0.38,false,false,near_mint,en,USD,2025-04-04T19:44:58.586Z
Library,binder,Narset's Rebuke,TDM,Tarkir: Dragonstorm,114,normal,common,2,104640,5098bd73-d51c-4db4-bf06-fd4854089d37,0.29,false,false,near_mint,en,USD,2025-04-04T19:44:58.586Z
Library,binder,Temur Tawnyback,TDM,Tarkir: Dragonstorm,229,normal,common,3,104566,3cdb383f-bc04-46d1-aa3a-7459d57f1fec,0.24,false,false,near_mint,en,USD,2025-04-04T19:44:58.586Z
Library,binder,Sandskitter Outrider,TDM,Tarkir: Dragonstorm,89,normal,common,2,105122,1c4bfebe-f10f-44bd-9368-33e273ba5a55,0.32,false,false,near_mint,en,USD,2025-04-04T19:44:58.586Z
Library,binder,Summit Intimidator,TDM,Tarkir: Dragonstorm,125,normal,common,2,104373,e3cba0b1-7c22-4e51-b9cf-5bf01e67a222,0.33,false,false,near_mint,en,USD,2025-04-04T19:44:58.586Z
Library,binder,Devoted Duelist,TDM,Tarkir: Dragonstorm,104,normal,common,2,104354,bbf9c673-37b4-48ed-a9ea-13f8e3e6c47b,0.37,false,false,near_mint,en,USD,2025-04-04T19:44:58.586Z
Library,binder,Bloodfell Caves,TDM,Tarkir: Dragonstorm,250,normal,common,2,104250,1dde3c68-6f29-4c00-b668-c25ac9e3e13b,0.31,false,false,near_mint,en,USD,2025-04-04T19:44:58.586Z
Library,binder,Watcher of the Wayside,TDM,Tarkir: Dragonstorm,249,normal,common,3,104262,2dcafdac-a293-4adc-a540-3b3f469cf6f3,0.32,false,false,near_mint,en,USD,2025-04-04T19:44:58.586Z
Library,binder,Veteran Ice Climber,TDM,Tarkir: Dragonstorm,64,normal,uncommon,3,105162,bcccfd7b-2846-4552-a89a-2b868bc9ab20,0.29,false,false,near_mint,en,USD,2025-04-04T19:44:58.586Z
Library,binder,Rescue Leopard,TDM,Tarkir: Dragonstorm,116,normal,common,3,105119,056136a8-84be-477c-b654-63238fb8236e,0.45,false,false,near_mint,en,USD,2025-04-04T19:44:58.586Z
Library,binder,Tranquil Cove,TDM,Tarkir: Dragonstorm,270,normal,common,3,104249,1c4efa6c-4f29-41cd-a728-bf0e479ace05,0.27,false,false,near_mint,en,USD,2025-04-04T19:44:58.586Z
Library,binder,Arashin Sunshield,TDM,Tarkir: Dragonstorm,3,normal,common,3,105168,dd7102d8-90b3-45a1-b66d-dcca469b1fb6,0.2,false,false,near_mint,en,USD,2025-04-04T19:44:58.586Z
Library,binder,Poised Practitioner,TDM,Tarkir: Dragonstorm,18,normal,common,3,105160,bb25366d-a647-4c5e-bcc7-7e54659aacbd,0.32,false,false,near_mint,en,USD,2025-04-04T19:44:58.586Z
Library,binder,Aggressive Negotiations,TDM,Tarkir: Dragonstorm,70,normal,common,2,105146,993ade84-031f-4a3e-bd68-55f61b559248,0.3,false,false,near_mint,en,USD,2025-04-04T19:44:58.586Z
Library,binder,Equilibrium Adept,TDM,Tarkir: Dragonstorm,106,normal,uncommon,2,104335,a4ba6d74-c6be-4a5e-8859-b791bb6b8f51,0.25,false,false,near_mint,en,USD,2025-04-04T19:44:58.586Z
Library,binder,Salt Road Packbeast,TDM,Tarkir: Dragonstorm,23,normal,common,2,104327,98d548c9-42bc-4155-8211-0aea801c3724,0.3,false,false,near_mint,en,USD,2025-04-04T19:44:58.586Z
Library,binder,Corroding Dragonstorm,TDM,Tarkir: Dragonstorm,75,normal,uncommon,2,104372,e2a2d395-26d6-4eb2-9e8c-ed7dbbd3a8f5,0.28,false,false,near_mint,en,USD,2025-04-04T19:44:58.586Z
Library,binder,Wild Ride,TDM,Tarkir: Dragonstorm,132,normal,common,2,105154,abc8c6f5-6135-428e-8476-1751f82623f9,0.37,false,false,near_mint,en,USD,2025-04-04T19:44:58.586Z
Library,binder,Sibsig Appraiser,TDM,Tarkir: Dragonstorm,56,normal,common,2,105135,670c5b96-bac6-449b-a2bd-cb43750d3911,0.35,false,false,near_mint,en,USD,2025-04-04T19:44:58.586Z
Library,binder,Unburied Earthcarver,TDM,Tarkir: Dragonstorm,95,normal,common,2,105126,3ab5e71e-dc8d-4ed8-bcef-6497177c4a9d,0.45,false,false,near_mint,en,USD,2025-04-04T19:44:58.586Z
Library,binder,Iceridge Serpent,TDM,Tarkir: Dragonstorm,49,normal,common,2,105167,d13f117b-b8e4-48db-8ce9-5da9c7ce23a5,0.33,false,false,near_mint,en,USD,2025-04-04T19:44:58.586Z
Library,binder,Piercing Exhale,TDM,Tarkir: Dragonstorm,151,normal,common,2,104891,b2a0deb9-5bc3-42d5-9e1e-5f463d176aef,0.36,false,false,near_mint,en,USD,2025-04-04T19:44:58.586Z
Library,binder,Rite of Renewal,TDM,Tarkir: Dragonstorm,153,normal,uncommon,2,104390,f737698a-d934-4851-b238-828959ef4835,0.33,false,false,near_mint,en,USD,2025-04-04T19:44:58.586Z
Library,binder,Worthy Cost,TDM,Tarkir: Dragonstorm,99,normal,common,3,104883,adc18edc-01d8-4a7e-a87b-a854e50aa75e,0.44,false,false,near_mint,en,USD,2025-04-04T19:44:58.586Z
Library,binder,Meticulous Artisan,TDM,Tarkir: Dragonstorm,112,normal,common,2,104912,baf4c9dd-0546-41ac-a7ba-0bc312fef31e,0.29,false,false,near_mint,en,USD,2025-04-04T19:44:58.586Z
Library,binder,Sultai Devotee,TDM,Tarkir: Dragonstorm,160,normal,common,2,104358,c32487e9-f3ac-472e-b6ea-81bd9254770c,0.43,false,false,near_mint,en,USD,2025-04-04T19:44:58.586Z
Library,binder,Sunpearl Kirin,TDM,Tarkir: Dragonstorm,29,normal,uncommon,3,104470,18292b9c-0f42-4ce2-8b85-35d06cf45a63,0.29,false,false,near_mint,en,USD,2025-04-04T19:44:58.586Z
Library,binder,Jeskai Devotee,TDM,Tarkir: Dragonstorm,110,normal,common,3,104257,27f31f9c-7149-4608-9b18-b3530a2efd4a,0.3,false,false,near_mint,en,USD,2025-04-04T19:44:58.586Z
Library,binder,Embermouth Sentinel,TDM,Tarkir: Dragonstorm,242,normal,common,2,104606,485f75d5-da5b-4605-885a-561ccd999cc6,0.36,false,false,near_mint,en,USD,2025-04-04T19:44:58.586Z
Library,binder,Dalkovan Packbeasts,TDM,Tarkir: Dragonstorm,7,normal,uncommon,2,104631,4df7b253-6107-47d6-b650-cb4d3e0aec6b,0.35,false,false,near_mint,en,USD,2025-04-04T19:44:58.586Z
Library,binder,Sarkhan's Resolve,TDM,Tarkir: Dragonstorm,158,normal,common,3,104952,cae56fef-b661-4bc5-b9a1-3871ae06e491,0.29,false,false,near_mint,en,USD,2025-04-04T19:44:58.586Z
Library,binder,Blossoming Sands,TDM,Tarkir: Dragonstorm,251,normal,common,3,104239,0a9df994-e0f4-4919-af99-4f643eb9199c,0.32,false,false,near_mint,en,USD,2025-04-04T19:44:58.586Z
Library,binder,Coordinated Maneuver,TDM,Tarkir: Dragonstorm,6,normal,common,2,104941,c6569487-53c5-4b91-877d-e4e31bfa90c0,0.3,false,false,near_mint,en,USD,2025-04-04T19:44:58.586Z
Library,binder,Dispelling Exhale,TDM,Tarkir: Dragonstorm,41,normal,common,2,104477,1c9af3f1-711e-42ae-803a-1100eba3fb13,0.38,false,false,near_mint,en,USD,2025-04-04T19:44:58.586Z
Library,binder,Dusyut Earthcarver,TDM,Tarkir: Dragonstorm,141,normal,common,3,104352,b98ecc96-f557-479a-8685-2b5487d5b407,,false,false,near_mint,en,USD,2025-04-04T19:44:58.586Z
Library,binder,Luminous Rebuke,FDN,Foundations,20,normal,common,4,101529,621839e1-2756-4cdc-a25c-5f76ea98dd87,0.28,false,false,near_mint,en,USD,2024-11-13T02:21:01.626Z
Library,binder,Fiery Annihilation,FDN,Foundations,86,normal,uncommon,2,100523,54fe00aa-d284-48f9-b5a2-1bd4c5fa8e58,0.35,false,false,near_mint,en,USD,2024-11-13T03:59:42.854Z
Library,binder,Diviner of Mist,TDC,Tarkir: Dragonstorm Commander,20,normal,rare,1,104930,c2880977-4e68-4f04-9218-e6ade72238f6,2.61,false,false,near_mint,en,USD,2025-04-05T20:49:53.792Z
Library,binder,Dragonologist,TDM,Tarkir: Dragonstorm,295,normal,rare,1,104821,97e8d7d3-7e80-4742-9951-eb6679a0aa66,0.76,false,false,near_mint,en,USD,2025-04-05T20:49:53.792Z
Library,binder,Marang River Regent // Coil and Catch,TDM,Tarkir: Dragonstorm,378,normal,rare,2,104282,484b5580-b179-4dce-8bdf-d714eb4635e5,1.28,false,false,near_mint,en,USD,2025-04-05T20:49:53.792Z
Library,binder,Dragonfire Blade,TDM,Tarkir: Dragonstorm,324,foil,rare,1,104597,45f039ce-cbfd-46d7-a575-5e6c049f83ff,6.92,false,false,near_mint,en,USD,2025-04-05T20:49:53.792Z
Library,binder,Swamp,TDM,Tarkir: Dragonstorm,289,normal,common,1,104297,57da24a0-89a7-4756-b4ca-4dea132e8f67,5.72,false,false,near_mint,en,USD,2025-04-05T20:49:53.792Z
Library,binder,Breaching Dragonstorm,TDM,Tarkir: Dragonstorm,299,foil,uncommon,2,104713,6bbfdf32-8b21-4f7a-aa30-42d5362ee352,0.74,false,false,near_mint,en,USD,2025-04-05T20:49:53.792Z
Library,binder,Stormshriek Feral // Flush Out,TDM,Tarkir: Dragonstorm,304,normal,common,2,104535,322e4880-f3f0-44d8-8f95-48b496af0e81,0.17,false,false,near_mint,en,USD,2025-04-05T20:49:53.792Z
Library,binder,Effortless Master,TDM,Tarkir: Dragonstorm,181,foil,uncommon,1,104441,0ae03ca5-cd4b-42b7-8cd5-3f7e753b4147,0.21,false,false,near_mint,en,USD,2025-04-05T20:49:53.792Z
Library,binder,Wingblade Disciple,TDM,Tarkir: Dragonstorm,65,foil,uncommon,1,105138,71de7dca-0231-4407-86a0-c7fc95f5aaa0,0.44,false,false,near_mint,en,USD,2025-04-05T20:49:53.792Z
Library,binder,Channeled Dragonfire,TDM,Tarkir: Dragonstorm,102,foil,uncommon,1,104499,24204881-690c-4043-8771-20cb93385072,0.2,false,false,near_mint,en,USD,2025-04-05T20:49:53.792Z
Library,binder,Shock Brigade,TDM,Tarkir: Dragonstorm,120,foil,common,2,104700,66940466-8e9d-4a85-bfb0-e92189b7a121,0.32,false,false,near_mint,en,USD,2025-04-05T20:49:53.792Z
Library,binder,Dismal Backwater,TDM,Tarkir: Dragonstorm,254,foil,common,1,104238,082b52c9-c46e-44d3-b723-546ba528e07b,0.15,false,false,near_mint,en,USD,2025-04-05T20:49:53.792Z
Library,binder,Humbling Elder,TDM,Tarkir: Dragonstorm,48,foil,common,1,104562,3a84c3f8-0030-4653-880e-b2d19272f5fa,0.27,false,false,near_mint,en,USD,2025-04-05T20:49:53.792Z
Library,binder,Alesha's Legacy,TDM,Tarkir: Dragonstorm,72,foil,common,1,104875,a9262bf6-df6a-446c-ba70-18270a09842d,0.26,false,false,near_mint,en,USD,2025-04-05T20:49:53.792Z
Library,binder,Bloomvine Regent // Claim Territory,TDM,Tarkir: Dragonstorm,381,normal,rare,1,104237,081f2de5-251a-41c9-a62f-11487f54d355,1.05,false,false,near_mint,en,USD,2025-04-05T20:49:53.792Z
Library,binder,"Kotis, the Fangkeeper",TDM,Tarkir: Dragonstorm,362,normal,rare,1,104388,f70098f2-e5a8-4056-b5b3-1229fc290c51,0.82,false,false,near_mint,en,USD,2025-04-05T20:49:53.792Z
Library,binder,"Eshki, Temur's Roar",TDC,Tarkir: Dragonstorm Commander,3,normal,mythic,1,104400,ff9aa863-8773-452d-946c-ae334c632e11,12.28,false,false,near_mint,en,USD,2025-04-05T20:49:53.792Z
Library,binder,Frostcliff Siege,TDM,Tarkir: Dragonstorm,187,foil,rare,2,104338,a750aabb-9788-494a-841f-bf75717970a7,0.85,false,false,near_mint,en,USD,2025-04-05T20:49:53.792Z
Library,binder,Island,TDM,Tarkir: Dragonstorm,288,normal,common,1,104343,b300be80-6618-4284-b5c3-95c1ab373e6f,4.93,false,false,near_mint,en,USD,2025-04-05T20:49:53.792Z
Library,binder,Roiling Dragonstorm,TDM,Tarkir: Dragonstorm,296,normal,uncommon,1,104273,3c725add-1cca-4003-8f37-c68f8f8fcc33,0.43,false,false,near_mint,en,USD,2025-04-05T20:49:53.792Z
Library,binder,Kishla Skimmer,TDM,Tarkir: Dragonstorm,201,foil,uncommon,1,104899,b5f1acb0-d73e-4814-8158-3645daf5c4cc,0.54,false,false,near_mint,en,USD,2025-04-05T20:49:53.792Z
Library,binder,Formation Breaker,TDM,Tarkir: Dragonstorm,143,foil,uncommon,2,105136,67ab8e8f-3ef6-4339-8c66-68c5aca4867a,0.18,false,false,near_mint,en,USD,2025-04-05T20:49:53.792Z
Library,binder,Kishla Trawlers,TDM,Tarkir: Dragonstorm,50,foil,uncommon,2,104472,190fbc55-e8e9-4077-9532-1de7406baabf,0.21,false,false,near_mint,en,USD,2025-04-05T20:49:53.792Z
Library,binder,Roamer's Routine,TDM,Tarkir: Dragonstorm,154,foil,common,2,104396,fb8c2d5c-ba0c-4d50-8898-5c6574b1e974,0.29,false,false,near_mint,en,USD,2025-04-05T20:49:53.792Z
Library,binder,Undergrowth Leopard,TDM,Tarkir: Dragonstorm,165,foil,common,1,104307,67ab8f9a-b17c-452f-b4ef-a3f91909e3de,0.38,false,false,near_mint,en,USD,2025-04-05T20:49:53.792Z
Library,binder,Lightfoot Technique,TDM,Tarkir: Dragonstorm,14,foil,common,1,104910,baac1a41-d44d-4184-9147-b4233e73de65,0.21,false,false,near_mint,en,USD,2025-04-05T20:49:53.792Z
Library,binder,Rugged Highlands,TDM,Tarkir: Dragonstorm,265,foil,common,1,104267,31261eca-28ad-407c-84ef-0c124d0d7451,0.16,false,false,near_mint,en,USD,2025-04-05T20:49:53.792Z
Library,binder,Stillness in Motion,TDM,Tarkir: Dragonstorm,334,foil,rare,1,104726,70ae35fd-5fb6-440a-9e82-13998b928ee3,5.79,false,false,near_mint,en,USD,2025-04-05T20:49:53.792Z
Library,binder,"Surrak, Elusive Hunter",TDM,Tarkir: Dragonstorm,350,normal,rare,1,105003,dc80d937-a166-42e7-a7b3-56150e11d27e,0.84,false,false,near_mint,en,USD,2025-04-05T20:49:53.792Z
Library,binder,Ambling Stormshell,TDM,Tarkir: Dragonstorm,332,normal,rare,1,105140,7c67235e-13d3-40ba-9cb7-03c1db6d455e,1.08,false,false,near_mint,en,USD,2025-04-05T20:49:53.792Z
Library,binder,Aligned Heart,TDC,Tarkir: Dragonstorm Commander,12,normal,rare,2,104848,a235cbda-3dc3-4aed-a911-90f26c330157,2.66,false,false,near_mint,en,USD,2025-04-05T20:49:53.792Z
Library,binder,The Sibsig Ceremony,TDM,Tarkir: Dragonstorm,91,foil,rare,1,104666,5a9f2a62-1c61-4d2e-86d9-18cd84c31748,3.71,false,false,near_mint,en,USD,2025-04-05T20:49:53.792Z
Library,binder,Sonic Shrieker,TDM,Tarkir: Dragonstorm,318,normal,uncommon,3,104600,46a8ee3f-cee5-4971-9112-393f639a210e,0.19,false,false,near_mint,en,USD,2025-04-05T20:49:53.792Z
Library,binder,Sonic Shrieker,TDM,Tarkir: Dragonstorm,226,foil,uncommon,2,104757,7c231437-8bec-42e0-9175-af74c752b119,0.2,false,false,near_mint,en,USD,2025-04-05T20:49:53.792Z
Library,binder,Cori Mountain Stalwart,TDM,Tarkir: Dragonstorm,175,foil,uncommon,2,104902,b6cbf54e-f30e-4e7b-b17c-217fa424971c,0.2,false,false,near_mint,en,USD,2025-04-05T20:49:53.792Z
Library,binder,Strategic Betrayal,TDM,Tarkir: Dragonstorm,94,foil,uncommon,1,105145,95617742-548d-464a-bb89-a858ffa9018f,0.81,false,false,near_mint,en,USD,2025-04-05T20:49:53.792Z
Library,binder,Underfoot Underdogs,TDM,Tarkir: Dragonstorm,129,foil,common,2,104431,049acc79-1d68-410f-a081-88a7d40e823a,0.31,false,false,near_mint,en,USD,2025-04-05T20:49:53.792Z
Library,binder,Trade Route Envoy,TDM,Tarkir: Dragonstorm,163,foil,common,2,105174,f0c89d95-d697-4cfa-9dfa-52d7adb96176,0.31,false,false,near_mint,en,USD,2025-04-05T20:49:53.792Z
Library,binder,Riling Dawnbreaker // Signaling Roar,TDM,Tarkir: Dragonstorm,21,foil,common,2,104532,312f7072-3bf8-449f-bfb7-93727ef26c66,0.4,false,false,near_mint,en,USD,2025-04-05T20:49:53.792Z
Library,binder,Marang River Regent // Coil and Catch,TDM,Tarkir: Dragonstorm,378,foil,rare,1,104282,484b5580-b179-4dce-8bdf-d714eb4635e5,2.48,false,false,near_mint,en,USD,2025-04-05T20:49:53.792Z
Library,binder,Rediscover the Way,TDM,Tarkir: Dragonstorm,388,normal,rare,1,104331,9f0797b4-7e06-4f64-95f3-3a7d694d601a,0.5,false,false,near_mint,en,USD,2025-04-05T20:49:53.792Z
Library,binder,United Battlefront,TDM,Tarkir: Dragonstorm,32,foil,rare,1,104370,dff398be-4ba4-4976-9acc-be99d2e07a61,0.99,false,false,near_mint,en,USD,2025-04-05T20:49:53.792Z
Library,binder,Feral Deathgorger // Dusk Sight,TDM,Tarkir: Dragonstorm,298,foil,common,2,104664,58c446e6-8ffb-45ed-aca2-95161ac88d5c,0.17,false,false,near_mint,en,USD,2025-04-05T20:49:53.792Z
Library,binder,Karakyk Guardian,TDM,Tarkir: Dragonstorm,312,normal,uncommon,1,105142,8b8a7d6a-c429-4b66-b5b0-953335c5108e,0.3,false,false,near_mint,en,USD,2025-04-05T20:49:53.792Z
Library,binder,Purging Stormbrood // Absorb Essence,TDM,Tarkir: Dragonstorm,213,foil,uncommon,1,104271,3988dc76-072c-4f43-849d-2e73c6f6ff58,0.24,false,false,near_mint,en,USD,2025-04-05T20:49:53.792Z
Library,binder,Iridescent Tiger,TDM,Tarkir: Dragonstorm,109,foil,uncommon,1,105170,e3abbc8b-2bf8-478e-a541-f8019d150054,0.41,false,false,near_mint,en,USD,2025-04-05T20:49:53.792Z
Library,binder,Boulderborn Dragon,TDM,Tarkir: Dragonstorm,239,foil,common,2,104292,50c6e815-bfe7-4599-9227-d36504a3640f,0.3,false,false,near_mint,en,USD,2025-04-05T20:49:53.792Z
Library,binder,Narset's Rebuke,TDM,Tarkir: Dragonstorm,114,foil,common,2,104640,5098bd73-d51c-4db4-bf06-fd4854089d37,0.11,false,false,near_mint,en,USD,2025-04-05T20:49:53.792Z
Library,binder,Nightblade Brigade,TDM,Tarkir: Dragonstorm,85,foil,common,2,105134,648debd9-d4cf-4788-8882-f1601a3d87f5,0.19,false,false,near_mint,en,USD,2025-04-05T20:49:53.792Z
Library,binder,Highspire Bell-Ringer,TDM,Tarkir: Dragonstorm,47,foil,common,2,105020,e75dccf7-2894-4c4a-b516-3eee73acddd3,0.23,false,false,near_mint,en,USD,2025-04-05T20:49:53.792Z
Library,binder,United Battlefront,TDM,Tarkir: Dragonstorm,330,normal,rare,1,104272,3c6d8e5c-4b3d-4c5c-89c5-a2746cd4b578,1.28,false,false,near_mint,en,USD,2025-04-05T20:49:53.792Z
Library,binder,Infantry Shield,TDC,Tarkir: Dragonstorm Commander,35,normal,rare,1,104549,37332798-462e-49d3-b197-72411ccf67e5,2.6,false,false,near_mint,en,USD,2025-04-05T20:49:53.792Z
Library,binder,Temur Battlecrier,TDM,Tarkir: Dragonstorm,228,foil,rare,2,104309,72184791-0767-4108-920c-763e92dae2d4,0.6,false,false,near_mint,en,USD,2025-04-05T20:49:53.792Z
Library,binder,Swamp,TDM,Tarkir: Dragonstorm,274,normal,common,1,104382,ef235170-8276-4ef0-bdfd-ba68d5b218ec,0.64,false,false,near_mint,en,USD,2025-04-05T20:49:53.792Z
Library,binder,Purging Stormbrood // Absorb Essence,TDM,Tarkir: Dragonstorm,315,foil,uncommon,1,104395,fb293f4f-9ba2-48f5-a4fb-d902aa531bfc,0.38,false,false,near_mint,en,USD,2025-04-05T20:49:53.792Z
Library,binder,Sagu Wildling // Roost Seek,TDM,Tarkir: Dragonstorm,306,normal,common,2,104903,b72ee8f9-5e79-4f77-ae7e-e4c274f78187,0.16,false,false,near_mint,en,USD,2025-04-05T20:49:53.792Z
Library,binder,Lie in Wait,TDM,Tarkir: Dragonstorm,203,foil,uncommon,1,104819,96fff22c-282b-4849-82ce-890013b53262,0.2,false,false,near_mint,en,USD,2025-04-05T20:49:53.792Z
Library,binder,Veteran Ice Climber,TDM,Tarkir: Dragonstorm,64,foil,uncommon,1,105162,bcccfd7b-2846-4552-a89a-2b868bc9ab20,0.29,false,false,near_mint,en,USD,2025-04-05T20:49:53.792Z
Library,binder,Breaching Dragonstorm,TDM,Tarkir: Dragonstorm,101,foil,uncommon,1,105013,e2c2a069-7553-4879-abfb-b2aa3349e4b8,0.2,false,false,near_mint,en,USD,2025-04-05T20:49:53.792Z
Library,binder,Sagu Pummeler,TDM,Tarkir: Dragonstorm,156,foil,common,2,105169,def9cb5b-4062-481e-b682-3a30443c2e56,0.14,false,false,near_mint,en,USD,2025-04-05T20:49:53.792Z
Library,binder,Mardu Devotee,TDM,Tarkir: Dragonstorm,16,foil,common,2,104366,da45e9b0-a4f6-413b-9e62-666c511eb5b0,0.17,false,false,near_mint,en,USD,2025-04-05T20:49:53.792Z
Library,binder,Adorned Crocodile,TDM,Tarkir: Dragonstorm,69,foil,common,2,105159,bb13a34b-6ac8-47cb-9e91-47106a585fc1,0.1,false,false,near_mint,en,USD,2025-04-05T20:49:53.792Z
Library,binder,Thunder of Unity,TDM,Tarkir: Dragonstorm,391,foil,rare,1,104679,5fd218be-b4c1-4dc7-9672-a16892f1b1e7,2.76,false,false,near_mint,en,USD,2025-04-05T20:49:53.792Z
Library,binder,Dalkovan Encampment,TDM,Tarkir: Dragonstorm,394,normal,rare,2,104670,5af006f6-135e-4ea0-8ce4-7824934e87da,0.93,false,false,near_mint,en,USD,2025-04-05T20:49:53.792Z
Library,binder,"Zurgo, Thunder's Decree",TDM,Tarkir: Dragonstorm,376,normal,rare,1,104993,d899dde2-68e6-4807-b0e9-3f4e28824822,0.91,false,false,near_mint,en,USD,2025-04-05T20:49:53.792Z
Library,binder,Ironwill Forger,TDC,Tarkir: Dragonstorm Commander,13,normal,rare,2,104648,53398f76-7c8a-4009-8f28-9ce586e2c7e4,4.45,false,false,near_mint,en,USD,2025-04-05T20:49:53.792Z
Library,binder,Tersa Lightshatter,TDM,Tarkir: Dragonstorm,127,foil,rare,2,104825,99e96b34-b1c4-4647-a38e-2cf1aedaaace,1.06,false,false,near_mint,en,USD,2025-04-05T20:49:53.792Z
Library,binder,Plains,TDM,Tarkir: Dragonstorm,287,normal,common,1,104275,3e8c67e5-587a-43b2-af47-bbad1f8b52e9,3.59,false,false,near_mint,en,USD,2025-04-05T20:49:53.792Z
Library,binder,Boulderborn Dragon,TDM,Tarkir: Dragonstorm,323,normal,common,2,104326,970e11f0-337a-46b5-9bff-4bcb7843ed3a,0.17,false,false,near_mint,en,USD,2025-04-05T20:49:53.792Z
Library,binder,Karakyk Guardian,TDM,Tarkir: Dragonstorm,198,foil,uncommon,1,104859,a4c77b08-c3f6-4458-8636-f226f9843b6d,0.3,false,false,near_mint,en,USD,2025-04-05T20:49:53.792Z
Library,binder,Alchemist's Assistant,TDM,Tarkir: Dragonstorm,71,foil,uncommon,2,105131,4d305609-64f8-4f3f-bf67-cd5257f0d01e,0.38,false,false,near_mint,en,USD,2025-04-05T20:49:53.792Z
Library,binder,Wild Ride,TDM,Tarkir: Dragonstorm,132,foil,common,2,105154,abc8c6f5-6135-428e-8476-1751f82623f9,0.27,false,false,near_mint,en,USD,2025-04-05T20:49:53.792Z
Library,binder,"Anafenza, Unyielding Lineage",TDM,Tarkir: Dragonstorm,327,foil,rare,1,104356,c0f31696-2307-4ec6-a568-c255a25b59b6,2.16,false,false,near_mint,en,USD,2025-04-05T20:49:53.792Z
Library,binder,Lotuslight Dancers,TDM,Tarkir: Dragonstorm,363,normal,rare,1,104751,79dc69dc-6245-43fc-95a2-85b2c2957182,0.38,false,false,near_mint,en,USD,2025-04-05T20:49:53.792Z
Library,binder,Will of the Mardu,TDC,Tarkir: Dragonstorm Commander,17,normal,rare,1,104508,26f6b519-20ff-4255-926d-5caee6c572d8,5.06,false,false,near_mint,en,USD,2025-04-05T20:49:53.792Z
Library,binder,Stadium Headliner,TDM,Tarkir: Dragonstorm,122,foil,rare,2,104552,37d4ab2a-a06a-4768-b5e1-e1def957d7f4,1.81,false,false,near_mint,en,USD,2025-04-05T20:49:53.792Z
Library,binder,Plains,TDM,Tarkir: Dragonstorm,272,foil,common,2,104240,0d0f1dd6-9564-4adc-af7d-f83252e8581a,0.39,false,false,near_mint,en,USD,2025-04-05T20:49:53.792Z
Library,binder,Rainveil Rejuvenator,TDM,Tarkir: Dragonstorm,152,foil,uncommon,2,105148,9bc5c316-6a41-48ba-864b-da3030dd3e0e,0.26,false,false,near_mint,en,USD,2025-04-05T20:49:53.792Z
Library,binder,Dalkovan Packbeasts,TDM,Tarkir: Dragonstorm,7,foil,uncommon,1,104631,4df7b253-6107-47d6-b650-cb4d3e0aec6b,0.24,false,false,near_mint,en,USD,2025-04-05T20:49:53.792Z
Library,binder,Gurmag Rakshasa,TDM,Tarkir: Dragonstorm,81,foil,uncommon,2,105173,f05ad909-8860-473b-9a30-a322f7670b32,0.23,false,false,near_mint,en,USD,2025-04-05T20:49:53.792Z
Library,binder,Summit Intimidator,TDM,Tarkir: Dragonstorm,125,foil,common,2,104373,e3cba0b1-7c22-4e51-b9cf-5bf01e67a222,0.11,false,false,near_mint,en,USD,2025-04-05T20:49:53.792Z
Library,binder,Heritage Reclamation,TDM,Tarkir: Dragonstorm,145,foil,common,2,104636,4f8fee37-a050-4329-8b10-46d150e7a95e,0.39,false,false,near_mint,en,USD,2025-04-05T20:49:53.792Z
Library,binder,Watcher of the Wayside,TDM,Tarkir: Dragonstorm,249,foil,common,2,104262,2dcafdac-a293-4adc-a540-3b3f469cf6f3,0.17,false,false,near_mint,en,USD,2025-04-05T20:49:53.792Z
Library,binder,Osseous Exhale,TDM,Tarkir: Dragonstorm,17,foil,common,2,104493,2300da2f-2297-4c2f-90c1-11ce2b42d91f,0.26,false,false,near_mint,en,USD,2025-04-05T20:49:53.792Z
Library,binder,Craterhoof Behemoth,TDM,Tarkir: Dragonstorm,404,foil,mythic,1,104242,0e172790-7ab4-4dea-9439-e3cedd3e5cab,54.47,false,false,near_mint,ja,USD,2025-04-05T20:49:53.792Z
Library,binder,Nature's Rhythm,TDM,Tarkir: Dragonstorm,349,normal,rare,1,104964,ce0ee309-b6c4-455d-8af6-48d8ac1426cb,4.74,false,false,near_mint,en,USD,2025-04-05T20:49:53.792Z
Library,binder,Canopy Gargantuan,TDC,Tarkir: Dragonstorm Commander,45,normal,rare,1,104783,87736547-7534-4f0a-86e0-be9b0428be1e,7.73,false,false,near_mint,en,USD,2025-04-05T20:49:53.792Z
Library,binder,Bloomvine Regent // Claim Territory,TDM,Tarkir: Dragonstorm,136,foil,rare,2,104244,10e0a9a3-f63a-4f92-a083-9d181580e498,0.66,false,false,near_mint,en,USD,2025-04-05T20:49:53.792Z
Library,binder,Corroding Dragonstorm,TDM,Tarkir: Dragonstorm,297,foil,uncommon,1,104339,a8f19964-b37b-4877-bdd5-c5c3022439ef,0.49,false,false,near_mint,en,USD,2025-04-05T20:49:53.792Z
Library,binder,Riverwheel Sweep,TDM,Tarkir: Dragonstorm,219,foil,uncommon,1,104706,686fe623-ee50-407d-87c9-664fb039f4d9,0.21,false,false,near_mint,en,USD,2025-04-05T20:49:53.792Z
Library,binder,Host of the Hereafter,TDM,Tarkir: Dragonstorm,193,foil,uncommon,2,104448,0f182957-8133-45a7-80a3-1944bead4d43,0.19,false,false,near_mint,en,USD,2025-04-05T20:49:53.792Z
Library,binder,Yathan Tombguard,TDM,Tarkir: Dragonstorm,100,foil,uncommon,2,104330,9e65d487-705a-4c3b-9bb6-69351e5dae81,0.29,false,false,near_mint,en,USD,2025-04-05T20:49:53.792Z
Library,binder,Jeskai Devotee,TDM,Tarkir: Dragonstorm,110,foil,common,1,104257,27f31f9c-7149-4608-9b18-b3530a2efd4a,0.14,false,false,near_mint,en,USD,2025-04-05T20:49:53.792Z
Library,binder,Riverwalk Technique,TDM,Tarkir: Dragonstorm,54,foil,common,1,105118,043c25d5-13ee-4cab-98d5-fb89db9cf6e3,0.14,false,false,near_mint,en,USD,2025-04-05T20:49:53.792Z
Library,binder,Sandskitter Outrider,TDM,Tarkir: Dragonstorm,89,foil,common,1,105122,1c4bfebe-f10f-44bd-9368-33e273ba5a55,0.3,false,false,near_mint,en,USD,2025-04-05T20:49:53.792Z
Library,binder,"Sarkhan, Dragon Ascendant",TDM,Tarkir: Dragonstorm,302,foil,rare,1,103994,57c03255-e3dc-44c2-982b-7efa188280df,4.39,false,false,near_mint,en,USD,2025-04-05T20:49:53.792Z
Library,binder,Fangkeeper's Familiar,TDM,Tarkir: Dragonstorm,357,normal,rare,1,104769,8178e63d-caa6-4088-aaef-367fb24638a4,0.78,false,false,near_mint,en,USD,2025-04-05T20:49:53.792Z
Library,binder,New Way Forward,TDM,Tarkir: Dragonstorm,367,normal,rare,1,104721,6ebc8ee7-3a1c-49f7-aa67-ff68c377e38c,0.52,false,false,near_mint,en,USD,2025-04-05T20:49:53.792Z
Library,binder,Colossal Grave-Reaver,TDC,Tarkir: Dragonstorm Commander,50,normal,rare,1,104758,7c3f7d76-528a-490a-852a-071adcd7bd55,12.69,false,false,near_mint,en,USD,2025-04-05T20:49:53.792Z
Library,binder,Severance Priest,TDM,Tarkir: Dragonstorm,222,foil,rare,2,104917,bc779a1b-128c-4c74-bebd-bdb687867f68,0.47,false,false,near_mint,en,USD,2025-04-05T20:49:53.792Z
Library,binder,Dirgur Island Dragon // Skimming Strike,TDM,Tarkir: Dragonstorm,294,foil,common,2,104392,f7def6d6-c80a-4597-8a3f-3855423bc960,0.29,false,false,near_mint,en,USD,2025-04-05T20:49:53.792Z
Library,binder,Skirmish Rhino,TDM,Tarkir: Dragonstorm,224,foil,uncommon,1,103992,4a2e9ba1-c254-41e3-9845-4e81f9fec38d,0.45,false,false,near_mint,en,USD,2025-04-05T20:49:53.792Z
Library,binder,Encroaching Dragonstorm,TDM,Tarkir: Dragonstorm,142,foil,uncommon,1,104630,4ddd4477-f8c9-4d05-9177-f8344ba8f40b,0.48,false,false,near_mint,en,USD,2025-04-05T20:49:53.792Z
Library,binder,Dragonstorm Forecaster,TDM,Tarkir: Dragonstorm,43,foil,uncommon,2,104740,75ec7a31-1893-493c-926b-dc3a8a770e72,0.17,false,false,near_mint,en,USD,2025-04-05T20:49:53.792Z
Library,binder,Temur Tawnyback,TDM,Tarkir: Dragonstorm,229,foil,common,2,104566,3cdb383f-bc04-46d1-aa3a-7459d57f1fec,0.17,false,false,near_mint,en,USD,2025-04-05T20:49:53.792Z
Library,binder,Dirgur Island Dragon // Skimming Strike,TDM,Tarkir: Dragonstorm,40,foil,common,1,104342,b1d21a9a-6b0c-4fbc-a427-81be885d326b,0.41,false,false,near_mint,en,USD,2025-04-05T20:49:53.792Z
Library,binder,"Zurgo, Thunder's Decree",TDM,Tarkir: Dragonstorm,376,foil,rare,1,104993,d899dde2-68e6-4807-b0e9-3f4e28824822,2.71,false,false,near_mint,en,USD,2025-04-05T20:49:53.792Z
Library,binder,Frostcliff Siege,TDM,Tarkir: Dragonstorm,385,normal,rare,1,104344,b32ab782-5f99-489c-895a-49c5c5ea249d,1.47,false,false,near_mint,en,USD,2025-04-05T20:49:53.792Z
Library,binder,"Kotis, Sibsig Champion",TDC,Tarkir: Dragonstorm Commander,5,normal,mythic,1,104353,b9ea2e9c-c1c7-4870-877a-023118909f56,4.93,false,false,near_mint,en,USD,2025-04-05T20:49:53.792Z
Library,binder,"Neriv, Heart of the Storm",TDM,Tarkir: Dragonstorm,210,foil,mythic,1,104347,b58112b0-a05c-4b98-b650-fd27ad97789f,12.76,false,false,near_mint,en,USD,2025-04-05T20:49:53.792Z
Library,binder,Boulderborn Dragon,TDM,Tarkir: Dragonstorm,323,foil,common,2,104326,970e11f0-337a-46b5-9bff-4bcb7843ed3a,0.27,false,false,near_mint,en,USD,2025-04-05T20:49:53.792Z
Library,binder,Encroaching Dragonstorm,TDM,Tarkir: Dragonstorm,305,normal,uncommon,1,104799,8d1e6797-f938-4161-a231-dac2da23b573,0.58,false,false,near_mint,en,USD,2025-04-05T20:49:53.792Z
Library,binder,Dragonclaw Strike,TDM,Tarkir: Dragonstorm,180,foil,uncommon,2,105161,bc7692ef-7091-4365-85a8-1edbd374f279,0.2,false,false,near_mint,en,USD,2025-04-05T20:49:53.792Z
Library,binder,Rally the Monastery,TDM,Tarkir: Dragonstorm,19,foil,uncommon,1,104136,b56e0037-8143-4c13-83e1-0c3f44e685ea,0.27,false,false,near_mint,en,USD,2025-04-05T20:49:53.792Z
Library,binder,Unrooted Ancestor,TDM,Tarkir: Dragonstorm,96,foil,uncommon,1,104689,6394b125-21a8-4439-9958-94b76684138e,0.27,false,false,near_mint,en,USD,2025-04-05T20:49:53.792Z
Library,binder,Monastery Messenger,TDM,Tarkir: Dragonstorm,208,foil,common,1,104443,0c9eeced-6464-41f0-bbea-05b3af4cc005,0.4,false,false,near_mint,en,USD,2025-04-05T20:49:53.792Z
Library,binder,Fire-Rim Form,TDM,Tarkir: Dragonstorm,107,foil,common,2,104537,32dc1bf4-a135-449f-848f-361a5360fae1,0.15,false,false,near_mint,en,USD,2025-04-05T20:49:53.792Z
Library,binder,Sibsig Appraiser,TDM,Tarkir: Dragonstorm,56,foil,common,1,105135,670c5b96-bac6-449b-a2bd-cb43750d3911,0.2,false,false,near_mint,en,USD,2025-04-05T20:49:53.792Z
Library,binder,Delta Bloodflies,TDM,Tarkir: Dragonstorm,77,foil,common,1,104457,119bb72d-aed9-47dc-9285-7bc836cc3776,0.34,false,false,near_mint,en,USD,2025-04-05T20:49:53.792Z
Library,binder,"Kotis, the Fangkeeper",TDM,Tarkir: Dragonstorm,362,foil,rare,1,104388,f70098f2-e5a8-4056-b5b3-1229fc290c51,4.31,false,false,near_mint,en,USD,2025-04-05T20:49:53.792Z
Library,binder,Glacierwood Siege,TDM,Tarkir: Dragonstorm,386,normal,rare,1,104699,6626cc5e-3a9f-4832-a88a-abf6466e2bae,2.15,false,false,near_mint,en,USD,2025-04-05T20:49:53.792Z
Library,binder,Lasyd Prowler,TDM,Tarkir: Dragonstorm,348,normal,rare,1,104506,2683ba05-13aa-44ca-8465-d9fa19ae610d,0.87,false,false,near_mint,en,USD,2025-04-05T20:49:53.792Z
Library,binder,Rampart Architect,TDC,Tarkir: Dragonstorm Commander,47,normal,rare,1,104490,20f533fc-51d0-49bd-afcc-81b8b3ff9749,2.04,false,false,near_mint,en,USD,2025-04-05T20:49:53.792Z
Library,binder,Mistrise Village,TDM,Tarkir: Dragonstorm,261,foil,rare,1,104982,d44bccbf-6fab-46e4-8ddb-6577e27ec6e8,12.35,false,false,near_mint,en,USD,2025-04-05T20:49:53.792Z
Library,binder,Runescale Stormbrood // Chilling Screech,TDM,Tarkir: Dragonstorm,316,foil,uncommon,1,104733,72e8f916-5a01-4918-bcb5-7fd69fe32785,0.38,false,false,near_mint,en,USD,2025-04-05T20:49:53.792Z
Library,binder,Feral Deathgorger // Dusk Sight,TDM,Tarkir: Dragonstorm,298,normal,common,2,104664,58c446e6-8ffb-45ed-aca2-95161ac88d5c,0.21,false,false,near_mint,en,USD,2025-04-05T20:49:53.792Z
Library,binder,Glacial Dragonhunt,TDM,Tarkir: Dragonstorm,188,foil,uncommon,1,104814,95994c88-e404-4a4f-8be6-b99d703d4609,0.38,false,false,near_mint,en,USD,2025-04-05T20:49:53.792Z
Library,binder,Temur Monument,TDM,Tarkir: Dragonstorm,248,foil,uncommon,2,104295,55e97b40-d898-4da5-8159-cca48eb298eb,0.18,false,false,near_mint,en,USD,2025-04-05T20:49:53.792Z
Library,binder,Snakeskin Veil,TDM,Tarkir: Dragonstorm,159,foil,common,1,104856,a3d2c692-7566-468e-9c86-47a9f768fde2,0.45,false,false,near_mint,en,USD,2025-04-05T20:49:53.792Z
Library,binder,Wind-Scarred Crag,TDM,Tarkir: Dragonstorm,271,foil,common,1,104286,4912e4d0-b16a-4aa6-a583-3430d26bd591,0.2,false,false,near_mint,en,USD,2025-04-05T20:49:53.792Z
Library,binder,Fortress Kin-Guard,TDM,Tarkir: Dragonstorm,12,foil,common,1,104900,b647a018-1d70-43a1-a265-928bcd863689,0.35,false,false,near_mint,en,USD,2025-04-05T20:49:53.792Z
Library,binder,Kin-Tree Nurturer,TDM,Tarkir: Dragonstorm,83,foil,common,1,105124,2177ef64-28bf-4acf-b1f1-c1408f03c411,0.14,false,false,near_mint,en,USD,2025-04-05T20:49:53.792Z
Library,binder,"Neriv, Heart of the Storm",TDM,Tarkir: Dragonstorm,366,normal,mythic,1,104389,f72f191b-81d5-4db4-ac42-c5482f15385d,8.44,false,false,near_mint,en,USD,2025-04-05T20:49:53.792Z
Library,binder,Warden of the Grove,TDM,Tarkir: Dragonstorm,351,normal,rare,1,104524,2e3d7969-5dcb-434d-8a8b-fb16da288bc4,1.22,false,false,near_mint,en,USD,2025-04-05T20:49:53.792Z
Library,binder,Become the Avalanche,TDC,Tarkir: Dragonstorm Commander,43,normal,rare,1,105053,f49b7b11-ce78-44c4-98c2-dc8e2332c667,0.9,false,false,near_mint,en,USD,2025-04-05T20:49:53.792Z
Library,binder,Mountain,TDM,Tarkir: Dragonstorm,290,foil,common,1,104336,a4db1b7a-93f2-40a5-b649-80a099ddeb62,9.7,false,false,near_mint,en,USD,2025-04-05T20:49:53.792Z
Library,binder,Sagu Wildling // Roost Seek,TDM,Tarkir: Dragonstorm,306,foil,common,2,104903,b72ee8f9-5e79-4f77-ae7e-e4c274f78187,0.25,false,false,near_mint,en,USD,2025-04-05T20:49:53.792Z
Library,binder,Dirgur Island Dragon // Skimming Strike,TDM,Tarkir: Dragonstorm,294,normal,common,2,104392,f7def6d6-c80a-4597-8a3f-3855423bc960,0.2,false,false,near_mint,en,USD,2025-04-05T20:49:53.792Z
Library,binder,Aegis Sculptor,TDM,Tarkir: Dragonstorm,35,foil,uncommon,1,104248,19c1417a-9719-46f6-8749-d92b93ce0529,0.21,false,false,near_mint,en,USD,2025-04-05T20:49:53.792Z
Library,binder,Sunset Strikemaster,TDM,Tarkir: Dragonstorm,126,foil,uncommon,1,104394,f8f1a2f2-526d-4b2c-985b-0acfdc21a2ee,1.28,false,false,near_mint,en,USD,2025-04-05T20:49:53.792Z
Library,binder,Ainok Wayfarer,TDM,Tarkir: Dragonstorm,134,foil,common,2,105133,57695a9b-8f72-4ccc-a946-5d5037b09b8f,0.22,false,false,near_mint,en,USD,2025-04-05T20:49:53.792Z
Library,binder,Bearer of Glory,TDM,Tarkir: Dragonstorm,4,foil,common,2,104365,d6d91e42-43db-428d-a4dd-ef9d40306314,0.15,false,false,near_mint,en,USD,2025-04-05T20:49:53.792Z
Library,binder,Ringing Strike Mastery,TDM,Tarkir: Dragonstorm,53,foil,common,2,104399,ff4fc7ec-05f5-479a-8fbb-31e12a67b57e,0.35,false,false,near_mint,en,USD,2025-04-05T20:49:53.792Z
Library,binder,Mountain,TDM,Tarkir: Dragonstorm,275,foil,common,4,104397,fe0865ba-47c0-40bc-b0c6-e1ea5ae08a98,0.57,false,false,near_mint,en,USD,2025-04-05T20:49:53.792Z
Library,binder,Island,TDM,Tarkir: Dragonstorm,273,foil,common,4,104276,4208e66c-8c98-4c48-ab07-8523c0b26ca4,0.65,false,false,near_mint,en,USD,2025-04-05T20:49:53.792Z
Library,binder,Riling Dawnbreaker // Signaling Roar,TDM,Tarkir: Dragonstorm,292,foil,common,4,104607,48b73810-3abd-4469-a6f0-993b6fedc315,0.19,false,false,near_mint,en,USD,2025-04-05T20:49:53.792Z
Library,binder,Soul Strings,PCY,Prophecy,78,normal,common,4,33602,e34f9d1b-a89a-439f-8aa9-b96a1bf892eb,0.09,false,false,near_mint,en,USD,2025-04-05T20:49:53.792Z
Library,binder,Gaea's Cradle,OLGC,Legacy Championship,2022A,normal,special,3,78991,af241147-ebf3-4ef6-b8b2-58298e34b6b9,,false,false,near_mint,en,USD,2025-04-05T20:49:53.792Z
Library,binder,Ornithopter of Paradise,CMM,Commander Masters,966,normal,common,2,84102,18bbdc6c-b6c9-4f89-8f0a-6266e53c1fb9,1.83,false,false,near_mint,en,USD,2024-05-07T07:31:06.925Z
Library,binder,Secluded Courtyard,FDN,Foundations,267,normal,uncommon,2,101161,d13373d2-139b-48c7-a8c9-828cefc4f150,0.72,false,false,near_mint,en,USD,2024-11-14T02:41:54.650Z
Library,binder,Sauron's Ransom,LTR,The Lord of the Rings: Tales of Middle-earth,225,normal,rare,1,83170,6b98850c-ad69-42da-b91a-8dc5e226c444,0.61,false,false,near_mint,en,USD,2024-04-16T20:37:25.604Z
Library,binder,"Gothmog, Morgul Lieutenant",LTR,The Lord of the Rings: Tales of Middle-earth,429,normal,uncommon,1,83055,4b9af0ce-db08-4ccf-a9f3-b7c1eea14423,0.1,false,false,near_mint,en,USD,2025-04-10T21:36:31.884Z
Library,binder,Dragonstorm Globe,TDM,Tarkir: Dragonstorm,241,foil,common,1,104767,7f50aa6e-ce6a-4479-9725-202926245f2c,0.17,false,false,near_mint,en,USD,2025-04-12T03:17:07.869Z
Library,binder,Mystic Monastery,TDM,Tarkir: Dragonstorm,262,foil,uncommon,1,104945,c7b8a01c-c400-47c7-8270-78902efe850e,0.23,false,false,near_mint,en,USD,2025-04-12T03:17:07.869Z
Library,binder,War Effort,TDM,Tarkir: Dragonstorm,131,foil,uncommon,1,105007,dd7f0413-c009-4c08-b877-9c1b776cbf26,0.18,false,false,near_mint,en,USD,2025-04-12T03:17:07.869Z
Library,binder,Zurgo Stormrender,TDC,Tarkir: Dragonstorm Commander,10,normal,mythic,1,104368,dc8eb325-75c9-4331-830d-3f7d62d77290,4.54,false,false,near_mint,en,USD,2025-04-12T03:17:07.869Z
Library,binder,Stadium Headliner,TDM,Tarkir: Dragonstorm,344,normal,rare,1,105039,ef7a1ddf-bf52-4d44-92cd-8d8127472bd9,0.66,false,false,near_mint,en,USD,2025-04-12T03:17:07.869Z
Library,binder,Inevitable Defeat,TDM,Tarkir: Dragonstorm,360,foil,rare,1,105172,e4f049ce-6bc7-437d-a530-8c4278151569,0.66,false,false,near_mint,en,USD,2025-04-12T03:17:07.869Z
Library,binder,Eshki Dragonclaw,TDM,Tarkir: Dragonstorm,356,foil,rare,1,104877,aafaa59e-87e1-4953-8c04-8e7a3a509827,1.97,false,false,near_mint,en,USD,2025-04-12T03:17:07.869Z
Library,binder,"Ugin, Eye of the Storms",TDM,Tarkir: Dragonstorm,382,normal,mythic,1,104294,53b11c30-1c4e-4238-9d42-2e1480df60c1,55.53,false,false,near_mint,en,USD,2025-04-12T03:17:07.869Z
Library,binder,Songcrafter Mage,TDM,Tarkir: Dragonstorm,371,normal,rare,1,104662,584eb844-91e2-47fb-b4e0-f5def65b824a,1.0,false,false,near_mint,en,USD,2025-04-12T03:17:07.869Z
Library,binder,Within Range,TDC,Tarkir: Dragonstorm Commander,32,normal,rare,1,104642,51188edb-9705-4960-854b-170744f40a88,0.98,false,false,near_mint,en,USD,2025-04-12T03:17:07.869Z
Library,binder,Kheru Goldkeeper,TDM,Tarkir: Dragonstorm,313,foil,uncommon,1,105150,9d85ba44-8f29-4c49-b77f-8a6692d23c8c,0.65,false,false,near_mint,en,USD,2025-04-12T03:17:07.869Z
Library,binder,Disruptive Stormbrood // Petty Revenge,TDM,Tarkir: Dragonstorm,178,foil,uncommon,1,104920,bd78e8ae-e927-40e7-9580-966c5e81f53c,0.13,false,false,near_mint,en,USD,2025-04-12T03:17:07.869Z
Library,binder,Sultai Devotee,TDM,Tarkir: Dragonstorm,160,foil,common,1,104358,c32487e9-f3ac-472e-b6ea-81bd9254770c,0.19,false,false,near_mint,en,USD,2025-04-12T03:17:07.869Z
Library,binder,Tranquil Cove,TDM,Tarkir: Dragonstorm,270,foil,common,1,104249,1c4efa6c-4f29-41cd-a728-bf0e479ace05,0.13,false,false,near_mint,en,USD,2025-04-12T03:17:07.869Z
Library,binder,Stadium Headliner,TDM,Tarkir: Dragonstorm,344,foil,rare,1,105039,ef7a1ddf-bf52-4d44-92cd-8d8127472bd9,1.18,false,false,near_mint,en,USD,2025-04-12T03:17:07.869Z
Library,binder,Will of the Jeskai,TDC,Tarkir: Dragonstorm Commander,40,normal,rare,1,104972,d05bac1f-d455-4528-93b2-a94c29b5dc2c,3.09,false,false,near_mint,en,USD,2025-04-12T03:17:07.869Z
Library,binder,Jeskai Monument,TDM,Tarkir: Dragonstorm,244,foil,uncommon,1,104362,d0193ad6-39b7-4558-bd3e-36f809332ea2,0.14,false,false,near_mint,en,USD,2025-04-12T03:17:07.869Z
Library,binder,Desperate Measures,TDM,Tarkir: Dragonstorm,78,foil,uncommon,1,104959,ccbc6fd0-42bc-4e8b-96bc-69a631ba7106,0.17,false,false,near_mint,en,USD,2025-04-12T03:17:07.869Z
Library,binder,Reigning Victor,TDM,Tarkir: Dragonstorm,216,foil,common,1,104334,a394112a-032b-4047-887a-6522cf7b83d5,0.14,false,false,near_mint,en,USD,2025-04-12T03:17:07.869Z
Library,binder,Stormplain Detainment,TDM,Tarkir: Dragonstorm,28,foil,common,1,104135,39f3aab5-7b54-4b55-8114-c6f9f79c255d,0.15,false,false,near_mint,en,USD,2025-04-12T03:17:07.869Z
Library,binder,Jeskai Revelation,TDM,Tarkir: Dragonstorm,361,foil,mythic,1,104741,7679a6a2-7704-4f37-9fdd-24414d411599,2.63,false,false,near_mint,en,USD,2025-04-12T03:17:07.869Z
Library,binder,Stormscale Scion,TDM,Tarkir: Dragonstorm,303,normal,mythic,1,104004,c250cbd2-2b78-4721-9977-02de20c3d7d1,6.52,false,false,near_mint,en,USD,2025-04-12T03:17:07.869Z
Library,binder,Roar of Endless Song,TDM,Tarkir: Dragonstorm,390,normal,rare,1,105155,b2624c7f-1c10-49c7-be74-e7b2dc8dac12,0.17,false,false,near_mint,en,USD,2025-04-12T03:17:07.869Z
Library,binder,Hammerhead Tyrant,TDC,Tarkir: Dragonstorm Commander,21,normal,rare,1,104786,87d4d694-c80e-435a-ba1b-f2f1949f91fc,0.32,false,false,near_mint,en,USD,2025-04-12T03:17:07.869Z
Library,binder,Kheru Goldkeeper,TDM,Tarkir: Dragonstorm,199,foil,uncommon,1,104798,8d11183a-57f5-4ddb-8a6e-15fff704b114,0.31,false,false,near_mint,en,USD,2025-04-12T03:17:07.869Z
Library,binder,Unburied Earthcarver,TDM,Tarkir: Dragonstorm,95,foil,common,1,105126,3ab5e71e-dc8d-4ed8-bcef-6497177c4a9d,0.14,false,false,near_mint,en,USD,2025-04-12T03:17:07.869Z
Library,binder,Thornwood Falls,TDM,Tarkir: Dragonstorm,269,foil,common,1,104376,ebb502c2-5fd0-46a9-b77d-010f4a942056,0.08,false,false,near_mint,en,USD,2025-04-12T03:17:07.869Z
Library,binder,Lotuslight Dancers,TDM,Tarkir: Dragonstorm,363,foil,rare,1,104751,79dc69dc-6245-43fc-95a2-85b2c2957182,1.7,false,false,near_mint,en,USD,2025-04-12T03:41:54.394Z
Library,binder,Eshki Dragonclaw,TDM,Tarkir: Dragonstorm,356,normal,rare,1,104877,aafaa59e-87e1-4953-8c04-8e7a3a509827,0.3,false,false,near_mint,en,USD,2025-04-12T03:41:54.394Z
Library,binder,Dragonfire Blade,TDM,Tarkir: Dragonstorm,324,normal,rare,1,104597,45f039ce-cbfd-46d7-a575-5e6c049f83ff,1.26,false,false,near_mint,en,USD,2025-04-12T03:41:54.394Z
Library,binder,Armament Dragon,TDM,Tarkir: Dragonstorm,168,foil,uncommon,1,104469,17f61c01-0a41-4fa1-ac34-ffa83baad989,0.2,false,false,near_mint,en,USD,2025-04-12T03:41:54.394Z
Library,binder,Stormbeacon Blade,TDM,Tarkir: Dragonstorm,27,foil,uncommon,1,105176,f2f12684-c80a-422b-9c3f-ed4f31742b9d,0.19,false,false,near_mint,en,USD,2025-04-12T03:41:54.394Z
Library,binder,Fresh Start,TDM,Tarkir: Dragonstorm,46,foil,uncommon,1,104818,96f7af08-ac05-45d0-979f-282943130c61,0.18,false,false,near_mint,en,USD,2025-04-12T03:41:54.394Z
Library,binder,Smile at Death,TDM,Tarkir: Dragonstorm,329,normal,mythic,1,105132,5121b5a4-5f91-4bd3-a8b1-c2dc2a449378,2.96,false,false,near_mint,en,USD,2025-04-12T03:41:54.394Z
Library,binder,Sage of the Skies,TDM,Tarkir: Dragonstorm,328,normal,rare,1,104650,53e7ddf5-5aaf-4233-834d-c9992a9c2b0e,0.32,false,false,near_mint,en,USD,2025-04-12T03:41:54.394Z
Library,binder,Tip the Scales,TDC,Tarkir: Dragonstorm Commander,29,normal,rare,1,104421,00b492ca-9cba-4d51-91b9-41430c6933a1,0.26,false,false,near_mint,en,USD,2025-04-12T03:41:54.394Z
Library,binder,Plains,TDM,Tarkir: Dragonstorm,272,normal,common,1,104240,0d0f1dd6-9564-4adc-af7d-f83252e8581a,0.52,false,false,near_mint,en,USD,2025-04-12T03:41:54.394Z
Library,binder,Armament Dragon,TDM,Tarkir: Dragonstorm,307,normal,uncommon,1,105139,77a49553-fc4a-427d-9818-dc8b33fe6127,0.22,false,false,near_mint,en,USD,2025-04-12T03:41:54.394Z
Library,binder,Reverberating Summons,TDM,Tarkir: Dragonstorm,117,foil,uncommon,1,104475,1af19ce8-bc0c-420c-9e3b-9059b4df32cb,0.25,false,false,near_mint,en,USD,2025-04-12T03:41:54.394Z
Library,binder,Wayspeaker Bodyguard,TDM,Tarkir: Dragonstorm,34,foil,uncommon,1,104676,5e5b2324-69fe-4105-b6f8-14dfbe359d59,0.24,false,false,near_mint,en,USD,2025-04-12T03:41:54.394Z
Library,binder,United Battlefront,TDM,Tarkir: Dragonstorm,330,foil,rare,1,104272,3c6d8e5c-4b3d-4c5c-89c5-a2746cd4b578,1.59,false,false,near_mint,en,USD,2025-04-12T03:41:54.394Z
Library,binder,Sinkhole Surveyor,TDM,Tarkir: Dragonstorm,342,normal,rare,1,104737,74b155cd-c3a0-4f27-8d3c-7778354abbd4,0.37,false,false,near_mint,en,USD,2025-04-12T03:41:54.394Z
Library,binder,Temur Battlecrier,TDM,Tarkir: Dragonstorm,372,normal,rare,1,104319,8141492f-f971-4b7f-afdd-e37537f4d3f5,0.74,false,false,near_mint,en,USD,2025-04-12T03:41:54.394Z
Library,binder,Armament Dragon,TDM,Tarkir: Dragonstorm,307,foil,uncommon,1,105139,77a49553-fc4a-427d-9818-dc8b33fe6127,0.14,false,false,near_mint,en,USD,2025-04-12T03:41:54.394Z
Library,binder,Corroding Dragonstorm,TDM,Tarkir: Dragonstorm,297,normal,uncommon,1,104339,a8f19964-b37b-4877-bdd5-c5c3022439ef,0.21,false,false,near_mint,en,USD,2025-04-12T03:41:54.394Z
Library,binder,Mammoth Bellow,TDM,Tarkir: Dragonstorm,205,foil,uncommon,1,104599,468b17b4-79ce-4dfa-8873-a9cfc347e38f,0.19,false,false,near_mint,en,USD,2025-04-12T03:41:54.394Z
Library,binder,Defibrillating Current,TDM,Tarkir: Dragonstorm,177,foil,uncommon,1,104925,bf3a18cf-03db-4eb0-8d53-0c1a71e184da,0.2,false,false,near_mint,en,USD,2025-04-12T03:41:54.394Z
Library,binder,Unending Whisper,TDM,Tarkir: Dragonstorm,62,foil,common,1,105070,fc48180a-ccac-469f-938d-c050821d0160,0.15,false,false,near_mint,en,USD,2025-04-12T03:41:54.394Z
Library,binder,Evolving Wilds,TDM,Tarkir: Dragonstorm,255,foil,common,1,104685,62209251-4118-4843-895b-46afb7284c75,0.23,false,false,near_mint,en,USD,2025-04-12T03:41:54.394Z
Library,binder,"Narset, Jeskai Waymaster",TDM,Tarkir: Dragonstorm,365,foil,rare,1,105166,cccfb58a-4844-466c-81ea-5fb73863bccf,1.17,false,false,near_mint,en,USD,2025-04-12T03:41:54.394Z
Library,binder,Avenger of the Fallen,TDM,Tarkir: Dragonstorm,337,normal,rare,1,104911,bae9ca3b-cc32-410f-82e9-85cb9c4fa447,0.48,false,false,near_mint,en,USD,2025-04-12T03:41:54.394Z
Library,binder,Barrensteppe Siege,TDM,Tarkir: Dragonstorm,384,normal,rare,1,104002,c09d4015-f101-4529-a603-c66192dcfd92,0.66,false,false,near_mint,en,USD,2025-04-12T03:41:54.394Z
Library,binder,Redoubled Stormsinger,TDC,Tarkir: Dragonstorm Commander,37,normal,rare,1,105071,fcddd8e1-8b8e-43b9-9922-6c3317cc45ae,1.58,false,false,near_mint,en,USD,2025-04-12T03:41:54.394Z
Library,binder,Mardu Monument,TDM,Tarkir: Dragonstorm,245,foil,uncommon,1,104328,9bd0c794-77bc-4d4a-a769-3829e2ce4bdf,0.23,false,false,near_mint,en,USD,2025-04-12T03:41:54.394Z
Library,binder,Aggressive Negotiations,TDM,Tarkir: Dragonstorm,70,foil,common,1,105146,993ade84-031f-4a3e-bd68-55f61b559248,0.25,false,false,near_mint,en,USD,2025-04-12T03:41:54.394Z
Library,binder,Nature's Rhythm,TDM,Tarkir: Dragonstorm,349,foil,rare,1,104964,ce0ee309-b6c4-455d-8af6-48d8ac1426cb,13.41,false,false,near_mint,en,USD,2025-04-12T03:41:54.394Z
Library,binder,Death Begets Life,TDM,Tarkir: Dragonstorm,354,normal,mythic,1,105025,e8e94b23-955b-45c0-9cef-713a0a6c38ac,0.85,false,false,near_mint,en,USD,2025-04-12T03:41:54.394Z
Library,binder,Inevitable Defeat,TDM,Tarkir: Dragonstorm,360,normal,rare,1,105172,e4f049ce-6bc7-437d-a530-8c4278151569,0.31,false,false,near_mint,en,USD,2025-04-12T03:41:54.394Z
Library,binder,Afterlife from the Loam,TDC,Tarkir: Dragonstorm Commander,25,normal,rare,1,104811,9361b548-a8d9-4e57-98cf-0c464742e1c9,4.62,false,false,near_mint,en,USD,2025-04-12T03:41:54.394Z
Library,binder,Overwhelming Surge,TDM,Tarkir: Dragonstorm,115,foil,uncommon,1,105163,bd7af85f-354e-468a-990b-bd774e68240f,0.19,false,false,near_mint,en,USD,2025-04-12T03:41:54.394Z
Library,binder,Starry-Eyed Skyrider,TDM,Tarkir: Dragonstorm,25,foil,uncommon,1,104624,4b3cc15e-1c82-454e-b541-4ab47c44814e,0.21,false,false,near_mint,en,USD,2025-04-12T03:41:54.394Z
Library,binder,Revival of the Ancestors,TDM,Tarkir: Dragonstorm,389,normal,rare,1,104711,6ae833e4-b1b8-44cf-a831-d10b78328b81,0.2,false,false,near_mint,en,USD,2025-04-12T03:41:54.394Z
Library,binder,"Anafenza, Unyielding Lineage",TDM,Tarkir: Dragonstorm,2,foil,rare,1,104258,29957f49-9a6b-42f6-b2fb-b48f653ab725,0.34,false,false,near_mint,en,USD,2025-04-12T03:41:54.394Z
Library,binder,Whirlwing Stormbrood // Dynamic Soar,TDM,Tarkir: Dragonstorm,322,foil,uncommon,1,104863,a621ea7f-f6d5-4663-897a-bbdc2556d665,0.29,false,false,near_mint,en,USD,2025-04-12T03:41:54.394Z
Library,binder,Fleeting Effigy,TDM,Tarkir: Dragonstorm,108,foil,uncommon,1,105121,1971fd6c-0a1c-41b2-93a6-886a176fbb73,0.15,false,false,near_mint,en,USD,2025-04-12T03:41:54.394Z
Library,binder,Static Snare,TDM,Tarkir: Dragonstorm,26,foil,uncommon,1,104478,1ce50932-03a6-48bc-8aee-bc8defd896cf,0.3,false,false,near_mint,en,USD,2025-04-12T03:41:54.394Z
Library,binder,Clarion Conqueror,TDM,Tarkir: Dragonstorm,377,foil,rare,1,104894,b3aecdfc-9d37-4f1f-9123-fc07b669d747,3.62,false,false,near_mint,en,USD,2025-04-12T03:41:54.394Z
Library,binder,Naga Fleshcrafter,TDM,Tarkir: Dragonstorm,333,normal,rare,1,104816,95b4863c-51bc-445d-97a5-289b5a87c871,0.43,false,false,near_mint,en,USD,2025-04-12T03:41:54.394Z
Library,binder,"Sidisi, Regent of the Mire",TDM,Tarkir: Dragonstorm,341,normal,rare,1,104301,5f9e3ddc-a4e7-4304-bfd8-890c9c71f53d,0.45,false,false,near_mint,en,USD,2025-04-12T03:41:54.394Z
Library,binder,Will of the Abzan,TDC,Tarkir: Dragonstorm Commander,31,normal,rare,1,105022,e7e92b6b-ec63-477b-8a83-18c0e52615cc,4.47,false,false,near_mint,en,USD,2025-04-12T03:41:54.394Z
Library,binder,Island,TDM,Tarkir: Dragonstorm,288,foil,common,1,104343,b300be80-6618-4284-b5c3-95c1ab373e6f,7.9,false,false,near_mint,en,USD,2025-04-12T03:41:54.394Z
Library,binder,Teeming Dragonstorm,TDM,Tarkir: Dragonstorm,293,normal,uncommon,1,105059,f717301c-1ae8-44b4-b6e5-d3bdf052f5da,0.14,false,false,near_mint,en,USD,2025-04-12T03:41:54.394Z
Library,binder,Knockout Maneuver,TDM,Tarkir: Dragonstorm,147,foil,uncommon,1,105149,9d218831-2a41-46a3-8e9d-93462cae5cab,0.13,false,false,near_mint,en,USD,2025-04-12T03:41:54.394Z
Library,binder,Poised Practitioner,TDM,Tarkir: Dragonstorm,18,foil,common,1,105160,bb25366d-a647-4c5e-bcc7-7e54659aacbd,0.16,false,false,near_mint,en,USD,2025-04-12T03:41:54.394Z
Library,binder,Swamp,TDM,Tarkir: Dragonstorm,274,foil,common,3,104382,ef235170-8276-4ef0-bdfd-ba68d5b218ec,0.31,false,false,near_mint,en,USD,2025-04-12T03:41:54.394Z
Library,binder,Cori Mountain Monastery,TDM,Tarkir: Dragonstorm,393,foil,rare,1,104778,85b84c4c-465d-4d8d-8d38-2ed08a9213b3,3.02,false,false,near_mint,en,USD,2025-04-12T03:45:48.979Z
Library,binder,Great Arashin City,TDM,Tarkir: Dragonstorm,395,normal,rare,1,104995,d98fdfc0-5dd2-4059-8fd6-73378235de55,0.76,false,false,near_mint,en,USD,2025-04-12T03:45:48.979Z
Library,binder,Thunder of Unity,TDM,Tarkir: Dragonstorm,391,normal,rare,1,104679,5fd218be-b4c1-4dc7-9672-a16892f1b1e7,0.37,false,false,near_mint,en,USD,2025-04-12T03:45:48.979Z
Library,binder,Essence Anchor,TDM,Tarkir: Dragonstorm,44,foil,uncommon,1,105026,e91c4509-918e-44ba-aa13-1991199fee9f,0.08,false,false,near_mint,en,USD,2025-04-12T03:45:48.979Z
Library,binder,Dragon's Prey,TDM,Tarkir: Dragonstorm,79,foil,common,1,104754,7a6004ff-4180-4332-8b51-960f8c7521d9,0.15,false,false,near_mint,en,USD,2025-04-12T03:45:48.979Z
Library,binder,Iceridge Serpent,TDM,Tarkir: Dragonstorm,49,foil,common,1,105167,d13f117b-b8e4-48db-8ce9-5da9c7ce23a5,0.12,false,false,near_mint,en,USD,2025-04-12T03:45:48.979Z
Library,binder,Coordinated Maneuver,TDM,Tarkir: Dragonstorm,6,foil,common,1,104941,c6569487-53c5-4b91-877d-e4e31bfa90c0,0.17,false,false,near_mint,en,USD,2025-04-12T03:45:48.979Z
Library,binder,Clarion Conqueror,TDM,Tarkir: Dragonstorm,5,foil,rare,2,105064,f892d156-371c-4391-8ae6-25513c5032b0,2.8,false,false,near_mint,en,USD,2025-04-05T20:49:53.792Z
Library,binder,Thought Vessel,WHO,Doctor Who,255,normal,uncommon,1,87574,84506a3f-46ee-4482-9f7d-0409c2699ae4,1.18,false,false,near_mint,en,USD,2025-04-22T20:32:49.834Z
Library,binder,Sol Ring,WHO,Doctor Who,245,normal,uncommon,1,87070,0f44a54b-512e-45ef-80ee-7982d2eaf762,1.52,false,false,near_mint,en,USD,2025-04-22T20:32:49.834Z
Library,binder,Command Tower,LCC,The Lost Caverns of Ixalan Commander,325,normal,common,1,88927,d477d733-2360-4f1d-9ecd-cdedc2e8a7ae,0.21,false,false,near_mint,en,USD,2025-04-22T20:32:49.834Z
Library,binder,Tranquil Landscape,MH3,Modern Horizons 3,231,normal,common,2,94709,113f48b9-a972-4e2c-af95-05ab078e01f2,0.2,false,false,near_mint,en,USD,2024-10-08T03:07:33.042Z
Library,binder,Frontier Bivouac,TDM,Tarkir: Dragonstorm,256,normal,uncommon,2,104702,679fff07-4796-4d91-8dd6-4e294383ce88,0.26,false,false,near_mint,en,USD,2025-04-04T19:44:58.586Z
Library,binder,Deceiver of Form,OGW,Oath of the Gatewatch,1,normal,rare,2,9381,a416d54b-ac84-48ac-92f8-eeb348f26016,1.12,false,false,near_mint,en,USD,2024-04-14T23:43:56.244Z
Library,binder,Evolving Wilds,BFZ,Battle for Zendikar,236,normal,common,4,10115,7f8c9ac8-0741-4261-b43b-d745839e11f5,0.15,false,false,near_mint,en,USD,2024-04-15T03:25:24.269Z
Library,binder,Kozilek's Pathfinder,OGW,Oath of the Gatewatch,5,normal,common,2,9377,b75585bd-fdd8-44d1-8c7c-b96df5fc473e,0.15,false,false,near_mint,en,USD,2024-04-17T16:28:18.948Z
Library,binder,Etched Champion,BRC,The Brothers' War Commander,140,normal,rare,1,75863,e87347d9-fa02-42b9-8ae2-60374a70ece5,0.24,false,false,near_mint,en,USD,2025-05-03T20:30:13.069Z
Library,binder,Hexavus,BRC,The Brothers' War Commander,14,normal,rare,1,75723,b599064e-1c44-4df0-ac7d-d2eb0ba44b16,0.28,false,false,near_mint,en,USD,2025-05-03T20:30:13.069Z
Library,binder,Scholar of New Horizons,BRC,The Brothers' War Commander,6,normal,rare,1,75862,e83e50d0-7851-4608-8cfd-63c54d1a7544,2.01,false,false,near_mint,en,USD,2025-05-03T20:30:13.069Z
Library,binder,Urza's Ruinous Blast,BRC,The Brothers' War Commander,79,normal,rare,1,75401,3baeeb19-c4f4-4e4f-97e0-52b2e512b26b,0.42,false,false,near_mint,en,USD,2025-05-03T20:30:13.069Z
Library,binder,Vedalken Humiliator,BRC,The Brothers' War Commander,100,normal,rare,1,75445,4eb38644-a65b-4a88-a9f0-20f0805573dc,0.16,false,false,near_mint,en,USD,2025-05-03T20:30:13.069Z
Library,binder,Wreck Hunter,BRC,The Brothers' War Commander,11,normal,rare,1,75729,b9a21809-84cb-45f4-8314-80055983450d,0.16,false,false,near_mint,en,USD,2025-05-03T20:30:13.069Z
Library,binder,Tocasia's Welcome,BRO,The Brothers' War,308,normal,rare,1,75878,eedc76a2-f0b2-4cb3-8662-88537b7474cc,4.81,false,false,near_mint,en,USD,2025-05-03T20:30:35.022Z
Library,binder,Soul-Guide Lantern,BRR,The Brothers' War Retro Artifacts,54,foil,uncommon,1,75812,d742e2c1-ca8c-454b-bd5d-765f60ed3de9,0.35,false,false,near_mint,en,USD,2025-05-03T20:31:25.476Z
Library,binder,Intervene,ULG,Urza's Legacy,33,normal,common,1,35487,4b0e3894-5dfe-4d03-9996-eebf96c58168,0.21,false,false,near_mint,en,USD,2025-05-11T00:28:38.787Z
Library,binder,"Ultima, Origin of Oblivion",FIN,Final Fantasy,324,normal,rare,1,105863,2ac1b165-27ff-47f3-b598-43f7f021093a,3.45,false,false,near_mint,en,USD,2025-07-23T17:43:04.560Z
Library,binder,"Rin and Seri, Inseparable",SLD,Secret Lair Drop,1910,normal,mythic,1,105434,992b2dd3-87e7-48a4-bd8d-84973ff0ee1f,15.89,false,false,near_mint,en,USD,2025-07-29T03:03:07.955Z
Library,binder,Boneyard Scourge,C17,Commander 2017,15,normal,rare,1,4440,55a3a094-48c5-4da5-8626-e30a0e8d8f3a,5.29,false,false,near_mint,en,USD,2025-07-29T03:03:44.549Z
Library,binder,Ajani Unyielding,NCC,New Capenna Commander,324,normal,mythic,1,68190,41000308-144d-4d3b-afec-e3928d20edfc,0.41,false,false,near_mint,en,USD,2025-07-31T17:00:57.052Z
Library,binder,Progenitor Exarch,MOM,March of the Machine,32,normal,rare,1,81474,f86f7d03-ce71-498d-9dc5-2bd853ac0eae,0.21,false,false,near_mint,en,USD,2025-07-31T17:00:57.052Z
Library,binder,Mesa Lynx,ZNR,Zendikar Rising,28,normal,common,1,54823,f65af09b-656f-4d81-b95d-b4f902e56bb7,0.06,false,false,near_mint,en,USD,2025-07-31T17:00:57.052Z
Library,binder,Ingenious Leonin,FDN,Foundations,495,normal,uncommon,1,97192,ea566679-4202-4076-9314-142241485f6e,0.19,false,false,near_mint,en,USD,2025-07-31T17:00:57.052Z
Library,binder,Leonin Skyhunter,FDN,Foundations,498,normal,uncommon,1,97173,218e0009-5f11-4348-97b8-4bc7b41f80b8,0.39,false,false,near_mint,en,USD,2025-07-31T17:00:57.052Z
Library,binder,"Kemba, Kha Enduring",ONE,Phyrexia: All Will Be One,330,normal,rare,1,78426,192ccc7f-ffb1-4f78-8cf0-a220df612be7,0.24,false,false,near_mint,en,USD,2025-07-31T17:00:57.052Z
Library,binder,Loyal Warhound,BLC,Bloomburrow Commander,107,normal,rare,1,96191,1d01ce54-3f64-465e-835a-27c55753926b,0.45,false,false,near_mint,en,USD,2025-07-31T17:00:57.052Z
Library,binder,Leonin Lightbringer,ONE,Phyrexia: All Will Be One,20,normal,common,1,78713,96ae13df-670e-49a0-99b0-baf908ac9eb4,0.05,false,false,near_mint,en,USD,2025-07-31T17:00:57.052Z
Library,binder,Bola Slinger,MOM,March of the Machine,8,normal,common,1,81402,896043a7-c7a2-4542-8739-7b4f09c6e1f1,0.04,false,false,near_mint,en,USD,2025-07-31T17:00:57.052Z
Library,binder,Ajani Fells the Godsire,MH3,Modern Horizons 3,19,normal,uncommon,1,94366,1d918133-d4e2-4674-a3cb-58edef1c6758,0.05,false,false,near_mint,en,USD,2025-07-31T17:00:57.052Z
Library,binder,Spirited Companion,BLC,Bloomburrow Commander,155,normal,common,1,96423,ada3dc9c-2f83-4f52-8776-ef23d45cc4eb,0.2,false,false,near_mint,en,USD,2025-07-31T17:00:57.052Z
Library,binder,Ajani's Pridemate,FDN,Foundations,135,normal,uncommon,1,100255,222c1a68-e34c-4103-b1be-17d4ceaef6ce,0.13,false,false,near_mint,en,USD,2025-07-31T17:00:57.052Z
Library,binder,Prowling Felidar,ZNR,Zendikar Rising,34,normal,common,1,54720,b9d1c11a-a32c-449c-95c6-450dce6c26d2,0.06,false,false,near_mint,en,USD,2025-07-31T17:00:57.052Z
Library,binder,Jazal Goldmane,FDN,Foundations,497,normal,rare,2,97178,5aa8f635-c638-4207-8631-f6b5185f8696,0.29,false,false,near_mint,en,USD,2025-07-31T17:00:57.052Z
Library,binder,Dragon's Prey,TDM,Tarkir: Dragonstorm,79,normal,common,3,104754,7a6004ff-4180-4332-8b51-960f8c7521d9,0.32,false,false,near_mint,en,USD,2025-04-04T19:44:58.586Z
Library,binder,"Jetmir, Nexus of Revels",SNC,Streets of New Capenna,193,normal,mythic,1,68089,f9c69d75-651f-4b75-b65d-79999d2069f6,5.78,false,false,near_mint,en,USD,2025-08-07T05:56:53.262Z
Library,binder,Alms Collector,CMM,Commander Masters,10,normal,rare,1,84231,367ac07a-a30f-4ebf-8877-27cd9ebe2f71,0.52,false,false,near_mint,en,USD,2025-08-07T05:56:53.262Z
Library,binder,Qasali Slingers,C17,Commander 2017,33,normal,rare,1,4422,40e21394-146e-4648-b81e-63659c0c4764,6.08,false,false,near_mint,en,USD,2025-08-07T05:56:53.262Z
Library,binder,Titanic Ultimatum,SLD,Secret Lair Drop,1918,normal,rare,1,104413,bd8e07ba-34b8-4cc3-a469-0b439d4baa07,7.36,false,false,near_mint,en,USD,2025-08-07T05:56:53.262Z
Library,binder,Selesnya Signet,TDC,Tarkir: Dragonstorm Commander,324,normal,common,1,104632,4e21a028-0f06-4124-bd0f-04989a1f9481,0.36,false,false,near_mint,en,USD,2025-08-07T05:56:53.262Z
Library,binder,Mirror Entity,OTC,Outlaws of Thunder Junction Commander,83,normal,rare,1,93932,f2a3107d-bb96-45c6-97ac-b6c6b84cbad4,0.46,false,false,near_mint,en,USD,2025-08-07T05:56:53.262Z
Library,binder,Seedborn Muse,MKC,Murders at Karlov Manor Commander,186,normal,rare,1,90588,f4a9cb46-d4e0-46f2-973f-09275ba0d99c,6.24,false,false,near_mint,en,USD,2025-08-07T05:56:53.262Z
Library,binder,"Ajani, Nacatl Pariah // Ajani, Nacatl Avenger",MH3,Modern Horizons 3,237,normal,mythic,1,91746,0d16e8e0-31b2-4389-afd6-783c501f6fa0,8.58,false,false,near_mint,en,USD,2025-08-07T05:56:53.262Z
Library,binder,Wild Nacatl,DDH,Duel Decks: Ajani vs. Nicol Bolas,4,normal,common,1,18988,5a3bb291-11d1-45e0-a60a-e75c7dc94b94,0.61,false,false,near_mint,en,USD,2025-08-07T05:56:53.262Z
Library,binder,"Ajani, Mentor of Heroes",JOU,Journey into Nyx,145,normal,mythic,1,14504,4a30bcfa-6f95-450f-aea7-885983d7c6a5,3.88,false,false,near_mint,en,USD,2025-08-07T05:56:53.262Z
Library,binder,Feline Sovereign,M21,Core Set 2021,180,normal,rare,2,50881,84a9485a-d356-4cbe-b257-b62008a21328,0.59,false,false,near_mint,en,USD,2025-08-07T05:56:53.262Z
Library,binder,Overgrown Arch,STX,Strixhaven: School of Mages,139,normal,uncommon,2,58253,a71dddf5-8f72-4018-9cc8-5f63a17f1ee5,0.06,false,false,near_mint,en,USD,2025-08-07T05:56:53.262Z
Library,binder,Cryptolith Rite,INR,Innistrad Remastered,189,normal,rare,1,102414,0a4e707f-b760-434d-ba97-a0fe651f3f6a,2.19,false,false,near_mint,en,USD,2025-08-07T06:00:05.647Z
Library,binder,"Brimaz, King of Oreskos",BNG,Born of the Gods,5,normal,mythic,1,14955,f54eb705-6326-4bac-bf0e-68d42db7a270,7.69,false,false,near_mint,en,USD,2025-08-07T06:00:05.647Z
Library,binder,Leonin Warleader,M19,Core Set 2019,23,normal,rare,1,1289,b31b2e5e-6572-462a-9fa0-1b2e660099e3,4.09,false,false,near_mint,en,USD,2025-08-07T06:00:05.647Z
Library,binder,Impact Tremors,FDN,Foundations,717,foil,common,1,101159,d0b7cecf-b51b-4d30-b7e9-cd7976271e07,1.88,false,false,near_mint,en,USD,2025-08-07T06:00:05.647Z
Library,binder,"Ajani, Caller of the Pride",FDN,Foundations,357,normal,mythic,1,100063,9f329a0b-13cc-48c5-9fb7-38d8a537aa30,1.81,false,false,near_mint,en,USD,2025-08-07T06:00:05.647Z
Library,binder,"Marisi, Breaker of the Coil",C19,Commander 2019,46,foil,mythic,1,45888,c366e1c0-f62d-41ce-baec-de11dbc1c5f4,5.46,false,false,near_mint,en,USD,2025-08-07T06:00:05.647Z
Library,binder,"Mirri, Weatherlight Duelist",CMM,Commander Masters,347,normal,rare,1,84950,db44fe95-6a32-4d6f-a32f-72491381f495,2.88,false,false,near_mint,en,USD,2025-08-07T06:00:05.647Z
Library,binder,"Arahbo, Roar of the World",C17,Commander 2017,35,foil,mythic,1,4420,81dc3d00-97cd-4549-b5a4-15a1e08767f5,20.07,false,false,near_mint,en,USD,2025-08-07T06:00:05.647Z
Library,binder,Boros Signet,CMM,Commander Masters,942,normal,uncommon,1,84034,0c6e02b3-be4c-45b8-9cb8-6b3142b30c6b,4.29,false,false,near_mint,en,USD,2025-08-07T06:00:05.647Z
Library,binder,Temur Sabertooth,NCC,New Capenna Commander,315,normal,uncommon,1,68387,c3a5a175-e963-42cc-a0ba-d8914bb93c00,2.66,false,false,near_mint,en,USD,2025-08-07T06:00:05.647Z
Library,binder,"Purphoros, God of the Forge",CMM,Commander Masters,246,normal,mythic,1,84313,4736a2c4-c89c-48db-a104-6303e7e2eee8,23.45,false,false,near_mint,en,USD,2025-08-07T06:00:05.647Z
Library,binder,Beastmaster Ascension,NCC,New Capenna Commander,283,normal,rare,1,68479,f404d133-fc1a-4751-ac72-554e6553e486,4.18,false,false,near_mint,en,USD,2025-08-07T06:00:05.647Z
Library,binder,Gruul Signet,GPT,Guildpact,150,normal,common,1,27445,1bb30340-96a4-49d8-838b-8788900401a0,0.46,false,false,near_mint,en,USD,2025-08-07T06:00:05.647Z
Library,binder,Prowling Serpopard,AKH,Amonkhet,180,normal,rare,1,5505,92921fc1-11d0-41a9-b9b2-b44fd0913d31,1.59,false,false,near_mint,en,USD,2025-08-07T06:00:05.647Z
Library,binder,Realmwalker,LCC,The Lost Caverns of Ixalan Commander,250,normal,rare,1,88624,7d0f75c8-4cf7-46b3-af5c-7118453bd7a7,2.34,false,false,near_mint,en,USD,2025-08-07T06:00:05.647Z
Library,binder,Woodland Changeling,LRW,Lorwyn,242,normal,common,1,25200,aa41edf8-88a1-46dd-8315-b0afe7e14b7e,0.48,false,false,near_mint,en,USD,2025-08-07T06:00:05.647Z
Library,binder,King of the Pride,MH1,Modern Horizons,16,normal,uncommon,1,44918,c4e83abd-6f15-491e-9253-90af9f6f1025,0.42,false,false,near_mint,en,USD,2025-08-07T06:00:05.647Z
Library,binder,Doubling Season,FDN,Foundations,216,normal,mythic,1,101340,f2c4f80e-84a0-463b-82c3-5c6503809351,24.97,false,false,near_mint,en,USD,2025-08-07T06:00:05.647Z
Library,binder,Skullclamp,PIP,Fallout,238,normal,uncommon,1,92295,7160f5f0-8ab8-4ec1-a84c-cfe49cb43b8d,4.94,false,false,near_mint,en,USD,2025-08-07T06:00:05.647Z
Library,binder,Taurean Mauler,AFC,Forgotten Realms Commander,143,normal,rare,1,60907,ed75b280-c7c5-404f-bbad-c19dff3e6975,0.74,false,false,near_mint,en,USD,2025-08-08T00:23:45.888Z
Library,binder,The Wind Crystal,FIN,Final Fantasy,43,normal,rare,1,106423,19bd0885-baaa-40f2-9c59-b1ea53807540,4.41,false,false,near_mint,en,USD,2025-08-10T04:10:38.219Z
Library,binder,Maskwood Nexus,KHM,Kaldheim,240,normal,rare,1,56855,471d2aef-cfd4-4131-bbc7-62eeed9f3343,1.24,false,false,near_mint,en,USD,2025-08-10T04:33:09.091Z
Library,binder,"Kaheera, the Orphanguard",IKO,Ikoria: Lair of Behemoths,224,normal,rare,1,49853,d4ebed0b-8060-4a7b-a060-5cfcd2172b16,0.42,false,false,near_mint,en,USD,2025-08-10T04:33:30.375Z
Library,binder,Fleetfoot Panther,DDH,Duel Decks: Ajani vs. Nicol Bolas,12,normal,uncommon,1,18980,02db0f8e-5f87-427f-a3ff-0f261da679cd,0.34,false,false,near_mint,en,USD,2025-08-14T04:39:41.970Z
Library,binder,Impostor of the Sixth Pride,MH1,Modern Horizons,14,normal,common,1,44920,83298c8a-02c4-4ada-9a41-4b973bb58ac6,0.17,false,false,near_mint,en,USD,2025-08-14T04:39:41.970Z
Library,binder,Whitemane Lion,A25,Masters 25,39,normal,common,1,2677,27394079-924a-4fdb-8be2-f853193eca80,0.16,false,false,near_mint,en,USD,2025-08-14T04:39:41.970Z
Library,binder,Pack Leader,M21,Core Set 2021,392,foil,rare,1,50868,7be82997-ad17-4977-b3a9-099889fb0aa3,0.46,false,false,near_mint,en,USD,2025-08-14T04:39:41.970Z
Library,binder,Harrow,DDP,Duel Decks: Zendikar vs. Eldrazi,16,normal,common,1,10549,2d7bcecb-9e7c-4f05-bdb5-9a0380ec2810,0.37,false,false,near_mint,en,USD,2025-08-14T04:39:41.970Z
Library,binder,"Elesh Norn, Mother of Machines",ONE,Phyrexia: All Will Be One,298,foil,mythic,1,78224,4db44dd2-6bb4-4f0b-8bab-c0d89ba7f2ca,36.19,false,false,near_mint,en,USD,2025-09-18T05:20:08.731Z
Library,binder,Serah Farron // Crystallized Serah,FIN,Final Fantasy,240,normal,rare,2,106344,62fa74c0-43ae-445c-8039-ca9d00e9709a,0.48,false,false,near_mint,en,USD,2025-09-19T00:19:13.164Z
Library,binder,"Magda, Brazen Outlaw",KHM,Kaldheim,142,normal,rare,1,56739,079e6263-e54c-4899-a336-5315909b9322,1.88,false,false,near_mint,en,USD,2025-09-19T00:19:13.164Z
Library,binder,Golem Artisan,CMR,Commander Legends,311,normal,uncommon,2,55646,441a3345-2507-46ed-bdb3-c5c45d17da51,0.09,false,false,near_mint,en,USD,2025-09-19T00:19:13.164Z
Library,binder,Natural Reclamation,CLB,Commander Legends: Battle for Baldur's Gate,829,normal,common,2,69560,70c4fc42-e5c6-438b-a4b7-1f77e818597f,0.22,false,false,near_mint,en,USD,2025-09-19T00:19:13.164Z
Library,binder,Fowl Strike,MH3,Modern Horizons 3,155,normal,common,2,94766,83b6c7ab-f42f-40d2-9cb6-89291d57e27f,0.07,false,false,near_mint,en,USD,2025-09-19T00:19:13.164Z
Library,binder,Airship Crash,FIN,Final Fantasy,171,normal,common,2,106680,ec91c4e4-711f-464d-bc83-e6813f4fdcdb,0.12,false,false,near_mint,en,USD,2025-09-19T00:19:13.164Z
Library,binder,Soul's Might,CMR,Commander Legends,257,foil,common,2,55925,dcd32c85-3cc5-4987-8156-4def6d0004d6,0.1,false,false,near_mint,en,USD,2025-09-19T00:19:13.164Z
Library,binder,Masked Vandal,KHM,Kaldheim,184,normal,common,2,57144,f0a9c72a-e450-41e3-80e5-06f2f1171245,1.0,false,false,near_mint,en,USD,2025-09-19T00:19:13.164Z
Library,binder,Tajuru Snarecaster,ZNR,Zendikar Rising,210,normal,common,2,54786,e1894cf9-7d53-4b7e-aaae-8db42bdd8e49,0.06,false,false,near_mint,en,USD,2025-09-19T00:19:13.164Z
Library,binder,Cankerbloom,ONE,Phyrexia: All Will Be One,294,normal,uncommon,2,78372,02272f89-dd8e-4a07-8bd4-b33ad4e12888,0.27,false,false,near_mint,en,USD,2025-09-19T00:19:13.164Z
Library,binder,Kinjalli's Dawnrunner,LCI,The Lost Caverns of Ixalan,19,normal,uncommon,2,89057,fc4c527c-6963-47f4-bcad-841d06bb2211,0.06,false,false,near_mint,en,USD,2025-09-19T00:19:13.164Z
Library,binder,Raise the Alarm,CMR,Commander Legends,41,normal,common,2,55721,6c7c8527-55f6-494d-b4f7-c427a5735053,0.17,false,false,near_mint,en,USD,2025-09-19T00:19:13.164Z
Library,binder,Tinker's Tote,LCI,The Lost Caverns of Ixalan,40,normal,common,2,88641,8321857e-7977-46dd-8357-d732312e5261,0.11,false,false,near_mint,en,USD,2025-09-19T00:19:13.164Z
Library,binder,Cloudbound Moogle,FIN,Final Fantasy,11,normal,common,4,106283,7387bca7-f496-45da-a0ac-6be049303a8f,0.12,false,false,near_mint,en,USD,2025-09-19T00:19:13.164Z
Library,binder,Strength of Solidarity,ZNR,Zendikar Rising,206,normal,common,2,54428,090b3da4-c942-480e-9997-bb9c20e8d62d,0.04,false,false,near_mint,en,USD,2025-09-19T00:19:13.164Z
Library,binder,Sunlit Marsh,DMU,Dominaria United,257,normal,common,2,71847,f0588fbf-3c05-452a-b3f7-67604c1f921d,0.21,false,false,near_mint,en,USD,2025-09-19T00:19:13.164Z
Library,binder,Clearwater Pathway // Murkwater Pathway,ZNR,Zendikar Rising,260,normal,rare,2,54709,b4b99ebb-0d54-4fe5-a495-979aaa564aa8,4.12,false,false,near_mint,en,USD,2025-09-19T00:19:13.164Z
Library,binder,Briarblade Adept,CMR,Commander Legends,111,normal,common,2,55803,9d3fb5f1-baf5-4934-aac7-ffbaa85b2428,0.1,false,false,near_mint,en,USD,2025-09-19T00:19:13.164Z
Library,binder,"Nevinyrral, Urborg Tyrant",CMR,Commander Legends,287,normal,rare,2,55732,73255848-3112-4508-a66a-d3101a53057e,0.26,false,false,near_mint,en,USD,2025-09-19T00:19:13.164Z
Library,binder,Vineglimmer Snarl,STX,Strixhaven: School of Mages,274,normal,rare,1,58398,f77e5ca7-dde1-435f-9b40-87558dd88749,0.23,false,false,near_mint,en,USD,2025-09-19T00:19:13.164Z
Library,binder,Moldering Karok,STX,Strixhaven: School of Mages,206,normal,common,2,58141,70c2ef30-0db5-4ef5-999c-7ffa48769421,0.11,false,false,near_mint,en,USD,2025-09-19T00:19:13.164Z
Library,binder,Volcanic Torrent,OTC,Outlaws of Thunder Junction Commander,184,normal,uncommon,2,93910,e7dc57e7-babe-45bf-991b-d464b6e66bba,0.23,false,false,near_mint,en,USD,2025-09-19T00:19:13.164Z
Library,binder,Boarding Party,CMR,Commander Legends,163,normal,common,2,56012,186adacf-434b-475b-9b85-749615ae002b,0.27,false,false,near_mint,en,USD,2025-09-19T00:19:13.164Z
Library,binder,Glimpse the Impossible,MH3,Modern Horizons 3,124,foil,common,2,94349,133ad0dd-5b61-4c38-9264-0b0e75b95d95,0.32,false,false,near_mint,en,USD,2025-09-19T00:19:13.164Z
Library,binder,Planar Genesis,MH3,Modern Horizons 3,198,normal,uncommon,2,94513,7fc9a10b-c9f9-4129-a671-ced0917ce78b,0.42,false,false,near_mint,en,USD,2025-09-19T00:19:13.164Z
Library,binder,Drown in Ichor,ONE,Phyrexia: All Will Be One,91,normal,uncommon,2,78818,bf148ef4-0ed7-4fbe-8ab6-01dd3981c8d3,0.58,false,false,near_mint,en,USD,2025-09-19T00:19:13.164Z
Library,binder,Unholy Annex // Ritual Chamber,DSK,Duskmourn: House of Horror,118,normal,rare,2,98774,0fb4c734-c698-46f2-bc78-5f036f472e5b,2.18,false,false,near_mint,en,USD,2025-09-19T00:19:13.164Z
Library,binder,Eerie Soultender,DMU,Dominaria United,92,normal,common,2,71363,335f3146-743c-4a25-86b5-c45e9c66eb15,0.06,false,false,near_mint,en,USD,2025-09-19T00:19:13.164Z
Library,binder,Shrewd Storyteller,DSK,Duskmourn: House of Horror,232,normal,uncommon,2,98946,f9636877-8fcc-4ad5-8eb2-a5d5ba49583d,0.06,false,false,near_mint,en,USD,2025-09-19T00:22:20.053Z
Library,binder,Thirsting Roots,ONE,Phyrexia: All Will Be One,185,normal,common,2,78633,75a4a340-453b-471a-82ba-48ebf20b271a,0.45,false,false,near_mint,en,USD,2025-09-19T00:22:20.053Z
Library,binder,Glimpse the Core,LCI,The Lost Caverns of Ixalan,186,normal,uncommon,2,88952,de7d6aed-3dc8-417d-a190-1660cfc8ee4a,0.21,false,false,near_mint,en,USD,2025-09-19T00:22:20.053Z
Library,binder,Honor,EOE,Edge of Eternities,21,normal,uncommon,2,107551,d0b4e925-1d59-41a1-bc06-9982695d778f,0.23,false,false,near_mint,en,USD,2025-09-19T00:22:20.053Z
Library,binder,Gift of the Viper,MH3,Modern Horizons 3,156,normal,common,2,94840,17fa0b62-d474-4dc7-9631-9d0a9d99e5e2,0.25,false,false,near_mint,en,USD,2025-09-19T00:22:20.053Z
Library,binder,Destroy Evil,DMU,Dominaria United,17,normal,common,2,71434,4f7862ef-2c8d-4d28-9e50-7cc41861f245,0.26,false,false,near_mint,en,USD,2025-09-19T00:22:20.053Z
Library,binder,Guide of Souls,MH3,Modern Horizons 3,29,normal,rare,2,94504,76c3cad2-1e25-4abe-878d-9194de6fcc27,2.78,false,false,near_mint,en,USD,2025-09-19T00:22:20.053Z
Library,binder,Slash the Ranks,CMR,Commander Legends,47,normal,rare,2,55551,0913a5e8-7f77-44f2-a7cf-c8c0d6270a86,0.71,false,false,near_mint,en,USD,2025-09-19T00:22:20.053Z
Library,binder,Canopy Baloth,ZNR,Zendikar Rising,182,normal,common,2,54592,6b04160c-89a7-4dcd-b05d-5dc846824d64,0.04,false,false,near_mint,en,USD,2025-09-19T00:22:20.053Z
Library,binder,Lionheart Glimmer,DSK,Duskmourn: House of Horror,19,normal,uncommon,2,98819,483e1c6f-331c-45f1-bf5d-9b9742aa8903,0.15,false,false,near_mint,en,USD,2025-09-19T00:22:20.053Z
Library,binder,Thawbringer,EOE,Edge of Eternities,211,normal,common,4,107691,0b7f934f-8eb4-408b-a55f-245ec5cc4a8a,0.04,false,false,near_mint,en,USD,2025-09-19T00:22:20.053Z
Library,binder,Combat Professor,STX,Strixhaven: School of Mages,11,normal,common,2,58070,3f669ac4-98ed-4e23-91a9-281f8277ab04,0.05,false,false,near_mint,en,USD,2025-09-19T00:22:20.053Z
Library,binder,Clockwork Drawbridge,DMU,Dominaria United,13,normal,common,2,71217,037cb79c-163d-4b36-bd93-954eca8fe26e,0.06,false,false,near_mint,en,USD,2025-09-19T00:22:20.053Z
Library,binder,Diamond Weapon,FIN,Final Fantasy,183,normal,uncommon,2,106567,6ce7f494-2a19-4b11-94d4-fc5e5a7068bd,0.26,false,false,near_mint,en,USD,2025-09-19T00:22:20.053Z
Library,binder,Snow-Covered Forest,KHM,Kaldheim,285,normal,common,1,57172,fe241460-f7c1-4ba8-a156-6720b494ac97,0.85,false,false,near_mint,en,USD,2025-09-19T00:22:20.053Z
Library,binder,"Arachne, Psionic Weaver",SPM,Marvel's Spider-Man,2,normal,rare,2,108644,7c1f871a-bd85-402e-b474-1deb64c18a52,0.3,false,false,near_mint,en,USD,2025-10-03T05:58:04.561Z
Library,binder,"Lady Octopus, Inspired Inventor",SPM,Marvel's Spider-Man,35,normal,rare,2,108549,8c5f360b-f9a0-46e0-9e8b-58e5b4b0389e,1.14,false,false,near_mint,en,USD,2025-10-03T05:58:04.561Z
Library,binder,Shadow of the Goblin,SPM,Marvel's Spider-Man,87,normal,rare,2,108545,854b6898-c480-435b-8952-a077c7977cec,0.84,false,false,near_mint,en,USD,2025-10-03T05:58:04.561Z
Library,binder,"Lizard, Connors's Curse",SPM,Marvel's Spider-Man,106,normal,rare,2,108530,6add5d2a-950e-4bee-9850-e68f5f6d6142,0.27,false,false,near_mint,en,USD,2025-10-03T05:58:04.561Z
Library,binder,Rent Is Due,SPM,Marvel's Spider-Man,11,normal,rare,2,108569,b3f8d221-081f-49f5-a501-07e5eb21a840,0.22,false,false,near_mint,en,USD,2025-10-03T05:58:04.561Z
Library,binder,Strength of Will,SPM,Marvel's Spider-Man,118,foil,rare,2,108529,68f985c7-7765-46c3-ad31-edae3abb9fbf,1.25,false,false,near_mint,en,USD,2025-10-03T05:58:04.561Z
Library,binder,Biorganic Carapace,SPM,Marvel's Spider-Man,124,normal,rare,2,108649,9658fdab-9702-4e13-bc53-01a25a2ed41a,0.27,false,false,near_mint,en,USD,2025-10-03T05:58:04.561Z
Library,binder,Superior Spider-Man,SPM,Marvel's Spider-Man,155,normal,rare,2,108566,ad4adc3e-ec41-4406-8ff2-59ba8067cf4e,1.69,false,false,near_mint,en,USD,2025-10-03T05:58:04.561Z
Library,binder,"Scarlet Spider, Ben Reilly",SPM,Marvel's Spider-Man,142,foil,rare,1,108593,ee771581-f867-48d7-9ddb-897a1ffcdf0a,1.2,false,false,near_mint,en,USD,2025-10-03T05:58:04.561Z
Library,binder,Kraven's Last Hunt,SPM,Marvel's Spider-Man,105,normal,rare,2,107883,d0c18ffe-a2b9-40df-a6b4-a9381e6dc467,0.17,false,false,near_mint,en,USD,2025-10-03T05:58:04.561Z
Library,binder,Multiversal Passage,SPM,Marvel's Spider-Man,180,normal,rare,2,107889,f5fb426a-5618-4dd4-9c51-0cc847be8c1d,8.62,false,false,near_mint,en,USD,2025-10-03T05:58:04.561Z
Library,binder,Strength of Will,SPM,Marvel's Spider-Man,118,normal,rare,2,108529,68f985c7-7765-46c3-ad31-edae3abb9fbf,0.98,false,false,near_mint,en,USD,2025-10-03T05:58:04.561Z
Library,binder,"Mysterio, Master of Illusion",SPM,Marvel's Spider-Man,37,normal,rare,2,108477,facbd96f-c088-4377-b740-5e0fe99102bb,0.2,false,false,near_mint,en,USD,2025-10-03T05:58:04.561Z
Library,binder,Mary Jane Watson,SPM,Marvel's Spider-Man,134,normal,rare,2,108491,178345f7-8ccd-4e47-80f4-5bd31bab6655,0.28,false,false,near_mint,en,USD,2025-10-03T05:58:04.561Z
Library,binder,Origin of Spider-Man,SPM,Marvel's Spider-Man,9,normal,rare,2,107657,a10a7da7-d9cb-495a-9c9f-205d355c390d,0.24,false,false,near_mint,en,USD,2025-10-03T05:58:04.561Z
Library,binder,Spinneret and Spiderling,SPM,Marvel's Spider-Man,94,normal,rare,2,108560,a27834b7-e763-48ac-845e-ed49f2fa6c6d,0.24,false,false,near_mint,en,USD,2025-10-03T05:58:04.561Z
Library,binder,"Spider-Woman, Stunning Savior",SPM,Marvel's Spider-Man,152,normal,rare,2,108572,bc9b2a76-3cce-4fd0-a4ef-932747cb11b2,0.81,false,false,near_mint,en,USD,2025-10-03T05:58:04.561Z
Library,binder,Symbiote Spider-Man,SPM,Marvel's Spider-Man,156,normal,rare,2,107866,6a21c0ff-b51a-4946-9737-7872a7eef97b,0.53,false,false,near_mint,en,USD,2025-10-03T05:58:04.561Z
Library,binder,"Electro, Assaulting Battery",SPM,Marvel's Spider-Man,76,normal,rare,2,108468,d672cfad-e656-47f8-bf93-64f262aff33e,4.38,false,false,near_mint,en,USD,2025-10-03T05:58:04.561Z
Library,binder,"The Spot, Living Portal",SPM,Marvel's Spider-Man,153,normal,rare,2,108481,09081740-1180-48ea-b50b-e016d9c3828a,0.21,false,false,near_mint,en,USD,2025-10-03T05:58:04.561Z
Library,binder,Behold the Sinister Six!,SPM,Marvel's Spider-Man,51,foil,mythic,2,108430,1919bfec-1906-4178-ad32-d4589842e563,3.49,false,false,near_mint,en,USD,2025-10-03T05:58:04.561Z
Library,binder,"Jackal, Genius Geneticist",SPM,Marvel's Spider-Man,131,normal,rare,2,108659,c0ab07d6-b7c3-4129-9aef-cfdcfabec4b2,0.29,false,false,near_mint,en,USD,2025-10-03T05:58:04.561Z
Library,binder,"Silk, Web Weaver",SPM,Marvel's Spider-Man,145,normal,rare,2,108637,588dc8d9-6ce0-4bd7-afbd-84bb251fdcb1,0.74,false,false,near_mint,en,USD,2025-10-03T05:58:04.561Z
Library,binder,Doc Ock's Tentacles,SPM,Marvel's Spider-Man,162,normal,rare,2,108605,fed9547c-9d0d-4e62-9639-887ed09231a2,0.35,false,false,near_mint,en,USD,2025-10-03T05:58:04.561Z
Library,binder,Oscorp Industries,SPM,Marvel's Spider-Man,182,normal,rare,2,108492,1e609d6e-9e37-45d2-87de-8c76675f7cec,0.85,false,false,near_mint,en,USD,2025-10-03T05:58:04.561Z
Library,binder,Urban Retreat,SPM,Marvel's Spider-Man,187,normal,rare,2,108623,2581f320-8238-413d-ab04-d5535da55630,0.82,false,false,near_mint,en,USD,2025-10-03T05:58:04.561Z
Library,binder,Ultimate Green Goblin,SPM,Marvel's Spider-Man,157,normal,rare,2,108472,e82d3f71-8404-40e7-b7fa-35713d1b384e,0.31,false,false,near_mint,en,USD,2025-10-03T05:58:04.561Z
Library,binder,Parker Luck,SPM,Marvel's Spider-Man,60,normal,rare,2,108587,e375bcf0-7fcb-4fe4-a7e8-a4cbf9b23e3c,0.28,false,false,near_mint,en,USD,2025-10-03T05:58:04.561Z
Library,binder,J. Jonah Jameson,SPM,Marvel's Spider-Man,81,normal,rare,2,108427,9ee905d6-b647-4eb1-a8d9-89add9bafc31,0.26,false,false,near_mint,en,USD,2025-10-03T05:58:04.561Z
Library,binder,Friendly Neighborhood,SPM,Marvel's Spider-Man,8,normal,rare,2,108619,17a18e2f-221f-4fc2-8dab-25bf12fb8756,0.18,false,false,near_mint,en,USD,2025-10-03T05:58:04.561Z
Library,binder,Hide on the Ceiling,SPM,Marvel's Spider-Man,32,normal,rare,2,108541,7977e448-01fa-4fa5-a275-0d6a1357b35c,1.47,false,false,near_mint,en,USD,2025-10-03T05:58:04.561Z
Library,binder,Spider-Sense,SPM,Marvel's Spider-Man,284,foil,rare,2,108579,d123d19e-fb13-4c1c-b765-8c4f1fef453a,1.15,false,false,near_mint,en,USD,2025-10-03T05:58:04.561Z
Library,binder,Norman Osborn // Green Goblin,SPM,Marvel's Spider-Man,220,normal,mythic,2,108475,f35d0be0-19e3-417e-aabf-fbed1aefd73c,12.43,false,false,near_mint,en,USD,2025-10-03T05:58:04.561Z
Library,binder,Norman Osborn // Green Goblin,SPM,Marvel's Spider-Man,39,normal,mythic,2,108467,d5c53af9-7150-4e78-8771-2de7980aa307,6.98,false,false,near_mint,en,USD,2025-10-03T05:58:04.561Z
Library,binder,Spectacular Spider-Man,SPM,Marvel's Spider-Man,14,normal,rare,2,107857,32bff506-efc0-42ef-8286-ed939bf853d7,4.67,false,false,near_mint,en,USD,2025-10-03T05:58:04.561Z
Library,binder,Winds of Change,MAR,Marvel Universe,30,normal,mythic,2,108561,a6e83b7b-07df-4ff0-8942-8fdb3f1502f9,4.4,false,false,near_mint,en,USD,2025-10-03T05:58:04.561Z
Library,binder,Comeuppance,MAR,Marvel Universe,1,normal,mythic,2,108669,ec191a2f-12b1-438b-b2fe-f88fb82d9b87,2.44,false,false,near_mint,en,USD,2025-10-03T05:58:04.561Z
Library,binder,"Spider-Ham, Peter Porker",SPM,Marvel's Spider-Man,114,normal,rare,2,107629,41f18f42-b86b-4a12-9f0d-76b761571195,0.62,false,false,near_mint,en,USD,2025-10-03T05:58:04.561Z
Library,binder,"Sandman, Shifting Scoundrel",SPM,Marvel's Spider-Man,112,normal,rare,2,108446,609ac18c-ec58-4fa7-bbee-3912a69d0ec6,0.35,false,false,near_mint,en,USD,2025-10-03T05:58:04.561Z
Library,binder,With Great Power . . .,SPM,Marvel's Spider-Man,24,normal,rare,2,108476,f717c096-e161-426e-a8d7-c93b117e16b9,0.47,false,false,near_mint,en,USD,2025-10-03T05:58:04.561Z
Library,binder,Peter Parker's Camera,SPM,Marvel's Spider-Man,171,normal,rare,2,108515,47875dff-c046-4cb0-b1e3-f926cbe25b59,1.48,false,false,near_mint,en,USD,2025-10-03T05:58:04.561Z
Library,binder,Villainous Wrath,SPM,Marvel's Spider-Man,74,normal,rare,4,108664,d78e36fd-5817-4c4a-8880-dabe6dd4ba81,0.94,false,false,near_mint,en,USD,2025-10-03T05:58:04.561Z
Library,binder,Scion of the Ur-Dragon,C17,Commander 2017,192,normal,rare,1,4263,565b2a40-57b1-451f-8c2a-e02222502288,8.85,false,false,near_mint,en,USD,2026-03-28T01:39:56.590Z
Library,binder,Astral Dragon,CLB,Commander Legends: Battle for Baldur's Gate,613,normal,rare,1,69898,b5bf8b03-1f5c-46c5-a684-ae5c04630286,17.84,false,false,near_mint,ja,USD,2026-04-02T05:22:53.331Z
Library,binder,"Betor, Kin to All",TDM,Tarkir: Dragonstorm,172,normal,mythic,1,104345,b475b071-5545-483e-a397-89451f258602,7.02,false,false,near_mint,en,USD,2026-05-10T20:26:58.752Z
Library,binder,Undercity Scrounger,NEO,Kamigawa: Neon Dynasty,126,normal,common,1,66882,6319b84b-8a3d-4bc8-af48-8b500f124be1,0.19,false,false,near_mint,en,USD,2026-05-20T18:47:04.415Z
Library,binder,Scrapyard Steelbreaker,NEO,Kamigawa: Neon Dynasty,160,normal,common,1,66875,5776e576-5562-45ea-a29b-185410317e17,0.07,false,false,near_mint,en,USD,2026-05-20T18:47:04.416Z
Library,binder,Mnemonic Sphere,NEO,Kamigawa: Neon Dynasty,64,normal,common,1,66648,1a15d8d9-0575-4add-ae8d-4576e8ed2cbe,0.2,false,false,near_mint,en,USD,2026-05-20T18:47:04.417Z
Library,binder,Scoured Barrens,NEO,Kamigawa: Neon Dynasty,274,normal,common,1,66848,00538414-90f3-41da-b67e-d81cfa643de3,0.24,false,false,near_mint,en,USD,2026-05-20T18:47:04.418Z
Library,binder,Germinating Wurm,EOE,Edge of Eternities,187,normal,common,1,107792,fcde173a-6314-4904-bddd-68b2ab1e4867,0.12,false,false,near_mint,en,USD,2026-05-20T18:47:04.419Z
Library,binder,Starport Security,EOE,Edge of Eternities,39,normal,common,1,107244,238cb1db-6c41-4fe1-bc34-340048dfde18,0.05,false,false,near_mint,en,USD,2026-05-20T18:47:04.420Z
Library,binder,Steelswarm Operator,EOE,Edge of Eternities,80,foil,uncommon,1,107544,ca468b86-f31a-4cd7-a574-eb984bc4bc3e,0.31,false,false,near_mint,en,USD,2026-05-20T18:47:04.423Z
Library,binder,Forest,EOE,Edge of Eternities,275,normal,common,1,107213,fb62605c-a58e-4e53-8336-b2bee316b5a6,0.1,false,false,near_mint,en,USD,2026-05-20T18:47:04.424Z
Library,binder,Plains,ONE,Phyrexia: All Will Be One,267,foil,common,1,78220,36ccde39-98bd-4a67-bfcf-a66d9fbd9417,2.25,false,false,near_mint,en,USD,2026-05-20T18:47:04.426Z
Library,binder,Illvoi Light Jammer,EOE,Edge of Eternities,60,normal,common,1,107785,efb3d961-543c-4404-b4ed-1cb28ee411b3,0.13,false,false,near_mint,en,USD,2026-05-20T18:47:04.427Z
Library,binder,Radiant Strike,EOE,Edge of Eternities,29,normal,common,1,107484,8c38e4cb-918b-4493-872b-66c90dcfd339,0.08,false,false,near_mint,en,USD,2026-05-20T18:47:04.431Z
Library,binder,Consult the Star Charts,EOE,Edge of Eternities,51,normal,rare,1,107113,a16a6555-2e3a-4587-aacd-0307d696b26c,4.28,false,false,near_mint,en,USD,2026-05-20T18:47:04.432Z
Library,binder,Dual-Sun Technique,EOE,Edge of Eternities,13,normal,uncommon,2,107583,f8931132-391f-4f16-b480-0a245ab2ec21,0.22,false,false,near_mint,en,USD,2026-05-20T18:47:04.433Z
Library,binder,Bombard,EOE,Edge of Eternities,129,normal,common,1,107698,29492df8-3077-4ded-a6e2-51d3bd4669b4,0.13,false,false,near_mint,en,USD,2026-05-20T18:47:04.436Z
Library,binder,Gene Pollinator,EOE,Edge of Eternities,186,normal,common,1,107772,ce7a8eec-a029-4ee1-b2d6-405d903d4640,0.29,false,false,near_mint,en,USD,2026-05-20T18:47:04.437Z
Library,binder,Squire's Lightblade,EOE,Edge of Eternities,36,normal,common,1,107699,2a0accba-85d4-4aa4-a70c-80fcce48c261,0.15,false,false,near_mint,en,USD,2026-05-20T18:47:04.438Z
Library,binder,Island,EOE,Edge of Eternities,270,normal,common,1,106987,2fb9ecfd-8025-48c0-a306-b4deebde2949,0.14,false,false,near_mint,en,USD,2026-05-20T18:47:04.439Z
Library,binder,Eusocial Engineering,EOE,Edge of Eternities,181,normal,uncommon,1,106940,011bd7d8-6d60-482a-91b7-d3f0aad13b71,0.29,false,false,near_mint,en,USD,2026-05-20T18:47:04.440Z
Library,binder,Vote Out,EOE,Edge of Eternities,126,normal,uncommon,1,107717,4f50bb47-cc4d-4b81-b5f1-817ca8744d12,0.07,false,false,near_mint,en,USD,2026-05-20T18:47:04.441Z
Library,binder,All-Fates Scroll,EOE,Edge of Eternities,234,normal,uncommon,1,107407,3a5ed010-cb17-45df-b169-ebc807dae534,0.35,false,false,near_mint,en,USD,2026-05-20T18:47:04.442Z
Library,binder,Meltstrider's Gear,EOE,Edge of Eternities,198,normal,common,1,107775,d75629cb-91e2-46fa-9c80-6feb29e1ceb8,0.07,false,false,near_mint,en,USD,2026-05-20T18:47:04.443Z
Library,binder,Gravblade Heavy,EOE,Edge of Eternities,102,normal,common,1,107756,b3872341-d711-407b-85e4-46ccb99988e1,0.03,false,false,near_mint,en,USD,2026-05-20T18:47:04.444Z
Library,binder,Kavaron Skywarden,EOE,Edge of Eternities,140,normal,common,1,107726,617038a8-0544-4d0e-8ff1-c786e60ecd59,0.11,false,false,near_mint,en,USD,2026-05-20T18:47:04.445Z
Library,binder,Diplomatic Relations,EOE,Edge of Eternities,177,normal,common,1,107778,e0a104c5-61fb-4733-97ab-a31a15a49443,0.09,false,false,near_mint,en,USD,2026-05-20T18:47:04.446Z
Library,binder,Auxiliary Boosters,EOE,Edge of Eternities,5,normal,common,1,107714,43706295-afd6-442c-8828-8cf978152701,0.1,false,false,near_mint,en,USD,2026-05-20T18:47:04.447Z
Library,binder,Sinister Cryologist,EOE,Edge of Eternities,75,normal,common,1,107783,e8fbe740-05ec-4ced-bb9d-3084c8c2b631,0.07,false,false,near_mint,en,USD,2026-05-20T18:47:04.448Z
Library,binder,Pinnacle Kill-Ship,EOE,Edge of Eternities,244,normal,common,1,107533,bf784de8-5ae2-4c07-92bb-a5b7f593b773,0.24,false,false,near_mint,en,USD,2026-05-20T18:47:04.449Z
Library,binder,Wedgelight Rammer,EOE,Edge of Eternities,43,normal,uncommon,1,107397,2cb0984f-dc8b-4bb3-a4fd-8d6d4ae20198,0.06,false,false,near_mint,en,USD,2026-05-20T18:47:04.450Z
Library,binder,Susurian Dirgecraft,EOE,Edge of Eternities,117,foil,uncommon,1,107757,b67cdb6e-9a3b-4887-924d-318faa3c443d,0.17,false,false,near_mint,en,USD,2026-05-20T18:47:04.451Z
Library,binder,Possibility Technician,EOE,Edge of Eternities,153,normal,rare,1,107267,4b146c78-403f-48c8-941d-41114498bb89,0.21,false,false,near_mint,en,USD,2026-05-20T18:47:04.452Z
Library,binder,Seam Rip,EOE,Edge of Eternities,34,normal,uncommon,1,107750,9d298847-2d02-4593-b4d3-c5b722edac1e,0.65,false,false,near_mint,en,USD,2026-05-20T18:47:04.453Z
Library,binder,Singularity Rupture,EOE,Edge of Eternities,228,normal,rare,1,107116,a34012e3-ec7a-4713-a2c2-f8efff49e364,1.18,false,false,near_mint,en,USD,2026-05-20T18:47:04.454Z
Library,binder,Close Encounter,EOE,Edge of Eternities,176,normal,uncommon,1,107513,a8a77351-9115-470f-8141-222c1916b337,0.06,false,false,near_mint,en,USD,2026-05-20T18:47:04.455Z
Library,binder,Desculpting Blast,EOE,Edge of Eternities,54,normal,uncommon,1,107464,77fdbf32-b5f4-4346-846d-d8e0e53e6e53,0.04,false,false,near_mint,en,USD,2026-05-20T18:47:04.456Z
Library,binder,Seedship Broodtender,EOE,Edge of Eternities,227,normal,uncommon,1,107379,1abc176f-2ccf-4371-b4b5-030dd99ff7fc,0.27,false,false,near_mint,en,USD,2026-05-20T18:47:04.457Z
Library,binder,Mechanozoa,EOE,Edge of Eternities,66,normal,common,1,106948,0cb8d8ce-329a-4a97-b3d8-796703ebcb37,0.14,false,false,near_mint,en,USD,2026-05-20T18:47:04.458Z
Library,binder,Temporal Intervention,EOE,Edge of Eternities,120,normal,common,1,107064,79f9525a-4cb7-411e-b7b5-2113e93bcbc3,0.05,false,false,near_mint,en,USD,2026-05-20T18:47:04.459Z
Library,binder,Comet Crawler,EOE,Edge of Eternities,92,normal,common,1,107766,becca990-ab2e-4aa4-be7d-293ec727cb08,0.07,false,false,near_mint,en,USD,2026-05-20T18:47:04.460Z
Library,binder,Melded Moxite,EOE,Edge of Eternities,143,normal,common,1,107421,474c067f-eb24-4ae8-b4c0-f6f8e24cdb2a,0.21,false,false,near_mint,en,USD,2026-05-20T18:47:04.461Z
Library,binder,Biosynthic Burst,EOE,Edge of Eternities,173,normal,common,1,107732,6d73a4a8-5d52-4c12-a96a-45cd202bcc62,0.23,false,false,near_mint,en,USD,2026-05-20T18:47:04.462Z
Library,binder,Luxknight Breacher,EOE,Edge of Eternities,26,normal,common,1,107537,c1236731-0d33-4705-8077-3cf58acf9a39,0.12,false,false,near_mint,en,USD,2026-05-20T18:47:04.463Z
Library,binder,Mental Modulation,EOE,Edge of Eternities,67,normal,common,1,107693,0f2d12fc-38a0-42e6-9caa-7c18bfcf0011,0.12,false,false,near_mint,en,USD,2026-05-20T18:47:04.464Z
Library,binder,Hullcarver,EOE,Edge of Eternities,105,normal,common,1,107075,817b5b18-beb5-48c8-aa45-0515ff9ca5da,0.07,false,false,near_mint,en,USD,2026-05-20T18:47:04.465Z
Library,binder,Swamp,EOE,Edge of Eternities,271,normal,common,1,107024,58496a56-437f-4204-9691-f63795e5cdab,0.23,false,false,near_mint,en,USD,2026-05-20T18:47:04.466Z
Library,binder,Knight Luminary,EOE,Edge of Eternities,23,foil,common,1,107708,34334971-c1b7-4506-a6dd-77f66b3ae4e7,0.1,false,false,near_mint,en,USD,2026-05-20T18:47:04.467Z
Library,binder,Tragic Trajectory,EOE,Edge of Eternities,122,normal,uncommon,1,107063,78c8bc60-1378-4028-8ab1-3286e459bffb,0.28,false,false,near_mint,en,USD,2026-05-20T18:47:04.469Z
Library,binder,Territorial Bruntar,EOE,Edge of Eternities,165,normal,uncommon,1,107776,dbb25585-6048-4a85-828e-675bf0da6508,0.11,false,false,near_mint,en,USD,2026-05-20T18:47:04.470Z
Library,binder,Blooming Stinger,EOE,Edge of Eternities,174,normal,common,1,107705,2ee859bd-d99c-4b1d-9372-7ff4fc1e8c6a,0.19,false,false,near_mint,en,USD,2026-05-20T18:47:04.475Z
Library,binder,Knight Luminary,EOE,Edge of Eternities,23,normal,common,1,107708,34334971-c1b7-4506-a6dd-77f66b3ae4e7,0.08,false,false,near_mint,en,USD,2026-05-20T18:47:04.476Z
Library,binder,Illvoi Galeblade,EOE,Edge of Eternities,58,normal,common,1,107060,769f7d13-a312-4d79-8639-6ae248452448,0.23,false,false,near_mint,en,USD,2026-05-20T18:47:04.477Z
Library,binder,Uthros Scanship,EOE,Edge of Eternities,85,normal,uncommon,1,107384,1f93887f-35c5-472f-83d0-54227b3bd1d2,0.16,false,false,near_mint,en,USD,2026-05-20T18:47:04.478Z
Library,binder,Lithobraking,EOE,Edge of Eternities,142,normal,uncommon,1,107438,5a22024c-2c0f-4487-98d1-ee89cf3dba89,0.14,false,false,near_mint,en,USD,2026-05-20T18:47:04.483Z
Library,binder,Atomic Microsizer,EOE,Edge of Eternities,47,normal,uncommon,1,107403,3554f0c7-ea73-43e9-a061-bbb8ef6abce1,0.09,false,false,near_mint,en,USD,2026-05-20T18:47:04.484Z
Library,binder,Beamsaw Prospector,EOE,Edge of Eternities,89,normal,common,1,107734,6f717a3f-c6db-4e8d-8b62-6361ab33d000,0.16,false,false,near_mint,en,USD,2026-05-20T18:47:04.487Z
Library,binder,Orbital Plunge,EOE,Edge of Eternities,149,normal,common,1,107703,2dc7cc17-5319-4694-99c6-8c56a0b40a44,0.13,false,false,near_mint,en,USD,2026-05-20T18:47:04.488Z
Library,binder,Cloudsculpt Technician,EOE,Edge of Eternities,49,normal,common,2,107718,51077a54-15cf-4088-8e84-088d72e8e861,0.04,false,false,near_mint,en,USD,2026-05-20T18:47:04.490Z
Library,binder,Embrace Oblivion,EOE,Edge of Eternities,98,normal,common,2,106927,3754fc20-7aaa-437d-97df-d6cf1c29586c,0.1,false,false,near_mint,en,USD,2026-05-20T18:47:04.491Z
Library,binder,Atmospheric Greenhouse,EOE,Edge of Eternities,171,normal,uncommon,1,107532,bf05e378-7a0c-49e3-8c6e-c0fd56796434,0.21,false,false,near_mint,en,USD,2026-05-20T18:47:04.492Z
Library,binder,Lumen-Class Frigate,EOE,Edge of Eternities,25,normal,rare,1,107370,0cc59b5a-65fa-47cc-8ac7-b7c3f533a782,0.32,false,false,near_mint,en,USD,2026-05-20T18:47:04.493Z
Library,binder,Plains,EOE,Edge of Eternities,262,normal,common,2,106773,089ae01b-e042-4255-b0ee-17d8f416a8d9,0.7,false,false,near_mint,en,USD,2026-05-20T18:47:04.494Z
Library,binder,Mountain,EOE,Edge of Eternities,274,foil,common,1,107186,de0ac2b0-175b-4e71-9172-ce2a72234818,0.19,false,false,near_mint,en,USD,2026-05-20T18:47:04.495Z
Library,binder,Brightspear Zealot,EOE,Edge of Eternities,8,foil,common,1,107782,e7f7541a-5910-4f33-8c1d-3507ce3a426e,0.1,false,false,near_mint,en,USD,2026-05-20T18:47:04.496Z
Library,binder,Voidforged Titan,EOE,Edge of Eternities,125,normal,uncommon,1,107034,6119c016-01b2-44f3-9550-6988324c1d1f,0.08,false,false,near_mint,en,USD,2026-05-20T18:47:04.497Z
Library,binder,Systems Override,EOE,Edge of Eternities,161,normal,uncommon,1,106980,2a34c71b-8d3c-435b-9cf8-4902f997d10d,0.08,false,false,near_mint,en,USD,2026-05-20T18:47:04.498Z
Library,binder,Biomechan Engineer,EOE,Edge of Eternities,213,normal,uncommon,1,107468,7edcef2c-029c-46bd-bfeb-ff56a57dd63a,0.09,false,false,near_mint,en,USD,2026-05-20T18:47:04.499Z
Library,binder,Glacier Godmaw,EOE,Edge of Eternities,188,normal,uncommon,1,107608,d3291c51-e963-4970-813d-9a06a47aa71e,0.28,false,false,near_mint,en,USD,2026-05-20T18:47:04.500Z
Library,binder,Thaumaton Torpedo,EOE,Edge of Eternities,246,normal,common,1,107695,1817f1b5-960a-435c-bdec-8cc8cbcb3358,0.09,false,false,near_mint,en,USD,2026-05-20T18:47:04.501Z
Library,binder,Exosuit Savior,EOE,Edge of Eternities,16,normal,common,1,107741,826c0455-a6ce-43ad-bd5c-0a5df169da90,0.11,false,false,near_mint,en,USD,2026-05-20T18:47:04.502Z
Library,binder,Illvoi Operative,EOE,Edge of Eternities,61,normal,common,1,107773,d0ae9fc7-1802-4806-9996-1f1f458ff6a7,0.05,false,false,near_mint,en,USD,2026-05-20T18:47:04.503Z
Library,binder,Decode Transmissions,EOE,Edge of Eternities,94,normal,common,1,107166,cecb4936-14ca-49f9-b209-6519cab54b30,0.11,false,false,near_mint,en,USD,2026-05-20T18:47:04.504Z
Library,binder,Slagdrill Scrapper,EOE,Edge of Eternities,160,normal,common,1,107694,155dcf54-8fdb-4715-97dc-4eb5d3d80d78,0.18,false,false,near_mint,en,USD,2026-05-20T18:47:04.505Z
Library,binder,Sami's Curiosity,EOE,Edge of Eternities,203,normal,common,1,107460,703ad0f3-bd05-42b0-85fb-0cd37807dc91,0.1,false,false,near_mint,en,USD,2026-05-20T18:47:04.506Z
Library,binder,Starfighter Pilot,EOE,Edge of Eternities,38,normal,common,1,106970,1e571246-aadc-4d1f-a284-9a529e150fe0,0.13,false,false,near_mint,en,USD,2026-05-20T18:47:04.507Z
Library,binder,Plains,EOE,Edge of Eternities,268,normal,common,1,107115,a26fd28e-d053-48b3-ab4c-2dc6fd33fa64,0.21,false,false,near_mint,en,USD,2026-05-20T18:47:04.508Z
Library,binder,Dual-Sun Adepts,EOE,Edge of Eternities,12,normal,uncommon,1,107771,c7e8c830-77ae-437f-8e28-ce61c5fde6b6,0.07,false,false,near_mint,en,USD,2026-05-20T18:47:04.510Z
Library,binder,Gigastorm Titan,EOE,Edge of Eternities,57,normal,uncommon,1,107603,abc83e0a-0ae5-4087-a751-058a1ba6a920,0.22,false,false,near_mint,en,USD,2026-05-20T18:47:04.511Z
Library,binder,Lashwhip Predator,EOE,Edge of Eternities,195,normal,uncommon,1,107593,24553e98-29a9-47e3-91c7-9add708d9ad1,0.08,false,false,near_mint,en,USD,2026-05-20T18:47:04.512Z
Library,binder,Nanoform Sentinel,EOE,Edge of Eternities,71,normal,common,1,107711,3eeae8c3-7939-4c79-92f0-fbdb9c1b71d3,0.1,false,false,near_mint,en,USD,2026-05-20T18:47:04.513Z
Library,binder,Depressurize,EOE,Edge of Eternities,95,normal,common,1,107697,25520d5a-1a83-42cc-8ace-8b1156019d64,0.07,false,false,near_mint,en,USD,2026-05-20T18:47:04.514Z
Library,binder,Nutrient Block,EOE,Edge of Eternities,243,normal,common,1,107114,a26064bb-c568-4ed6-86db-3aab69b050db,0.26,false,false,near_mint,en,USD,2026-05-20T18:47:04.519Z
Library,binder,Debris Field Crusher,EOE,Edge of Eternities,131,normal,uncommon,1,107197,ea713f35-6442-4388-8839-2714374fb4b6,0.12,false,false,near_mint,en,USD,2026-05-20T18:47:04.520Z
Library,binder,Divert Disaster,EOE,Edge of Eternities,55,normal,common,1,107770,c5f7d2fe-628b-4493-8281-0e5f91ce5d61,0.24,false,false,near_mint,en,USD,2026-05-20T18:47:04.521Z
Library,binder,Banishing Light,EOE,Edge of Eternities,6,normal,common,1,107153,c45f11cd-a0aa-4d14-aa21-57f0969f3e2b,0.2,false,false,near_mint,en,USD,2026-05-20T18:47:04.522Z
Library,binder,Fungal Colossus,EOE,Edge of Eternities,184,normal,common,1,107502,9dc9559f-cece-4c85-807c-158291666007,0.08,false,false,near_mint,en,USD,2026-05-20T18:47:04.523Z
Library,binder,Oreplate Pangolin,EOE,Edge of Eternities,150,normal,common,1,107747,90209957-95db-4b59-979a-316d14ef876c,0.09,false,false,near_mint,en,USD,2026-05-20T18:47:04.524Z
Library,binder,Perigee Beckoner,EOE,Edge of Eternities,112,normal,common,1,107786,f3666a08-d449-496f-969a-bf21d4afbd77,0.23,false,false,near_mint,en,USD,2026-05-20T18:47:04.525Z
Library,binder,Cryogen Relic,EOE,Edge of Eternities,52,normal,common,1,107466,7bfb33b6-e2bf-498f-8c58-ae21a840cf75,0.36,false,false,near_mint,en,USD,2026-05-20T18:47:04.526Z
Library,binder,Mechan Assembler,EOE,Edge of Eternities,63,normal,uncommon,1,107416,3fd46726-095e-4eb2-a804-eeeb988eee1d,0.19,false,false,near_mint,en,USD,2026-05-20T18:47:04.529Z
Library,binder,Invasive Maneuvers,EOE,Edge of Eternities,137,normal,uncommon,1,107524,b68010e2-7810-43cb-a52e-e73b1834e54e,0.05,false,false,near_mint,en,USD,2026-05-20T18:47:04.530Z
Library,binder,Larval Scoutlander,EOE,Edge of Eternities,194,normal,uncommon,1,107555,d6083f43-58dc-46fc-aeff-347b1080417b,0.29,false,false,near_mint,en,USD,2026-05-20T18:47:04.531Z
Library,binder,Comet Crawler,EOE,Edge of Eternities,92,foil,common,1,107766,becca990-ab2e-4aa4-be7d-293ec727cb08,0.08,false,false,near_mint,en,USD,2026-05-20T18:47:04.532Z
Library,binder,Forest,EOE,Edge of Eternities,266,normal,common,2,106786,8335b9f1-e726-423b-8ba7-6151448ab3fd,0.85,false,false,near_mint,en,USD,2026-05-20T18:47:04.533Z
Library,binder,The Eternity Elevator,EOE,Edge of Eternities,241,normal,rare,1,106967,1bb90ab9-43b9-4991-806a-0afc4d8caf5f,1.74,false,false,near_mint,en,USD,2026-05-20T18:47:04.534Z
Library,binder,Mutinous Massacre,EOE,Edge of Eternities,222,normal,rare,1,107012,42d5034f-18f0-4d57-9840-6be52c286247,0.31,false,false,near_mint,en,USD,2026-05-20T18:47:04.535Z
Library,binder,Emissary Escort,EOE,Edge of Eternities,399,foil,rare,1,107206,f32df6a8-d77f-40ce-bcac-9495db458210,0.17,false,false,near_mint,en,USD,2026-05-20T18:47:04.536Z
Library,binder,Cosmogoyf,EOE,Edge of Eternities,313,normal,rare,1,106961,15b98944-23c9-4609-b323-7925adaa9aac,0.65,false,false,near_mint,en,USD,2026-05-20T18:47:04.537Z
Library,binder,"Susur Secundi, Void Altar",EOE,Edge of Eternities,259,normal,mythic,1,107126,aefb8c0d-2bc6-4bec-851e-0137b4abfb22,4.84,false,false,near_mint,en,USD,2026-05-20T18:47:04.538Z
Library,binder,Blast Zone,EOS,Edge of Eternities: Stellar Sights,2,normal,rare,1,107737,75a02940-4930-4cd6-ba20-a88efd6e82ce,0.47,false,false,near_mint,en,USD,2026-05-20T18:47:04.540Z
Library,binder,Spider-Punk,SPM,Marvel's Spider-Man,210,normal,rare,1,107860,47cebb95-3a25-4e9e-ad9c-034e0cd5bfd1,4.54,false,false,near_mint,en,USD,2026-05-20T18:47:04.542Z
Library,binder,Forest,DKM,Deckmasters,49,normal,common,1,31770,33bf5c9d-3b64-4625-b8ab-b690df0eeeff,0.24,false,false,near_mint,en,USD,2026-05-20T18:47:04.543Z
Library,binder,Virulent Silencer,EOE,Edge of Eternities,248,normal,uncommon,2,107009,4120fcfc-3547-4774-a15d-b9cccac04e76,0.34,false,false,near_mint,en,USD,2026-05-20T18:47:04.421Z
Library,binder,Weftstalker Ardent,EOE,Edge of Eternities,169,normal,uncommon,2,107165,cddb48cc-8eb1-47ce-90f0-7aad1e93e2c4,0.77,false,false,near_mint,en,USD,2026-05-20T18:47:04.422Z
Library,binder,Icecave Crasher,EOE,Edge of Eternities,191,normal,common,3,107781,e6c1ed0c-0c0d-47a7-8ebc-67854cb226e0,0.05,false,false,near_mint,en,USD,2026-05-20T18:47:04.425Z
Library,binder,Swarm Culler,EOE,Edge of Eternities,119,normal,common,2,107700,2a8f583c-88b6-4797-b93e-3086845fc326,0.1,false,false,near_mint,en,USD,2026-05-20T18:47:04.428Z
Library,binder,Seedship Impact,EOE,Edge of Eternities,205,normal,uncommon,2,107169,d060d95f-f33a-4fc0-b002-c394d4cd82ce,0.26,false,false,near_mint,en,USD,2026-05-20T18:47:04.434Z
Library,binder,Dark Endurance,EOE,Edge of Eternities,93,normal,common,2,107790,fac87b49-a0cd-42d5-b30a-efc6d5526fc3,0.08,false,false,near_mint,en,USD,2026-05-20T18:47:04.435Z
Library,binder,Starbreach Whale,EOE,Edge of Eternities,77,normal,common,2,107085,8a1a0476-7145-4493-97e5-4fc05c85e476,0.13,false,false,near_mint,en,USD,2026-05-20T18:47:04.472Z
Library,binder,Insatiable Skittermaw,EOE,Edge of Eternities,108,normal,common,2,107195,e9d30cca-ea33-418f-bba3-5103f1dbd751,0.11,false,false,near_mint,en,USD,2026-05-20T18:47:04.473Z
Library,binder,Frontline War-Rager,EOE,Edge of Eternities,134,normal,common,2,107789,fa232943-818b-4944-be60-2d80c806bf62,0.04,false,false,near_mint,en,USD,2026-05-20T18:47:04.474Z
Library,binder,Forest,EOE,Edge of Eternities,276,normal,common,2,107048,673141ec-826f-4132-8282-d499990495a7,0.12,false,false,near_mint,en,USD,2026-05-20T18:47:04.479Z
Library,binder,Command Bridge,EOE,Edge of Eternities,252,normal,common,2,106926,247670d2-a7cd-4ed7-9c77-704c7962b815,0.23,false,false,near_mint,en,USD,2026-05-20T18:47:04.480Z
Library,binder,Red Tiger Mechan,EOE,Edge of Eternities,154,normal,common,2,107139,b7b2fa48-cd2d-42ea-afd8-8cbd7a1bcdab,0.08,false,false,near_mint,en,USD,2026-05-20T18:47:04.485Z
Library,binder,Allies at Last,TLA,Avatar: The Last Airbender,164,normal,uncommon,1,109381,11a77897-2aba-4a9b-bbe6-1768ca9f12cb,0.19,false,false,near_mint,en,USD,2026-05-20T18:55:17.294Z
Library,binder,Deserter's Disciple,TLA,Avatar: The Last Airbender,131,normal,common,1,108164,14f2ed5a-042b-4cce-82ad-cfb4bd511d98,0.07,false,false,near_mint,en,USD,2026-05-20T18:55:17.295Z
Library,binder,Foggy Swamp Vinebender,TLA,Avatar: The Last Airbender,180,normal,common,1,109727,78a75317-94f7-47a4-b4da-5a027fa73248,0.14,false,false,near_mint,en,USD,2026-05-20T18:55:17.296Z
Library,binder,Wandering Musicians,TLA,Avatar: The Last Airbender,250,normal,common,1,109916,3da81dbd-dc80-47ff-a33b-270d23a24e0a,0.11,false,false,near_mint,en,USD,2026-05-20T18:55:17.297Z
Library,binder,Bumi Bash,TLA,Avatar: The Last Airbender,125,normal,common,1,109571,e8895479-26cb-4ee8-98ca-6d46c43f0dbd,0.17,false,false,near_mint,en,USD,2026-05-20T18:55:17.298Z
Library,binder,Hog-Monkey,TLA,Avatar: The Last Airbender,104,normal,common,2,108206,4f442970-5355-4abf-8684-17daaa8e469b,0.08,false,false,near_mint,en,USD,2026-05-20T18:55:17.299Z
Library,binder,Rowdy Snowballers,TLA,Avatar: The Last Airbender,68,normal,common,1,108165,17d71522-b133-4003-b787-0c742a2fd70e,0.13,false,false,near_mint,en,USD,2026-05-20T18:55:17.301Z
Library,binder,Dragonfly Swarm,TLA,Avatar: The Last Airbender,215,normal,uncommon,1,109387,16be5cc4-b15a-4c5e-8a6e-05c87b519127,0.22,false,false,near_mint,en,USD,2026-05-20T18:55:17.302Z
Library,binder,"Flopsie, Bumi's Buddy",TLA,Avatar: The Last Airbender,179,normal,uncommon,1,108156,082f4abc-c09f-42cf-977f-060875dfd411,0.25,false,false,near_mint,en,USD,2026-05-20T18:55:17.303Z
Library,binder,Zuko's Conviction,TLA,Avatar: The Last Airbender,123,normal,uncommon,1,109923,ad8933d6-cdc7-4d60-a78e-b43ffecfb136,0.16,false,false,near_mint,en,USD,2026-05-20T18:55:17.304Z
Library,binder,Earth Kingdom Protectors,TLA,Avatar: The Last Airbender,17,normal,uncommon,1,109801,d263472e-1d75-4cb9-8f7b-986fa22bc841,0.17,false,false,near_mint,en,USD,2026-05-20T18:55:17.305Z
Library,binder,Mountain,TLA,Avatar: The Last Airbender,290,normal,common,1,108141,ea96ecc4-72f3-46a4-8900-6a7c5a83d4df,0.31,false,false,near_mint,en,USD,2026-05-20T18:55:17.306Z
Library,binder,Energybending,TLA,Avatar: The Last Airbender,2,foil,uncommon,1,109456,6c085441-e023-4032-89a0-d24ce5060ac3,0.38,false,false,near_mint,en,USD,2026-05-20T18:55:17.307Z
Library,binder,Fire Lord Zuko,TLA,Avatar: The Last Airbender,221,normal,rare,1,108140,e62d3bcc-7bb4-42be-90a9-caf3c1caa29d,0.36,false,false,near_mint,en,USD,2026-05-20T18:55:17.308Z
Library,binder,The Earth King,TLA,Avatar: The Last Airbender,172,normal,rare,1,109765,a8d5dca6-381a-4361-b265-27de8d04335c,0.71,false,false,near_mint,en,USD,2026-05-20T18:55:17.309Z
Library,binder,Herd Heirloom,TDM,Tarkir: Dragonstorm,144,normal,rare,1,104873,a88c7713-b3a9-4685-b1d3-623d35b62365,3.7,false,false,near_mint,en,USD,2026-05-20T18:55:17.310Z
Library,binder,Severance Priest,TDM,Tarkir: Dragonstorm,222,normal,rare,1,104917,bc779a1b-128c-4c74-bebd-bdb687867f68,0.19,false,false,near_mint,en,USD,2026-05-20T18:55:17.311Z
Library,binder,"Katara, Water Tribe's Hope",TLA,Avatar: The Last Airbender,231,normal,rare,1,108132,9ec03308-59a2-417a-938f-bdda75080e43,0.42,false,false,near_mint,en,USD,2026-05-20T18:55:17.312Z
Library,binder,Mechanized Ninja Cavalry,TMT,Teenage Mutant Ninja Turtles,156,foil,common,1,111445,2cb65388-dc6c-4e2a-93ac-49ea484849e9,0.25,false,false,near_mint,ja,USD,2026-05-20T18:55:17.313Z
Library,binder,"Donatello, Turtle Techie",TMT,Teenage Mutant Ninja Turtles,37,normal,common,1,111475,683cfef0-f164-4db8-b83f-79eb804e50ae,0.06,false,false,near_mint,ja,USD,2026-05-20T18:55:17.314Z
Library,binder,"Venus, Torn Between Worlds",TMT,Teenage Mutant Ninja Turtles,136,normal,uncommon,1,111614,fcb59b16-3d76-478e-9306-969dd2cb1b5a,0.19,false,false,near_mint,ja,USD,2026-05-20T18:55:17.315Z
Library,binder,Paramecia Coloniex,TMT,Teenage Mutant Ninja Turtles,70,normal,uncommon,1,111578,654e2646-78ac-4b08-bed1-3c71355d55fc,0.21,false,false,near_mint,ja,USD,2026-05-20T18:55:17.316Z
Library,binder,"Old Hob, Alleycat Blues",TMT,Teenage Mutant Ninja Turtles,99,normal,uncommon,1,111557,1515eed9-3b21-42f0-ab57-de5df19317af,0.14,false,false,near_mint,ja,USD,2026-05-20T18:55:17.317Z
Library,binder,Punk Frogs,TMT,Teenage Mutant Ninja Turtles,164,normal,common,1,111561,375c91a3-53c4-4f2d-bf7b-2c79a219d3ae,0.1,false,false,near_mint,ja,USD,2026-05-20T18:55:17.318Z
Library,binder,Escape Tunnel,TMT,Teenage Mutant Ninja Turtles,184,normal,common,1,111251,5df90940-15ea-418c-8547-6c75d69ec6d3,0.2,false,false,near_mint,ja,USD,2026-05-20T18:55:17.319Z
Library,binder,Uneasy Alliance,TMT,Teenage Mutant Ninja Turtles,28,normal,common,1,111575,5d9a4f9a-1e3a-4de8-a7c0-7158c6703b4e,0.1,false,false,near_mint,ja,USD,2026-05-20T18:55:17.320Z
Library,binder,"Oroku Saki, Shredder Rising",TMT,Teenage Mutant Ninja Turtles,68,normal,common,1,111606,e65ff1f4-a061-4c31-a78e-92af6e7bc56f,0.21,false,false,near_mint,ja,USD,2026-05-20T18:55:17.321Z
Library,binder,Sewer-veillance Cam,TMT,Teenage Mutant Ninja Turtles,53,normal,common,1,111505,ab47a37b-b66d-4f70-9bf0-4d5ed6b518f3,0.3,false,false,near_mint,ja,USD,2026-05-20T18:55:17.322Z
Library,binder,Rock Soldiers,TMT,Teenage Mutant Ninja Turtles,107,normal,common,1,111554,0fada65d-fd8d-4be9-b2bb-ea5cac78fdd7,0.04,false,false,near_mint,ja,USD,2026-05-20T18:55:17.323Z
Library,binder,Groundchuck & Dirtbag,TMT,Teenage Mutant Ninja Turtles,115,normal,rare,1,110905,1563592e-0f21-4488-a3ec-ca766386e423,0.44,false,false,near_mint,ja,USD,2026-05-20T18:55:17.324Z
Library,binder,Zoo Escapees,TMT,Teenage Mutant Ninja Turtles,138,normal,common,1,111542,f57ba8ff-2f8c-4ca1-9b13-42a7cc213e99,0.09,false,false,near_mint,ja,USD,2026-05-20T18:55:17.325Z
Library,binder,Foot Ninjas,TMT,Teenage Mutant Ninja Turtles,209,normal,common,1,111544,fa84045f-f14a-42fc-ba07-9674239b3587,0.17,false,false,near_mint,ja,USD,2026-05-20T18:55:17.326Z
Library,binder,Secret Tunnel,TLA,Avatar: The Last Airbender,278,normal,rare,1,109406,2d39a0e1-6484-409c-ab05-5b276925a949,2.77,false,false,near_mint,en,USD,2026-05-20T18:55:17.327Z
Library,binder,Earthbending Lesson,TLA,Avatar: The Last Airbender,176,normal,common,1,108142,eccd63b3-3a3a-4661-9d6e-fb8152429bdb,0.19,false,false,near_mint,en,USD,2026-05-20T18:55:17.328Z
Library,binder,Cunning Maneuver,TLA,Avatar: The Last Airbender,130,normal,common,1,109380,0ff7c993-ba29-43b0-9639-7c4bc0292fa2,0.2,false,false,near_mint,en,USD,2026-05-20T18:55:17.329Z
Library,binder,Sold Out,TLA,Avatar: The Last Airbender,119,normal,common,1,109389,1affba6d-2cca-4cdf-8690-1e23ffbe8462,0.07,false,false,near_mint,en,USD,2026-05-20T18:55:17.330Z
Library,binder,Flexible Waterbender,TLA,Avatar: The Last Airbender,50,normal,common,1,108163,1447ebce-7e48-4b21-a39c-740920538bdd,0.09,false,false,near_mint,en,USD,2026-05-20T18:55:17.331Z
Library,binder,Platypus-Bear,TLA,Avatar: The Last Airbender,236,normal,common,1,109474,7ebf742a-3995-4b22-9dc7-b05f57889683,0.11,false,false,near_mint,en,USD,2026-05-20T18:55:17.333Z
Library,binder,Zuko's Exile,TLA,Avatar: The Last Airbender,3,normal,common,1,109489,9090b055-3406-4fed-a8c6-3f6353a9600e,0.29,false,false,near_mint,en,USD,2026-05-20T18:55:17.334Z
Library,binder,Shared Roots,TLA,Avatar: The Last Airbender,196,normal,uncommon,1,109570,e7847ba5-e85e-417f-96c0-aef2e6f83994,0.7,false,false,near_mint,en,USD,2026-05-20T18:55:17.335Z
Library,binder,"Zhao, Ruthless Admiral",TLA,Avatar: The Last Airbender,252,normal,uncommon,1,109417,3fd48a57-b0bb-4177-a0f3-bd317a179cbe,0.17,false,false,near_mint,en,USD,2026-05-20T18:55:17.336Z
Library,binder,Gather the White Lotus,TLA,Avatar: The Last Airbender,20,normal,uncommon,1,109495,96e2b3d0-f060-4f3c-9d12-a0444b202008,0.12,false,false,near_mint,en,USD,2026-05-20T18:55:17.337Z
Library,binder,Deadly Precision,TLA,Avatar: The Last Airbender,95,foil,common,1,109422,4661daf6-d960-4278-8946-70948efaf99d,0.27,false,false,near_mint,en,USD,2026-05-20T18:55:17.338Z
Library,binder,Island,TLA,Avatar: The Last Airbender,293,foil,common,1,109562,dd5b22ec-847a-46bd-828e-be6059b4faec,0.45,false,false,near_mint,en,USD,2026-05-20T18:55:17.339Z
Library,binder,Combustion Technique,TLA,Avatar: The Last Airbender,301,normal,uncommon,1,109641,17d97052-e153-42d8-beb6-6d85815c9b59,0.3,false,false,near_mint,en,USD,2026-05-20T18:55:17.340Z
Library,binder,Great Divide Guide,TLA,Avatar: The Last Airbender,181,normal,rare,1,109795,cc3063ec-5ea6-46c1-8331-c740cbaf6c76,0.87,false,false,near_mint,en,USD,2026-05-20T18:55:17.341Z
Library,binder,Fire Sages,TLA,Avatar: The Last Airbender,136,foil,uncommon,1,108225,71a9fa44-306f-417a-a9d9-991aff95025c,0.25,false,false,near_mint,en,USD,2026-05-20T18:55:17.342Z
Library,binder,Foggy Swamp Spirit Keeper,TLA,Avatar: The Last Airbender,222,normal,uncommon,1,109541,cd624be9-e960-4485-a8a9-2d5f2dd51777,0.11,false,false,near_mint,en,USD,2026-05-20T18:55:17.343Z
Library,binder,Traveling Botanist,TDM,Tarkir: Dragonstorm,164,foil,uncommon,1,104788,890b11b4-777a-4f1e-8c4d-21c5ebbfb0a2,0.18,false,false,near_mint,en,USD,2026-05-20T18:55:17.345Z
Library,binder,Frontier Bivouac,ECC,Lorwyn Eclipsed Commander,150,normal,uncommon,1,110494,48810b27-0646-4ff9-9d4d-c6d09b2e0267,0.33,false,false,near_mint,en,USD,2026-05-20T18:55:17.348Z
Library,binder,Turtle-Duck,TLA,Avatar: The Last Airbender,200,normal,common,1,108264,aefcd734-3916-4c77-9d98-3ea2c2795658,0.18,false,false,near_mint,en,USD,2026-05-20T18:55:17.369Z
Library,binder,Anticausal Vestige,EOE,Edge of Eternities,1,normal,rare,1,106995,35372b69-6086-44e0-9f7c-681e362e5142,1.72,false,false,near_mint,en,USD,2026-05-20T18:55:17.370Z
Library,binder,Vibrant Cityscape,SPM,Marvel's Spider-Man,188,normal,common,4,108555,9c110fa1-2320-4652-b282-ed064a9ec9a9,0.24,false,false,near_mint,en,USD,2026-05-20T18:55:17.371Z
Library,binder,Sunblade Samurai,NEO,Kamigawa: Neon Dynasty,39,foil,common,1,66617,e6c577bb-5e21-4a3e-b0a7-713a4ff7dce6,0.18,false,false,near_mint,en,USD,2026-05-20T18:55:17.372Z
Library,binder,Touch the Spirit Realm,NEO,Kamigawa: Neon Dynasty,40,normal,uncommon,1,66823,e16ab44e-4257-4c0c-b705-8ac1e9c1d835,0.97,false,false,near_mint,en,USD,2026-05-20T18:55:17.374Z
Library,binder,Orochi Merge-Keeper,NEO,Kamigawa: Neon Dynasty,203,normal,uncommon,1,66729,736c3278-6ee2-47f9-aab0-1457e90137b1,0.2,false,false,near_mint,en,USD,2026-05-20T18:55:17.375Z
Library,binder,Dokuchi Silencer,NEO,Kamigawa: Neon Dynasty,95,normal,uncommon,1,66770,a24d5664-e214-466d-bb53-4e8f6f75a009,0.29,false,false,near_mint,en,USD,2026-05-20T18:55:17.376Z
Library,binder,Kami of Restless Shadows,NEO,Kamigawa: Neon Dynasty,104,normal,common,1,66881,62d3be4a-ab4f-46ef-837c-0f7559a701fe,0.2,false,false,near_mint,en,USD,2026-05-20T18:55:17.377Z
Library,binder,Jukai Trainee,NEO,Kamigawa: Neon Dynasty,326,normal,common,1,66853,164e663f-6a67-4a10-a737-33ea533a9316,0.17,false,false,near_mint,en,USD,2026-05-20T18:55:17.378Z
Library,binder,Eater of Virtue,NEO,Kamigawa: Neon Dynasty,245,normal,rare,1,66864,34d92077-d7b2-4996-848f-fd4917e2fb42,0.39,false,false,near_mint,en,USD,2026-05-20T18:55:17.379Z
Library,binder,Plains,EOE,Edge of Eternities,267,normal,common,1,107188,df31f72c-076e-4d8e-9975-6d6281ab71f6,0.18,false,false,near_mint,en,USD,2026-05-20T18:55:17.380Z
Library,binder,Zealous Display,EOE,Edge of Eternities,45,normal,common,1,107787,f5973fd3-d6bc-48f1-8a44-57d2a6dda228,0.07,false,false,near_mint,en,USD,2026-05-20T18:55:17.381Z
Library,binder,Dockworker Drone,EOE,Edge of Eternities,11,normal,common,1,107784,eeff069f-427b-42ad-afb1-36f0e547fb74,0.08,false,false,near_mint,en,USD,2026-05-20T18:55:17.382Z
Library,binder,Kav Landseeker,EOE,Edge of Eternities,138,normal,common,1,107065,7a5a7e89-50e3-43cb-af93-d7d80a630c11,0.14,false,false,near_mint,en,USD,2026-05-20T18:55:17.385Z
Library,binder,"Doc Ock, Sinister Scientist",SPM,Marvel's Spider-Man,29,normal,common,4,107678,de16ad65-c8c3-48c0-9d13-5af91b4e6f01,0.16,false,false,near_mint,en,USD,2026-05-20T18:55:17.387Z
Library,binder,Compassionate Healer,TLA,Avatar: The Last Airbender,13,normal,common,2,109483,88d5f8fd-d4de-4e64-9b74-e53719ffbcdc,0.15,false,false,near_mint,en,USD,2026-05-20T18:55:17.300Z
Library,binder,Mountain,EOE,Edge of Eternities,265,normal,common,1,106776,3204f401-1bcb-4d97-b15d-113a5d3c3e9f,1.41,false,false,near_mint,en,USD,2026-05-20T18:58:50.225Z
Library,binder,Swamp,EOE,Edge of Eternities,264,normal,common,1,106778,3e724e54-a622-4c77-8183-5a397a7c14a9,1.31,false,false,near_mint,en,USD,2026-05-20T18:58:50.226Z
Library,binder,Island,EOE,Edge of Eternities,263,normal,common,1,106783,76313c69-8ec7-49e3-a34e-ade26097284c,1.27,false,false,near_mint,en,USD,2026-05-20T18:58:50.227Z
Library,binder,Forest,EOE,Edge of Eternities,266,foil,common,1,106786,8335b9f1-e726-423b-8ba7-6151448ab3fd,1.25,false,false,near_mint,en,USD,2026-05-20T18:58:50.229Z
Library,binder,Swamp,EOE,Edge of Eternities,264,foil,common,1,106778,3e724e54-a622-4c77-8183-5a397a7c14a9,1.88,false,false,near_mint,en,USD,2026-05-20T18:58:50.231Z
Library,binder,Plains,EOE,Edge of Eternities,262,foil,common,1,106773,089ae01b-e042-4255-b0ee-17d8f416a8d9,1.06,false,false,near_mint,en,USD,2026-05-20T18:58:50.233Z
Library,binder,Fetid Gargantua,MH3,Modern Horizons 3,94,normal,common,1,94836,0cd368a9-5efe-4755-89be-a05cfa2b71c0,0.17,false,false,near_mint,en,USD,2026-05-20T18:58:50.234Z
Library,binder,Drossclaw,MH3,Modern Horizons 3,89,normal,common,1,94498,70e68656-3204-4bb5-9f31-8036083fcba6,0.18,false,false,near_mint,en,USD,2026-05-20T18:58:50.237Z
Library,binder,Aerie Auxiliary,MH3,Modern Horizons 3,18,normal,common,1,94859,5e4c134b-a416-467e-a158-def84c92c6af,0.15,false,false,near_mint,en,USD,2026-05-20T18:58:50.238Z
Library,binder,Sheltering Landscape,MH3,Modern Horizons 3,227,normal,common,1,94708,0fe070f4-8877-4280-b8fd-869f3ac34ab6,0.25,false,false,near_mint,en,USD,2026-05-20T18:58:50.239Z
Library,binder,Horrific Assault,MH3,Modern Horizons 3,157,normal,common,1,94888,cfa6ed13-7bba-40c0-8e0e-4ffd3cea6241,0.15,false,false,near_mint,en,USD,2026-05-20T18:58:50.240Z
Library,binder,Glyph Elemental,MH3,Modern Horizons 3,27,normal,uncommon,1,94528,89f48c8f-b6f9-43b2-91c3-8d6e95d62db9,0.25,false,false,near_mint,en,USD,2026-05-20T18:58:50.241Z
Library,binder,Mindless Conscription,MH3,Modern Horizons 3,101,normal,uncommon,1,94363,1af5b195-101a-4265-98a7-522a968cf218,0.21,false,false,near_mint,en,USD,2026-05-20T18:58:50.242Z
Library,binder,Wirewood Symbiote,MH3,Modern Horizons 3,288,normal,uncommon,1,94627,d237f5cc-2b9b-4929-9697-72078bac4c77,0.21,false,false,near_mint,en,USD,2026-05-20T18:58:50.243Z
Library,binder,Angel of the Ruins,MH3,Modern Horizons 3,262,foil,uncommon,1,94843,2647b5ac-1cd1-4069-a8df-2cd291a527b4,0.35,false,false,near_mint,en,USD,2026-05-20T18:58:50.244Z
Library,binder,Ugin's Binding,MH3,Modern Horizons 3,76,normal,mythic,1,94805,be13786a-f967-456b-bbc6-f4312467a827,0.58,false,false,near_mint,en,USD,2026-05-20T18:58:50.245Z
Library,binder,Savage Mansion,SPM,Marvel's Spider-Man,183,normal,common,1,108647,855f59a5-17a8-4aca-8a4d-f98111eba14c,0.15,false,false,near_mint,en,USD,2026-05-20T18:58:50.246Z
Library,binder,Spectacular Tactics,SPM,Marvel's Spider-Man,15,normal,common,5,107648,836b4246-f1f2-4495-8664-650dda70ed4f,0.16,false,false,near_mint,en,USD,2026-05-20T18:58:50.247Z
Library,binder,Costume Closet,SPM,Marvel's Spider-Man,5,normal,uncommon,3,108466,cc641f4a-ddbe-4f7d-bb55-eabf11f8b7fb,0.24,false,false,near_mint,en,USD,2026-05-20T18:58:50.248Z
Library,binder,"Shriek, Treblemaker",SPM,Marvel's Spider-Man,144,normal,uncommon,3,108615,01f1900e-b10f-47dd-8b3d-6913fa661186,0.06,false,false,near_mint,en,USD,2026-05-20T18:58:50.249Z
Library,binder,Sandman's Quicksand,SPM,Marvel's Spider-Man,63,normal,uncommon,2,108570,b7795e17-6717-464c-9ae3-20da52ba005a,0.08,false,false,near_mint,en,USD,2026-05-20T18:58:50.250Z
Library,binder,Spider Manifestation,SPM,Marvel's Spider-Man,148,normal,common,5,108553,99223677-b8a5-48f1-8009-e8475eada7db,0.33,false,false,near_mint,en,USD,2026-05-20T18:58:50.251Z
Library,binder,Spider-Man No More,SPM,Marvel's Spider-Man,45,normal,common,6,108642,72dbab11-96ed-43db-8b59-ceca47c8cd22,0.16,false,false,near_mint,en,USD,2026-05-20T18:58:50.252Z
Library,binder,Web Up,SPM,Marvel's Spider-Man,21,normal,common,5,107616,1ab7c1e6-54af-4002-8a81-23a1ccafa3ff,0.14,false,false,near_mint,en,USD,2026-05-20T18:58:50.253Z
Library,binder,Merciless Enforcers,SPM,Marvel's Spider-Man,58,normal,common,5,107686,fba9c76c-1432-4554-88bd-3f5e8709a963,0.08,false,false,near_mint,en,USD,2026-05-20T18:58:50.254Z
Library,binder,Subway Train,SPM,Marvel's Spider-Man,178,normal,common,5,108552,96f869f7-db88-4580-82b7-8749a55e525c,0.11,false,false,near_mint,en,USD,2026-05-20T18:58:50.255Z
Library,binder,Taxi Driver,SPM,Marvel's Spider-Man,97,normal,common,5,107663,a80d3ed9-5e81-41b7-bb74-ab86cba841c8,0.07,false,false,near_mint,en,USD,2026-05-20T18:58:50.256Z
Library,binder,Kyoshi Battle Fan,TLA,Avatar: The Last Airbender,257,normal,common,1,109659,257e6862-96fe-4312-aff2-509d0696843a,0.18,false,false,near_mint,en,USD,2026-05-20T18:58:50.257Z
Library,binder,Rough Rhino Cavalry,TLA,Avatar: The Last Airbender,152,normal,common,1,108259,a8bc29cf-f6f8-4bb8-b722-f016b58b6d2d,0.14,false,false,near_mint,en,USD,2026-05-20T18:58:50.258Z
Library,binder,Saber-Tooth Moose-Lion,TLA,Avatar: The Last Airbender,194,normal,common,1,108266,b15f302d-c451-4e79-a5af-75ee3ba4cadf,0.08,false,false,near_mint,en,USD,2026-05-20T18:58:50.259Z
Library,binder,Callous Inspector,TLA,Avatar: The Last Airbender,89,normal,common,1,109579,f22610e9-6b14-4914-bb67-bd6723bec9aa,0.17,false,false,near_mint,en,USD,2026-05-20T18:58:50.260Z
Library,binder,Avatar Enthusiasts,TLA,Avatar: The Last Airbender,11,normal,common,1,108124,7292e5f2-d5a1-4e39-8f75-eba471819f04,0.16,false,false,near_mint,en,USD,2026-05-20T18:58:50.261Z
Library,binder,Corrupt Court Official,TLA,Avatar: The Last Airbender,92,normal,common,1,108198,4692610e-d64c-438e-b5ad-0cf67fd57f1f,0.08,false,false,near_mint,en,USD,2026-05-20T18:58:50.263Z
Library,binder,Combustion Man,TLA,Avatar: The Last Airbender,127,normal,uncommon,1,109740,86f7399d-6876-4e85-ba34-ff1f97dc144a,0.23,false,false,near_mint,en,USD,2026-05-20T18:58:50.264Z
Library,binder,"Sokka, Lateral Strategist",TLA,Avatar: The Last Airbender,241,normal,uncommon,1,108161,1326c5db-4615-495f-8e30-376243d91352,0.24,false,false,near_mint,en,USD,2026-05-20T18:58:50.265Z
Library,binder,Heartless Act,TLA,Avatar: The Last Airbender,103,normal,uncommon,1,108268,b57c57a8-d72b-4c6c-a2db-a7ef61190f42,0.23,false,false,near_mint,en,USD,2026-05-20T18:58:50.266Z
Library,binder,Fire Nation Cadets,TLA,Avatar: The Last Airbender,134,foil,common,1,109388,1a3a862c-9c9a-41cd-94d1-2d0cff22a6cd,0.21,false,false,near_mint,en,USD,2026-05-20T18:58:50.267Z
Library,binder,Sun-Blessed Peak,TLA,Avatar: The Last Airbender,280,normal,common,1,109515,ae04c862-095f-41d2-8aef-21036d5a0cdc,0.28,false,false,near_mint,en,USD,2026-05-20T18:58:50.268Z
Library,binder,Boar-q-pine,TLA,Avatar: The Last Airbender,124,normal,common,1,109629,087a445c-5f63-45d6-83e8-20d22650db20,0.15,false,false,near_mint,en,USD,2026-05-20T18:58:50.269Z
Library,binder,Walltop Sentries,TLA,Avatar: The Last Airbender,202,normal,common,1,109818,e55f1c63-58f6-4e2b-aaeb-f2d5faca47a2,0.14,false,false,near_mint,en,USD,2026-05-20T18:58:50.270Z
Library,binder,Fire Nation Cadets,TLA,Avatar: The Last Airbender,134,normal,common,1,109388,1a3a862c-9c9a-41cd-94d1-2d0cff22a6cd,0.11,false,false,near_mint,en,USD,2026-05-20T18:58:50.271Z
Library,binder,Earth Kingdom Soldier,TLA,Avatar: The Last Airbender,216,normal,common,1,108180,2d543d35-945a-4ffa-beb7-7c5d4f894f79,0.07,false,false,near_mint,en,USD,2026-05-20T18:58:50.273Z
Library,binder,Foggy Swamp Hunters,TLA,Avatar: The Last Airbender,101,normal,common,1,109689,3f6e5869-ca25-4b98-a844-8a498cb40aab,0.05,false,false,near_mint,en,USD,2026-05-20T18:58:50.275Z
Library,binder,Invasion Reinforcements,TLA,Avatar: The Last Airbender,24,normal,uncommon,1,109783,b8845bba-d116-43cd-8ae0-e553f3324d66,0.2,false,false,near_mint,en,USD,2026-05-20T18:58:50.276Z
Library,binder,Mountain,EOE,Edge of Eternities,265,foil,common,2,106776,3204f401-1bcb-4d97-b15d-113a5d3c3e9f,2.44,false,false,near_mint,en,USD,2026-05-20T18:58:50.230Z
Library,binder,Cat-Owl,TLA,Avatar: The Last Airbender,212,normal,common,2,108285,d7df3391-dbe5-4eb4-85c1-037c5f3ea971,0.19,false,false,near_mint,en,USD,2026-05-20T18:58:50.262Z
Library,binder,Subterranean Tremors,SOA,Secrets of Strixhaven Mystical Archive,48,normal,mythic,1,111778,02a20564-90af-4dbd-bf5c-debc49e4f391,1.37,false,false,near_mint,en,USD,2026-05-20T19:05:45.883Z
Library,binder,Chelonian Tackle,SOS,Secrets of Strixhaven,142,normal,uncommon,1,112659,a82a4d8c-4105-4923-85a2-ef58241f725c,0.16,false,false,near_mint,en,USD,2026-05-20T19:05:45.884Z
Library,binder,Glorious Decay,SOS,Secrets of Strixhaven,150,normal,common,1,112657,a335f396-1004-4fee-842a-a35ff6ba17f2,0.1,false,false,near_mint,en,USD,2026-05-20T19:05:45.885Z
Library,binder,Hungry Graffalon,SOS,Secrets of Strixhaven,151,normal,common,1,112557,030b1272-5990-4bc9-8fc1-82cc05602060,0.04,false,false,near_mint,en,USD,2026-05-20T19:05:45.886Z
Library,binder,Snarl Song,SOS,Secrets of Strixhaven,161,normal,uncommon,1,112723,fc4c7fa2-aebb-4636-9afd-f1010c923316,0.12,false,false,near_mint,en,USD,2026-05-20T19:05:45.887Z
Library,binder,"Rakdos, the Muscle",OTJ,Outlaws of Thunder Junction,226,normal,mythic,1,93323,bb34babd-1b85-4a7d-a066-a8337805056e,0.99,false,false,near_mint,en,USD,2026-05-20T19:05:45.888Z
Library,binder,Flashback,SOS,Secrets of Strixhaven,115,normal,rare,1,112283,1b832fda-d7c4-4566-884c-2a8b6da15488,8.11,false,false,near_mint,en,USD,2026-05-20T19:05:45.889Z
Library,binder,Burst Lightning,SOA,Secrets of Strixhaven Mystical Archive,41,normal,uncommon,1,112539,f98b402a-ecdb-432f-a050-65945c8c415d,0.3,false,false,near_mint,en,USD,2026-05-20T19:05:45.890Z
Library,binder,Zealous Lorecaster,SOS,Secrets of Strixhaven,137,foil,common,1,112590,36ab2130-9f21-4d30-873a-aa72d3d15fa8,0.15,false,false,near_mint,en,USD,2026-05-20T19:05:45.891Z
Library,binder,Forlorn Flats,OTJ,Outlaws of Thunder Junction,258,normal,common,1,93273,963c100e-4e12-438f-b5ae-14391406dff6,0.3,false,false,near_mint,en,USD,2026-05-20T19:05:45.892Z
Library,binder,Stormcarved Coast,SOS,Secrets of Strixhaven,263,normal,rare,1,111738,bd3ae4fa-4c97-410a-8c0a-bd203342595d,1.83,false,false,near_mint,en,USD,2026-05-20T19:05:45.894Z
Library,binder,Spinewoods Armadillo,OTJ,Outlaws of Thunder Junction,182,normal,uncommon,1,93429,f79d63e7-a8c6-4750-91c9-c575a4d0561b,0.07,false,false,near_mint,en,USD,2026-05-20T19:05:45.895Z
Library,binder,Hardbristle Bandit,OTJ,Outlaws of Thunder Junction,168,normal,common,1,93347,cbe544fb-93b7-4640-b886-cb0b3e437357,0.1,false,false,near_mint,en,USD,2026-05-20T19:05:45.896Z
Library,binder,Betrayal at the Vault,OTJ,Outlaws of Thunder Junction,155,normal,uncommon,1,93338,c494820f-607d-4ed2-8a86-a916ae390272,0.15,false,false,near_mint,en,USD,2026-05-20T19:05:45.897Z
Library,binder,Elite Interceptor // Rejoinder,SOS,Secrets of Strixhaven,12,normal,common,1,112577,2970683e-e69c-42cb-a067-34abd56fb42b,0.17,false,false,near_mint,en,USD,2026-05-20T19:05:45.898Z
Library,binder,Bridled Bighorn,OTJ,Outlaws of Thunder Junction,7,normal,common,1,93438,fa7bf089-fa9b-4ffc-bf84-45cd51c76463,0.13,false,false,near_mint,en,USD,2026-05-20T19:05:45.899Z
Library,binder,Ajani's Response,SOS,Secrets of Strixhaven,6,normal,common,1,112654,9cd1417a-badc-4abd-a8ca-5b31f85c1072,0.08,false,false,near_mint,en,USD,2026-05-20T19:05:45.900Z
Library,binder,Imperious Inkmage,SOS,Secrets of Strixhaven,195,normal,common,1,112695,d5df1c3f-2536-4476-b8cd-34b026c38366,0.08,false,false,near_mint,en,USD,2026-05-20T19:05:45.901Z
Library,binder,Sneering Shadewriter,SOS,Secrets of Strixhaven,101,foil,common,1,112608,4b4c120e-abe9-4f11-a7e4-bc3f723da4b2,0.18,false,false,near_mint,en,USD,2026-05-20T19:05:45.902Z
Library,binder,Rattleback Apothecary,OTJ,Outlaws of Thunder Junction,100,normal,uncommon,1,93280,9a88e233-f09c-49e7-b1e3-386fba851fdf,0.07,false,false,near_mint,en,USD,2026-05-20T19:05:45.903Z
Library,binder,Render Speechless,SOS,Secrets of Strixhaven,220,normal,common,1,112573,25bbb1c7-14e8-444f-ab98-e95f50927460,0.08,false,false,near_mint,en,USD,2026-05-20T19:05:45.904Z
Library,binder,Glidedive Duo,BLB,Bloomburrow,96,foil,common,1,96026,4831e7ae-54e3-4bd9-b5af-52dc29f81715,0.22,false,false,near_mint,en,USD,2026-05-20T19:05:45.906Z
Library,binder,Forum Necroscribe,SOS,Secrets of Strixhaven,84,normal,uncommon,1,112624,67504a12-7414-4209-bf1c-624b4db19d52,0.17,false,false,near_mint,en,USD,2026-05-20T19:05:45.907Z
Library,binder,Geyser Drake,OTJ,Outlaws of Thunder Junction,51,foil,common,1,93309,b270377b-33eb-4e5e-9d14-0da2876da74f,0.31,false,false,near_mint,en,USD,2026-05-20T19:05:45.908Z
Library,binder,Conciliator's Duelist,SOS,Secrets of Strixhaven,182,normal,rare,1,111758,e225929b-6197-4550-969e-3c4a97206a68,0.21,false,false,near_mint,en,USD,2026-05-20T19:05:45.909Z
Library,binder,Last Gasp,SOS,Secrets of Strixhaven,86,normal,common,1,112698,da5f3729-6ec7-4482-90cb-83b973edeae4,0.12,false,false,near_mint,en,USD,2026-05-20T19:05:45.911Z
Library,binder,Corrupted Conviction,OTJ,Outlaws of Thunder Junction,84,normal,common,1,93235,8046f892-3317-4ef7-9cf7-97b9060540c8,0.32,false,false,near_mint,en,USD,2026-05-20T19:05:45.912Z
Library,binder,Jackdaw Savior,BLB,Bloomburrow,18,normal,rare,1,96000,121af600-6143-450a-9f87-12ce4833f1ec,0.37,false,false,near_mint,en,USD,2026-05-20T19:05:45.913Z
Library,binder,Spell Pierce,SOA,Secrets of Strixhaven Mystical Archive,23,normal,uncommon,1,112504,bc8f80e2-dd9d-4abc-b44c-fbef4d403e6f,0.34,false,false,near_mint,en,USD,2026-05-20T19:05:45.914Z
Library,binder,Together as One,SOS,Secrets of Strixhaven,4,normal,rare,1,111732,ac2a8a66-e38c-42ab-83e1-d2d99ee48861,0.4,false,false,near_mint,en,USD,2026-05-20T19:05:45.915Z
Library,binder,"Abigale, Poet Laureate // Heroic Stanza",SOS,Secrets of Strixhaven,170,normal,uncommon,1,111717,77285d12-e658-4eb3-ba13-ff202afab9c8,0.16,false,false,near_mint,en,USD,2026-05-20T19:05:45.917Z
Library,binder,Armored Armadillo,OTJ,Outlaws of Thunder Junction,3,normal,common,1,93094,263232df-69b8-4205-93ad-c724fe57ec11,0.2,false,false,near_mint,en,USD,2026-05-20T19:05:45.918Z
Library,binder,Banishing Betrayal,SOS,Secrets of Strixhaven,38,normal,common,1,111688,1ae9d2f3-7a9f-433a-aa1f-14337ae6f9d4,0.11,false,false,near_mint,en,USD,2026-05-20T19:05:45.919Z
Library,binder,"Page, Loose Leaf",SOS,Secrets of Strixhaven,250,normal,common,1,112642,8c6fecfd-8241-4cf0-b1eb-19472b99e0ed,0.14,false,false,near_mint,en,USD,2026-05-20T19:05:45.920Z
Library,binder,White Mage's Staff,FIN,Final Fantasy,42,normal,common,1,105584,30db372e-0b4c-4e16-9667-bf3fda666f72,0.12,false,false,near_mint,en,USD,2026-05-20T19:08:17.170Z
Library,binder,The Crystal's Chosen,FIN,Final Fantasy,14,normal,uncommon,1,105725,d4df4373-0ee6-44e3-81c6-0881c070014c,0.15,false,false,near_mint,en,USD,2026-05-20T19:08:17.173Z
Library,binder,Ultima Weapon,FIN,Final Fantasy,563,normal,rare,1,106135,b9162d08-a6ba-4e6e-b82c-9b092bd781dd,7.08,false,false,near_mint,en,USD,2026-05-20T19:08:17.183Z
Library,binder,"Lightning, Security Sergeant",FIN,Final Fantasy,560,normal,rare,1,105920,4ad4dce3-6e43-4528-b570-85547d03164e,0.45,false,false,near_mint,en,USD,2026-05-20T19:08:17.184Z
Library,binder,"Rosa, Resolute White Mage",FIN,Final Fantasy,555,normal,rare,1,106153,c44e0ad6-9f44-4e4c-8c3b-3ee99409a740,4.25,false,false,near_mint,en,USD,2026-05-20T19:08:17.185Z
Library,binder,Freya Crescent,FIN,Final Fantasy,138,normal,uncommon,1,106289,9921f646-e893-44db-ac89-0633c1009788,0.23,false,false,near_mint,en,USD,2026-05-20T19:08:17.188Z
Library,binder,Suplex,FIN,Final Fantasy,164,normal,common,1,106376,f61693a2-7042-44e0-85ba-9bf12ab94e7e,0.18,false,false,near_mint,en,USD,2026-05-20T19:08:17.190Z
Library,binder,Barret Wallace,FIN,Final Fantasy,129,normal,uncommon,1,105840,1a504dff-5857-4a61-ab99-616d5df7cf5a,0.12,false,false,near_mint,en,USD,2026-05-20T19:08:17.192Z
Library,binder,Judgment Bolt,FIN,Final Fantasy,559,normal,rare,1,105801,05b04b06-9271-4a28-a60e-287df0d1a4d1,0.25,false,false,near_mint,en,USD,2026-05-20T19:08:17.201Z
Library,binder,Dragoon's Lance,FIN,Final Fantasy,17,normal,uncommon,1,105671,96630531-8eb7-4e3e-8d63-60c562a5571b,0.18,false,false,near_mint,en,USD,2026-05-20T19:08:17.210Z
Library,binder,Adelbert Steiner,FIN,Final Fantasy,3,normal,uncommon,1,106424,1a67a991-1e52-4676-a2e3-2bc7aa943ab3,0.18,false,false,near_mint,en,USD,2026-05-20T19:08:17.212Z
Library,binder,"Beatrix, Loyal General",FIN,Final Fantasy,554,normal,rare,1,106074,9da83b07-4978-4af7-be51-8aa8f35ec0bb,0.98,false,false,near_mint,en,USD,2026-05-20T19:08:17.216Z
Library,binder,G'raha Tia,FIN,Final Fantasy,21,normal,uncommon,1,106501,076a8eca-ed73-4ee9-aab4-d9d43d394ee6,0.12,false,false,near_mint,en,USD,2026-05-20T19:08:17.228Z
Library,binder,"Cloud, Planet's Champion",FIN,Final Fantasy,552,foil,mythic,1,103799,a6d58067-337d-43dc-b4a3-c6acc701d450,2.41,false,false,near_mint,en,USD,2026-05-20T19:08:17.230Z
Library,binder,Plains,FIN,Final Fantasy,294,normal,common,5,105678,9dd2d666-7c6b-48ce-93dc-c004ebdd1fe9,0.25,false,false,near_mint,en,USD,2026-05-20T19:08:17.171Z
Library,binder,Plains,FIN,Final Fantasy,295,normal,common,4,105742,e623b058-76d2-476b-9ee6-82807f7992c3,0.31,false,false,near_mint,en,USD,2026-05-20T19:08:17.172Z
Library,binder,Mountain,FIN,Final Fantasy,305,normal,common,2,105745,ea1735b9-fd10-4c9c-b9d3-046d8c22b852,0.34,false,false,near_mint,en,USD,2026-05-20T19:08:17.174Z
Library,binder,Plains,FIN,Final Fantasy,296,normal,common,5,105750,ee86ac2f-f398-4422-8721-8ac859fbf5bc,0.23,false,false,near_mint,en,USD,2026-05-20T19:08:17.176Z
Library,binder,"Rabanastre, Royal City",FIN,Final Fantasy,287,normal,common,4,106294,c44c9bbe-f4c6-41cf-b3c3-b943f4011bc1,0.12,false,false,near_mint,en,USD,2026-05-20T19:08:17.178Z
Library,binder,Mountain,FIN,Final Fantasy,304,normal,common,3,105719,d061b9a8-e95d-48ec-a1c9-337433b62dfc,0.29,false,false,near_mint,en,USD,2026-05-20T19:08:17.180Z
Library,binder,White Auracite,FIN,Final Fantasy,41,normal,common,2,105873,2df6f515-9d21-4769-b1c4-c219611bccbb,0.27,false,false,near_mint,en,USD,2026-05-20T19:08:17.182Z
Library,binder,Item Shopkeep,FIN,Final Fantasy,142,normal,common,3,106293,bd2db3f5-fd0d-4817-af90-6bea1f07e16b,0.06,false,false,near_mint,en,USD,2026-05-20T19:08:17.186Z
Library,binder,Slash of Light,FIN,Final Fantasy,32,normal,common,2,106662,da6d9529-3cb0-4adc-8209-b9b02db3bf54,0.11,false,false,near_mint,en,USD,2026-05-20T19:08:17.187Z
Library,binder,Fate of the Sun-Cryst,FIN,Final Fantasy,19,normal,common,2,106287,900cdf11-b42e-4dcc-97c3-2e4d8e406a70,0.11,false,false,near_mint,en,USD,2026-05-20T19:08:17.189Z
Library,binder,Samurai's Katana,FIN,Final Fantasy,154,normal,uncommon,2,106267,11f1d378-c78c-402a-ac46-2d32598c23e7,0.19,false,false,near_mint,en,USD,2026-05-20T19:08:17.194Z
Library,binder,Warrior's Sword,FIN,Final Fantasy,169,normal,common,2,106296,cb98a7dd-542e-4448-b3bb-ff5d67a36535,0.09,false,false,near_mint,en,USD,2026-05-20T19:08:17.196Z
Library,binder,Dwarven Castle Guard,FIN,Final Fantasy,18,normal,common,4,106454,e17c0d27-e88d-4ba9-acbb-3f916cee3d7e,0.09,false,false,near_mint,en,USD,2026-05-20T19:08:17.202Z
Library,binder,Mountain,FIN,Final Fantasy,303,normal,common,3,105679,a18ef64b-a9de-4548-b4d5-168758442db7,0.25,false,false,near_mint,en,USD,2026-05-20T19:08:17.206Z
Library,binder,Coeurl,FIN,Final Fantasy,12,normal,common,2,106284,7604b534-5480-42fa-bc36-bbae730f8582,0.1,false,false,near_mint,en,USD,2026-05-20T19:08:17.207Z
Library,binder,Romantic Rendezvous,SPM,Marvel's Spider-Man,86,normal,common,4,107624,38120361-153f-414e-8a45-f86bb2e35a17,0.18,false,false,near_mint,en,USD,2026-05-20T19:50:36.609Z
Library,binder,Spider,TSPM,Marvel's Spider-Man Tokens,3,normal,common,1,108635,4a40f6e1-3545-4503-af3e-f0acfb735e3a,,false,false,near_mint,en,USD,2026-05-20T19:50:36.610Z
Library,binder,Guy in the Chair,SPM,Marvel's Spider-Man,102,normal,common,4,107641,65e97c06-55a6-4841-be0f-055c015df90a,0.11,false,false,near_mint,en,USD,2026-05-20T19:50:36.611Z
Library,binder,Wild Pack Squad,SPM,Marvel's Spider-Man,23,normal,common,4,107647,7b0eda7c-e44d-4d9b-9042-4a1eb8c4ed4a,0.08,false,false,near_mint,en,USD,2026-05-20T19:50:36.612Z
Library,binder,Kraven's Cats,SPM,Marvel's Spider-Man,104,normal,common,4,107649,86c415d8-1d2d-4339-955b-0f2aebeb3c95,0.13,false,false,near_mint,en,USD,2026-05-20T19:50:36.613Z
Library,binder,Unstable Experiment,SPM,Marvel's Spider-Man,47,normal,common,4,107669,be9d5985-0a39-4ee3-80de-30d17d08f404,0.15,false,false,near_mint,en,USD,2026-05-20T19:50:36.614Z
Library,binder,Mechanical Mobster,SPM,Marvel's Spider-Man,168,normal,common,3,107644,6c6d9ecc-2dd1-471a-8678-a2461b1084fa,0.13,false,false,near_mint,en,USD,2026-05-20T19:50:36.615Z
Library,binder,The Spot's Portal,SPM,Marvel's Spider-Man,68,normal,uncommon,3,108639,67a8bf52-7562-4cdd-b970-106717a0aad6,0.18,false,false,near_mint,en,USD,2026-05-20T19:50:36.616Z
Library,binder,Spider-Suit,SPM,Marvel's Spider-Man,176,normal,uncommon,1,108437,436527ec-5af4-4b6d-a5a0-d21fc466a625,0.2,false,false,near_mint,en,USD,2026-05-20T19:50:36.617Z
Library,binder,Damage Control Crew,SPM,Marvel's Spider-Man,99,normal,uncommon,2,108565,ad2cab87-691d-44fe-ab2f-33760b1feb0f,0.13,false,false,near_mint,en,USD,2026-05-20T19:50:36.618Z
Library,binder,Morbius the Living Vampire,SPM,Marvel's Spider-Man,137,normal,uncommon,2,108657,b978d0e2-f5a7-4ade-befc-11b406e84477,0.19,false,false,near_mint,en,USD,2026-05-20T19:50:36.619Z
Library,binder,"Venom, Evil Unleashed",SPM,Marvel's Spider-Man,71,normal,common,4,107664,ab3d51a4-40f0-4606-b5f9-2686c12fd54b,0.18,false,false,near_mint,en,USD,2026-05-20T19:50:36.620Z
Library,binder,"Spider-Rex, Daring Dino",SPM,Marvel's Spider-Man,116,normal,common,3,107636,5b6e0bea-f126-4adb-8808-901950a77c7b,0.18,false,false,near_mint,en,USD,2026-05-20T19:50:36.621Z
Library,binder,"Silver Sable, Mercenary Leader",SPM,Marvel's Spider-Man,13,normal,uncommon,2,108661,cf0d4116-acee-4d9a-985c-396d10e03838,0.14,false,false,near_mint,en,USD,2026-05-20T19:50:36.622Z
Library,binder,"Scorpion, Seething Striker",SPM,Marvel's Spider-Man,64,normal,uncommon,2,107675,cf407e08-b27f-42ba-b824-75846a80e238,0.16,false,false,near_mint,en,USD,2026-05-20T19:50:36.623Z
Library,binder,"Spider-Man, Brooklyn Visionary",SPM,Marvel's Spider-Man,115,normal,common,3,107679,e19929bc-cbe1-4970-952d-8e9d0193ddce,0.16,false,false,near_mint,en,USD,2026-05-20T19:50:36.624Z
Library,binder,Aunt May,SPM,Marvel's Spider-Man,3,normal,uncommon,2,107665,ad96343b-baac-428c-8270-fcffbbbe9fb8,0.24,false,false,near_mint,en,USD,2026-05-20T19:50:36.625Z
Library,binder,"Beetle, Legacy Criminal",SPM,Marvel's Spider-Man,26,normal,common,4,107658,a194f930-c99f-4915-8a62-e20ab2b4ad1f,0.13,false,false,near_mint,en,USD,2026-05-20T19:50:36.626Z
Library,binder,"Ezekiel Sims, Spider-Totem",SPM,Marvel's Spider-Man,100,normal,uncommon,2,108571,bb7c3ae2-6b01-4472-8bd1-9a7456401ddc,0.1,false,false,near_mint,en,USD,2026-05-20T19:50:36.628Z
Library,binder,"Molten Man, Inferno Incarnate",SPM,Marvel's Spider-Man,84,normal,uncommon,2,108598,f469d621-25d0-4d8e-909f-47dac0b9c5b0,0.07,false,false,near_mint,en,USD,2026-05-20T19:50:36.630Z
Library,binder,"Tombstone, Career Criminal",SPM,Marvel's Spider-Man,70,normal,uncommon,2,107623,313189ef-fe6e-4511-9386-920a88a49a88,0.2,false,false,near_mint,en,USD,2026-05-20T19:50:36.631Z
Library,binder,"Spiders-Man, Heroic Horde",SPM,Marvel's Spider-Man,117,normal,uncommon,2,108487,1183262e-1f02-46b3-8cfa-fe30e0016c11,0.25,false,false,near_mint,en,USD,2026-05-20T19:50:36.633Z
Library,binder,"Scarlet Spider, Ben Reilly",SPM,Marvel's Spider-Man,142,normal,rare,1,108593,ee771581-f867-48d7-9ddb-897a1ffcdf0a,0.41,false,false,near_mint,en,USD,2026-05-20T19:50:36.634Z
Library,binder,"Starling, Aerial Ally",SPM,Marvel's Spider-Man,18,normal,common,4,107667,babbf53d-3e10-4110-8725-91f766c8cdad,0.06,false,false,near_mint,en,USD,2026-05-20T19:50:36.629Z
Library,binder,News Helicopter,SPM,Marvel's Spider-Man,169,normal,common,4,108489,15717af0-30cd-4417-947a-c27cca06d93a,0.04,false,false,near_mint,en,USD,2026-05-20T19:56:11.475Z
Library,binder,Prison Break,SPM,Marvel's Spider-Man,61,normal,uncommon,2,108532,6c45a5df-048e-4b73-89c6-5cdaa330319e,0.12,false,false,near_mint,en,USD,2026-05-20T19:56:11.481Z
Library,binder,Robotics Mastery,SPM,Marvel's Spider-Man,41,normal,uncommon,2,108578,d0e92939-6d86-44b4-8a43-1963e97a2bb3,0.17,false,false,near_mint,en,USD,2026-05-20T19:56:11.482Z
Library,binder,Spider-Islanders,SPM,Marvel's Spider-Man,91,normal,common,5,107672,c9132e45-4ddb-4565-ac45-86f1ecc6230d,0.03,false,false,near_mint,en,USD,2026-05-20T19:56:11.483Z
Library,binder,Ominous Asylum,SPM,Marvel's Spider-Man,181,normal,common,2,108509,4329f94a-9110-4f07-b4a6-f1ccae97ccc9,0.21,false,false,near_mint,en,USD,2026-05-20T19:56:11.484Z
Library,binder,Mob Lookout,SPM,Marvel's Spider-Man,136,normal,common,4,108585,e0e3b660-d391-454b-ba57-bff4ddcf27b7,0.16,false,false,near_mint,en,USD,2026-05-20T19:56:11.485Z
Library,binder,Electro's Bolt,SPM,Marvel's Spider-Man,77,normal,common,4,107620,25fe063f-35e4-4fca-9889-06834a8ef9b9,0.11,false,false,near_mint,en,USD,2026-05-20T19:56:11.487Z
Library,binder,Shock,SPM,Marvel's Spider-Man,88,normal,common,4,107645,760b41a1-c087-4b11-b8a0-fb01d8a4c0c6,0.15,false,false,near_mint,en,USD,2026-05-20T19:56:11.489Z
Library,binder,Spider-Bot,SPM,Marvel's Spider-Man,173,normal,common,4,107619,24df824a-c1d6-4f09-b866-313b31fec5fb,0.14,false,false,near_mint,en,USD,2026-05-20T19:56:11.491Z
Library,binder,Heroes' Hangout,SPM,Marvel's Spider-Man,79,normal,uncommon,2,108506,4148d7e8-6371-468c-858b-35254995409a,0.29,false,false,near_mint,en,USD,2026-05-20T19:56:11.492Z
Library,binder,Daily Bugle Reporters,SPM,Marvel's Spider-Man,6,normal,common,4,107633,530dbeb0-b0cd-473e-a43e-7b23c88650a3,0.08,false,false,near_mint,en,USD,2026-05-20T19:56:11.497Z
Library,binder,Wisecrack,SPM,Marvel's Spider-Man,98,normal,uncommon,2,108648,8f452dac-bf22-4010-8a10-3c1cfa7d4df6,0.05,false,false,near_mint,en,USD,2026-05-20T19:56:11.500Z
Library,binder,Secret Identity,SPM,Marvel's Spider-Man,43,normal,uncommon,2,108632,37a31d84-e87b-406e-9249-fae1b5e23e72,0.26,false,false,near_mint,en,USD,2026-05-20T19:56:11.501Z
Library,binder,Plains,SPM,Marvel's Spider-Man,189,normal,common,1,107855,1164f7ec-7b2f-4cc9-90bb-7eaaa331b4cd,0.31,false,false,near_mint,en,USD,2026-05-20T19:56:11.503Z
Library,binder,School Daze,SPM,Marvel's Spider-Man,42,normal,uncommon,2,108590,e5b61b9d-31a2-4e09-9612-4980bf8de708,0.22,false,false,near_mint,en,USD,2026-05-20T19:56:11.511Z
Library,binder,Kraven's Cats,SPM,Marvel's Spider-Man,104,foil,common,1,107649,86c415d8-1d2d-4339-955b-0f2aebeb3c95,0.18,false,false,near_mint,en,USD,2026-05-20T19:56:11.512Z
Library,binder,University Campus,SPM,Marvel's Spider-Man,186,normal,common,4,108624,2752f21c-f535-4772-a8b3-e97e1339e9c9,0.15,false,false,near_mint,en,USD,2026-05-20T19:56:11.513Z
Library,binder,Professional Wrestler,SPM,Marvel's Spider-Man,110,normal,common,4,108548,8a5381e7-ddda-47e7-886d-812250ffb745,0.06,false,false,near_mint,en,USD,2026-05-20T19:56:11.514Z
Library,binder,Selfless Police Captain,SPM,Marvel's Spider-Man,12,normal,common,4,107685,fb0fd7bd-10d0-4d29-af88-387d1e07f3b7,0.11,false,false,near_mint,en,USD,2026-05-20T19:56:11.515Z
Library,binder,Lurking Lizards,SPM,Marvel's Spider-Man,107,normal,common,3,107634,58b5b49c-ddd6-4d1b-9b61-6e02d8fc55ad,0.11,false,false,near_mint,en,USD,2026-05-20T19:56:11.516Z
Library,binder,Masked Meower,SPM,Marvel's Spider-Man,82,normal,common,4,107643,6aa0dc1f-6c83-4ac9-b4f2-428e0e0bbf88,0.16,false,false,near_mint,en,USD,2026-05-20T19:56:11.517Z
Library,binder,Eerie Gravestone,SPM,Marvel's Spider-Man,163,normal,common,4,107646,7675e91f-dba7-4e64-a7ff-1dd56665a4cc,0.17,false,false,near_mint,en,USD,2026-05-20T19:56:11.519Z
Library,binder,Supportive Parents,SPM,Marvel's Spider-Man,119,normal,uncommon,2,108580,d3fe8a5b-4166-46cc-b910-71cd1a19ae1b,0.16,false,false,near_mint,en,USD,2026-05-20T19:56:11.520Z
Library,binder,Alien Symbiosis,SPM,Marvel's Spider-Man,50,normal,uncommon,1,108656,b898ccb7-758e-4f11-95e0-b412721d8bf9,0.18,false,false,near_mint,en,USD,2026-05-20T19:56:11.521Z
Library,binder,Island,SPM,Marvel's Spider-Man,190,foil,common,1,107884,d59cb0b5-fd4f-4dde-a69f-7ca6aa12b89f,0.34,false,false,near_mint,en,USD,2026-05-20T19:56:11.526Z
Library,binder,News Helicopter,SPM,Marvel's Spider-Man,169,foil,common,1,108489,15717af0-30cd-4417-947a-c27cca06d93a,0.06,false,false,near_mint,en,USD,2026-05-20T19:56:11.527Z
Library,binder,Suburban Sanctuary,SPM,Marvel's Spider-Man,185,normal,common,3,108514,467df77a-a99c-4cfd-9af4-502eaa2eb2e3,0.15,false,false,near_mint,en,USD,2026-05-20T19:56:11.528Z
Library,binder,Skyward Spider,SPM,Marvel's Spider-Man,146,normal,common,3,108599,f5cbb580-cd02-4c60-acb7-b7ed1f1fce59,0.16,false,false,near_mint,en,USD,2026-05-20T19:56:11.529Z
Library,binder,Scout the City,SPM,Marvel's Spider-Man,113,normal,common,4,107653,90b9504d-d23d-402f-8b16-1964ebd8f6b9,0.16,false,false,near_mint,en,USD,2026-05-20T19:56:11.531Z
Library,binder,"Sun-Spider, Nimble Webber",SPM,Marvel's Spider-Man,154,foil,uncommon,1,108626,2b54d4a5-634f-4ae3-b592-0dc527f60d56,0.24,false,false,near_mint,en,USD,2026-05-20T19:56:11.534Z
Library,binder,"Sun-Spider, Nimble Webber",SPM,Marvel's Spider-Man,154,normal,uncommon,2,108626,2b54d4a5-634f-4ae3-b592-0dc527f60d56,0.21,false,false,near_mint,en,USD,2026-05-20T19:56:11.535Z
Library,binder,"Living Brain, Mechanical Marvel",SPM,Marvel's Spider-Man,167,normal,uncommon,1,108495,26833b64-2e6d-4977-9a6e-6fe73c54d671,0.16,false,false,near_mint,en,USD,2026-05-20T19:56:11.536Z
Library,binder,"Scarlet Spider, Kaine",SPM,Marvel's Spider-Man,143,normal,uncommon,1,108497,2cb00060-8cc5-42dc-bcbf-affd9e59f8fd,0.21,false,false,near_mint,en,USD,2026-05-20T19:56:11.537Z
Library,binder,"Hobgoblin, Mantled Marauder",SPM,Marvel's Spider-Man,80,normal,uncommon,2,108636,50716fe3-7a19-431e-8758-984fc48d714e,0.21,false,false,near_mint,en,USD,2026-05-20T19:56:11.539Z
Library,binder,"Spider-Girl, Legacy Hero",SPM,Marvel's Spider-Man,149,normal,uncommon,1,108662,d1f3196a-fe48-446f-ab07-00c66b7816c8,0.17,false,false,near_mint,en,USD,2026-05-20T19:56:11.540Z
Library,binder,"Madame Web, Clairvoyant",SPM,Marvel's Spider-Man,36,normal,uncommon,1,108558,a16ca3fc-3cdf-4333-93e0-524afafe367b,0.15,false,false,near_mint,en,USD,2026-05-20T19:56:11.541Z
Library,binder,"Flash Thompson, Spider-Fan",SPM,Marvel's Spider-Man,7,normal,uncommon,2,108513,44cf372b-f668-45e9-981e-4533295dcc74,0.06,false,false,near_mint,en,USD,2026-05-20T19:56:11.545Z
Library,binder,"Spider-Slayer, Hatred Honed",SPM,Marvel's Spider-Man,175,normal,uncommon,2,108655,ac37ca6f-a6ee-4dfb-949f-2562f98d09d0,0.15,false,false,near_mint,en,USD,2026-05-20T19:56:11.546Z
Library,binder,"Venom, Evil Unleashed",SPM,Marvel's Spider-Man,71,foil,common,1,107664,ab3d51a4-40f0-4606-b5f9-2686c12fd54b,0.22,false,false,near_mint,en,USD,2026-05-20T19:56:11.548Z
Library,binder,"Chameleon, Master of Disguise",SPM,Marvel's Spider-Man,27,normal,uncommon,2,108511,43892ce7-f63a-4294-922b-8f879f684033,0.96,false,false,near_mint,en,USD,2026-05-20T19:56:11.550Z
Library,binder,"Swarm, Being of Bees",SPM,Marvel's Spider-Man,69,normal,common,4,108576,cb83d54e-6641-4929-99ad-c0ba5b610902,0.15,false,false,near_mint,en,USD,2026-05-20T19:56:11.554Z
Library,binder,"Starling, Aerial Ally",SPM,Marvel's Spider-Man,18,foil,common,1,107667,babbf53d-3e10-4110-8725-91f766c8cdad,0.1,false,false,near_mint,en,USD,2026-05-20T19:56:11.555Z
Library,binder,"Spider-Byte, Web Warden",SPM,Marvel's Spider-Man,44,normal,uncommon,2,107618,210ae606-12a4-453b-bfb4-73ca9c22b8b5,0.13,false,false,near_mint,en,USD,2026-05-20T19:56:11.558Z
Library,binder,"Rhino, Barreling Brute",SPM,Marvel's Spider-Man,140,normal,uncommon,2,108440,4b8ac400-1e98-49fc-94be-00386d15f2ae,0.2,false,false,near_mint,en,USD,2026-05-20T19:56:11.570Z
Library,binder,Gallant Citizen,SPM,Marvel's Spider-Man,129,normal,common,4,108510,43790471-6ec8-4c1d-b6d3-74c6cdf8ce43,0.09,false,false,near_mint,en,USD,2026-05-20T19:56:11.476Z
Library,binder,Venom's Hunger,SPM,Marvel's Spider-Man,73,normal,common,3,107611,01d276cd-e4ad-488f-8447-004aefad1ebb,0.13,false,false,near_mint,en,USD,2026-05-20T19:56:11.477Z
Library,binder,Passenger Ferry,SPM,Marvel's Spider-Man,170,normal,common,5,108493,2495f477-b88c-4938-a86a-f72c3c861188,0.08,false,false,near_mint,en,USD,2026-05-20T19:56:11.479Z
Library,binder,Bagel and Schmear,SPM,Marvel's Spider-Man,161,normal,common,4,108544,7f927f72-fc9b-444f-9e0e-78a5e8e7bcaa,0.14,false,false,near_mint,en,USD,2026-05-20T19:56:11.480Z
Library,binder,Amazing Acrobatics,SPM,Marvel's Spider-Man,25,normal,common,4,108554,9a2f6d84-3d83-4f48-9906-11f681171930,0.23,false,false,near_mint,en,USD,2026-05-20T19:56:11.490Z
Library,binder,Pumpkin Bombardment,SPM,Marvel's Spider-Man,139,normal,common,4,108559,a268ad73-9a1f-47d9-9a85-a4669a769c3d,0.13,false,false,near_mint,en,USD,2026-05-20T19:56:11.493Z
Library,binder,Thwip!,SPM,Marvel's Spider-Man,20,normal,common,4,107666,b2dac88e-1204-4640-94ce-e1aff434ea06,0.13,false,false,near_mint,en,USD,2026-05-20T19:56:11.506Z
Library,binder,Steel Wrecking Ball,SPM,Marvel's Spider-Man,177,normal,common,4,108453,7f2c74f5-1cfe-4918-a86b-0d58ac8b7469,0.12,false,false,near_mint,en,USD,2026-05-20T19:56:11.510Z
Library,binder,Oscorp Research Team,SPM,Marvel's Spider-Man,40,normal,common,4,107662,a800ffb4-0c48-41eb-b221-cf1d855131d9,0.06,false,false,near_mint,en,USD,2026-05-20T19:56:11.518Z
Library,binder,Inner Demons Gangsters,SPM,Marvel's Spider-Man,57,normal,common,5,108594,f0252819-4eda-457d-9688-b08b83b1edc9,0.09,false,false,near_mint,en,USD,2026-05-20T19:56:11.525Z
Library,binder,"Spider-Man, Web-Slinger",SPM,Marvel's Spider-Man,16,normal,common,4,107651,897418bc-df8c-4c97-b6bf-7c9133a8a577,0.2,false,false,near_mint,en,USD,2026-05-20T19:56:11.543Z
Library,binder,"Kraven, Proud Predator",SPM,Marvel's Spider-Man,132,normal,uncommon,3,108567,af7c63e1-eccc-40a2-ba14-ce0d2a6123fc,0.1,false,false,near_mint,en,USD,2026-05-20T19:56:11.544Z
Library,binder,Stegron the Dinosaur Man,SPM,Marvel's Spider-Man,95,normal,common,3,107631,485ceacb-fa76-4517-8466-c3c6bf6bcd6e,0.15,false,false,near_mint,en,USD,2026-05-20T19:56:11.547Z
Library,binder,"Spider-Gwen, Free Spirit",SPM,Marvel's Spider-Man,90,normal,common,3,107626,3bc04fa7-6265-4549-91f6-eebdcd67398a,0.15,false,false,near_mint,en,USD,2026-05-20T19:56:11.553Z
Library,binder,Robotics Mastery,SPM,Marvel's Spider-Man,41,foil,uncommon,1,108578,d0e92939-6d86-44b4-8a43-1963e97a2bb3,0.13,false,false,near_mint,en,USD,2026-05-20T19:58:08.613Z
Library,binder,Suburban Sanctuary,SPM,Marvel's Spider-Man,185,foil,common,1,108514,467df77a-a99c-4cfd-9af4-502eaa2eb2e3,0.21,false,false,near_mint,en,USD,2026-05-20T19:58:08.614Z
Library,binder,Grow Extra Arms,SPM,Marvel's Spider-Man,101,normal,common,4,107640,63fab399-00db-4398-922e-c3ca3356731a,0.14,false,false,near_mint,en,USD,2026-05-20T19:58:08.615Z
Library,binder,Whoosh!,SPM,Marvel's Spider-Man,48,normal,common,4,107673,ccc05deb-ad8d-4fae-a7a4-2b2a118fc696,0.18,false,false,near_mint,en,USD,2026-05-20T19:58:08.620Z
Library,binder,Common Crook,SPM,Marvel's Spider-Man,53,normal,common,4,108535,6f5872df-e692-44aa-b18d-22447f5f274c,0.18,false,false,near_mint,en,USD,2026-05-20T19:58:08.621Z
Library,binder,Kapow!,SPM,Marvel's Spider-Man,103,normal,common,4,107674,cec575f6-43c9-41c6-a996-bb806bf82185,0.14,false,false,near_mint,en,USD,2026-05-20T19:58:08.627Z
Library,binder,City Pigeon,SPM,Marvel's Spider-Man,4,normal,common,4,108442,56d67fb4-5b23-432c-9ffb-39545035c117,0.16,false,false,near_mint,en,USD,2026-05-20T19:58:08.628Z
Library,binder,Hot Dog Cart,SPM,Marvel's Spider-Man,164,normal,common,4,108534,6ee3b883-e9f5-426f-a2ea-96fe9ff3aba9,0.58,false,false,near_mint,en,USD,2026-05-20T19:58:08.631Z
Library,binder,Sudden Strike,SPM,Marvel's Spider-Man,19,normal,uncommon,2,108641,6eea2718-93d2-4d83-9b5d-eb943a0f1d11,0.13,false,false,near_mint,en,USD,2026-05-20T19:58:08.632Z
Library,binder,Common Crook,SPM,Marvel's Spider-Man,53,foil,common,1,108535,6f5872df-e692-44aa-b18d-22447f5f274c,0.21,false,false,near_mint,en,USD,2026-05-20T19:58:08.634Z
Library,binder,Venomized Cat,SPM,Marvel's Spider-Man,72,normal,common,4,108527,6330f3e9-e031-4d55-b5d8-536c16bba063,0.21,false,false,near_mint,en,USD,2026-05-20T19:58:08.638Z
Library,binder,Wall Crawl,SPM,Marvel's Spider-Man,121,normal,uncommon,2,108650,97a2a1ab-57ec-4210-9412-765ae4f02db0,0.19,false,false,near_mint,en,USD,2026-05-20T19:58:08.641Z
Library,binder,City Pigeon,SPM,Marvel's Spider-Man,4,foil,common,1,108442,56d67fb4-5b23-432c-9ffb-39545035c117,0.23,false,false,near_mint,en,USD,2026-05-20T19:58:08.642Z
Library,binder,Mysterio's Phantasm,SPM,Marvel's Spider-Man,38,normal,common,4,108643,79aa0a78-80a2-44be-8a79-92bcba9c040f,0.13,false,false,near_mint,en,USD,2026-05-20T19:58:08.650Z
Library,binder,Forest,SPM,Marvel's Spider-Man,193,foil,common,1,107869,7b6c2532-be5a-4f1f-893c-36bcda2a699d,0.35,false,false,near_mint,en,USD,2026-05-20T19:58:08.652Z
Library,binder,Risky Research,SPM,Marvel's Spider-Man,62,normal,common,4,107617,1f8aa705-6177-42e9-95cb-e7f880c186e3,0.2,false,false,near_mint,en,USD,2026-05-20T19:58:08.612Z
Library,binder,Angry Rabble,SPM,Marvel's Spider-Man,75,normal,common,4,107654,938730fa-496f-4871-80ec-3e9843ecb219,0.07,false,false,near_mint,en,USD,2026-05-20T19:58:08.630Z
Library,binder,Spider-Mobile,SPM,Marvel's Spider-Man,174,normal,uncommon,1,108595,f12664c0-d7cd-4acb-87db-cfa3c85f32a9,0.06,false,false,near_mint,en,USD,2026-05-20T20:02:24.426Z
Library,binder,Mysterio's Phantasm,SPM,Marvel's Spider-Man,38,foil,common,1,108643,79aa0a78-80a2-44be-8a79-92bcba9c040f,0.15,false,false,near_mint,en,USD,2026-05-20T20:02:24.427Z
Library,binder,Pictures of Spider-Man,SPM,Marvel's Spider-Man,109,normal,uncommon,1,108470,e1ec41d4-0180-42f7-9c54-f3c39b4ffb8d,0.15,false,false,near_mint,en,USD,2026-05-20T20:02:24.435Z
Library,binder,Daily Bugle Building,SPM,Marvel's Spider-Man,179,normal,uncommon,1,108449,669bbcb1-0981-40e7-905e-b94e74bc4861,0.27,false,false,near_mint,en,USD,2026-05-20T20:02:24.444Z
Library,binder,Doc Ock's Henchmen,SPM,Marvel's Spider-Man,30,foil,common,1,107659,a383c442-3f4a-4115-97e4-23f0eb88465b,0.14,false,false,near_mint,en,USD,2026-05-20T20:02:24.445Z
Library,binder,Web-Shooters,SPM,Marvel's Spider-Man,22,normal,uncommon,1,108556,a0ca1108-6d99-4dc2-96ab-7728d65b0c06,0.07,false,false,near_mint,en,USD,2026-05-20T20:02:24.454Z
Library,binder,Thwip!,SPM,Marvel's Spider-Man,20,foil,common,1,107666,b2dac88e-1204-4640-94ce-e1aff434ea06,0.17,false,false,near_mint,en,USD,2026-05-20T20:02:24.456Z
Library,binder,Sinister Hideout,SPM,Marvel's Spider-Man,184,normal,common,2,108622,23190d7e-5165-49bd-b307-bf81877d228d,0.24,false,false,near_mint,en,USD,2026-05-20T20:02:24.457Z
Library,binder,Electro's Bolt,SPM,Marvel's Spider-Man,77,foil,common,1,107620,25fe063f-35e4-4fca-9889-06834a8ef9b9,0.18,false,false,near_mint,en,USD,2026-05-20T20:02:24.458Z
Library,binder,Scorpion's Sting,SPM,Marvel's Spider-Man,65,normal,common,3,107613,0fb03437-32cf-4c97-bf91-ea8b2ad3f964,0.16,false,false,near_mint,en,USD,2026-05-20T20:02:24.462Z
Library,binder,Wild Pack Squad,SPM,Marvel's Spider-Man,23,foil,common,1,107647,7b0eda7c-e44d-4d9b-9042-4a1eb8c4ed4a,0.15,false,false,near_mint,en,USD,2026-05-20T20:02:24.467Z
Library,binder,"Ezekiel Sims, Spider-Totem",SPM,Marvel's Spider-Man,100,foil,uncommon,1,108571,bb7c3ae2-6b01-4472-8bd1-9a7456401ddc,0.26,false,false,near_mint,en,USD,2026-05-20T20:02:24.473Z
Library,binder,Stegron the Dinosaur Man,SPM,Marvel's Spider-Man,95,foil,common,1,107631,485ceacb-fa76-4517-8466-c3c6bf6bcd6e,0.1,false,false,near_mint,en,USD,2026-05-20T20:02:24.475Z
Library,binder,Web-Shooters,SPM,Marvel's Spider-Man,22,foil,uncommon,1,108556,a0ca1108-6d99-4dc2-96ab-7728d65b0c06,0.11,false,false,near_mint,en,USD,2026-05-20T20:02:24.479Z
Library,binder,"Shocker, Unshakable",SPM,Marvel's Spider-Man,89,foil,uncommon,1,107652,8b2c0d9a-364a-4823-aa4c-fe473d4463f0,0.14,false,false,near_mint,en,USD,2026-05-20T20:02:24.485Z
Library,binder,"Shocker, Unshakable",SPM,Marvel's Spider-Man,89,normal,uncommon,1,107652,8b2c0d9a-364a-4823-aa4c-fe473d4463f0,0.17,false,false,near_mint,en,USD,2026-05-20T20:02:24.487Z
Library,binder,Spider-Man India,SPM,Marvel's Spider-Man,151,normal,uncommon,1,108448,65b8af30-559b-43a9-8526-62c28c378339,0.2,false,false,near_mint,en,USD,2026-05-20T20:02:24.492Z
Library,binder,"Green Goblin, Revenant",SPM,Marvel's Spider-Man,130,normal,uncommon,1,107856,218ef931-46f5-4a4d-9f26-898a1ff8f70f,0.22,false,false,near_mint,en,USD,2026-05-20T20:02:24.506Z
Library,binder,Spider-Man Noir,SPM,Marvel's Spider-Man,67,normal,uncommon,1,107668,bc64366c-2691-48cd-bb4b-a4b088c6f16b,0.26,false,false,near_mint,en,USD,2026-05-20T20:02:24.509Z
Library,binder,Savage Mansion,SPM,Marvel's Spider-Man,183,foil,common,1,108647,855f59a5-17a8-4aca-8a4d-f98111eba14c,0.25,false,false,near_mint,en,USD,2026-05-20T20:02:24.511Z
Library,binder,The Spot's Portal,SPM,Marvel's Spider-Man,68,foil,uncommon,1,108639,67a8bf52-7562-4cdd-b970-106717a0aad6,0.27,false,false,near_mint,en,USD,2026-05-20T20:02:24.512Z
Library,binder,Superior Foes of Spider-Man,SPM,Marvel's Spider-Man,96,normal,uncommon,1,108625,28e7bf86-5791-4412-8184-fa63fb292be4,0.1,false,false,near_mint,en,USD,2026-05-20T20:02:24.513Z
Library,binder,Web-Warriors,SPM,Marvel's Spider-Man,159,normal,uncommon,2,107867,741f5373-b51a-421a-9a74-326f0575c99b,0.14,false,false,near_mint,en,USD,2026-05-20T20:02:24.514Z
Library,binder,"Vulture, Scheming Scavenger",SPM,Marvel's Spider-Man,158,normal,uncommon,2,108471,e29281be-e722-4149-93a0-6dd3f0f64253,0.14,false,false,near_mint,en,USD,2026-05-20T20:02:24.476Z
Library,binder,Spider-UK,SPM,Marvel's Spider-Man,17,normal,uncommon,2,108531,6beb4548-1fab-4b9e-bf24-f7b9aadecc87,0.17,false,false,near_mint,en,USD,2026-05-20T20:02:24.477Z
Library,binder,"Wraith, Vicious Vigilante",SPM,Marvel's Spider-Man,160,normal,uncommon,2,108523,5f46ed93-de6d-4180-9018-26ee07f75464,0.17,false,false,near_mint,en,USD,2026-05-20T20:02:24.481Z
Library,binder,"SP//dr, Piloted by Peni",SPM,Marvel's Spider-Man,147,normal,uncommon,2,107670,c47c1d83-e76d-4939-9ed6-05a9e709dea1,0.23,false,false,near_mint,en,USD,2026-05-20T20:02:24.491Z
Library,binder,"Prowler, Clawed Thief",SPM,Marvel's Spider-Man,138,normal,uncommon,2,108462,bd31953a-7259-44e3-a94f-013bda68006d,0.2,false,false,near_mint,en,USD,2026-05-20T20:02:24.496Z
Library,binder,Spider-Bot,SPM,Marvel's Spider-Man,173,foil,common,1,107619,24df824a-c1d6-4f09-b866-313b31fec5fb,0.21,false,false,near_mint,en,USD,2026-05-20T20:05:36.058Z
Library,binder,Masked Meower,SPM,Marvel's Spider-Man,82,foil,common,1,107643,6aa0dc1f-6c83-4ac9-b4f2-428e0e0bbf88,0.24,false,false,near_mint,en,USD,2026-05-20T20:05:36.072Z
Library,binder,Flying Octobot,SPM,Marvel's Spider-Man,31,normal,uncommon,1,107681,ebadcd4a-f58f-4328-a765-0ea8d8028417,0.05,false,false,near_mint,en,USD,2026-05-20T20:05:36.087Z
Library,binder,Gallant Citizen,SPM,Marvel's Spider-Man,129,foil,common,1,108510,43790471-6ec8-4c1d-b6d3-74c6cdf8ce43,0.18,false,false,near_mint,en,USD,2026-05-20T20:05:36.089Z
Library,binder,Selfless Police Captain,SPM,Marvel's Spider-Man,12,foil,common,1,107685,fb0fd7bd-10d0-4d29-af88-387d1e07f3b7,0.16,false,false,near_mint,en,USD,2026-05-20T20:05:36.116Z
Library,binder,Terrific Team-Up,SPM,Marvel's Spider-Man,120,normal,uncommon,1,108597,f3c587b0-66b9-46bf-90ee-a6163c006c9e,0.19,false,false,near_mint,en,USD,2026-05-20T20:05:36.131Z
Library,binder,Raging Goblinoids,SPM,Marvel's Spider-Man,85,normal,uncommon,1,108456,8519598f-ab7f-49b0-90cc-c0b6422ebdf8,0.17,false,false,near_mint,en,USD,2026-05-20T20:05:36.141Z
Library,binder,Alien Symbiosis,SPM,Marvel's Spider-Man,50,foil,uncommon,1,108656,b898ccb7-758e-4f11-95e0-b412721d8bf9,0.24,false,false,near_mint,en,USD,2026-05-20T20:05:36.142Z
Library,binder,Rhino's Rampage,SPM,Marvel's Spider-Man,141,normal,uncommon,1,108601,f668817c-1cab-44c5-b6a8-95113e480d5e,0.19,false,false,near_mint,en,USD,2026-05-20T20:05:36.151Z
Library,binder,Doc Ock's Henchmen,SPM,Marvel's Spider-Man,30,normal,common,4,107659,a383c442-3f4a-4115-97e4-23f0eb88465b,0.13,false,false,near_mint,en,USD,2026-05-20T20:05:36.063Z
Library,binder,Vineglimmer Snarl,DRC,Aetherdrift Commander,183,normal,rare,1,103026,4b1003ca-809c-4e91-8368-e6b8fa870f23,0.22,false,false,near_mint,en,USD,2026-05-22T20:05:00.116Z
Library,binder,Crumb and Get It,BLB,Bloomburrow,8,foil,common,1,96259,3c7b3b25-d4b3-4451-9f5c-6eb369541175,0.22,false,false,near_mint,en,USD,2026-05-22T20:05:00.094Z
Library,binder,Scion of Draco,MH2,Modern Horizons 2,234,normal,mythic,1,59511,3e7da55c-7f05-46b2-aa3c-17f8d5df46bb,4.28,false,false,near_mint,en,USD,2026-06-07T21:06:18.171Z
Library,binder,Brainstealer Dragon,CLB,Commander Legends: Battle for Baldur's Gate,670,normal,rare,1,69414,0984b1f1-dfc8-4cb9-90a3-e084950438bf,10.89,false,false,near_mint,en,USD,2026-06-07T21:06:18.170Z
Library,binder,"Crosis, the Purger",C17,Commander 2017,168,normal,rare,1,4287,be667162-cd28-403c-b65f-dadc5459e757,0.57,false,false,near_mint,en,USD,2026-06-07T21:06:18.169Z
Library,binder,Decadent Dragon // Expensive Taste,WOE,Wilds of Eldraine,223,normal,rare,1,85338,315cbbf7-a2ad-4565-9877-1e903d7fd797,2.54,false,false,near_mint,en,USD,2026-06-07T21:06:18.165Z
Library,binder,The Great Goblin,HOB,The Hobbit,158,normal,rare,1,114902,78d8f53e-537d-4eaa-99e3-cac57fa53d22,0.58,false,false,near_mint,en,USD,2026-09-10T18:09:55.251Z
Library,binder,The Misty Mountains Cold,HOB,The Hobbit,104,normal,rare,1,114886,3d5f35ff-4146-4844-9da5-031461cc8c05,0.34,false,false,near_mint,en,USD,2026-09-10T18:09:55.252Z
Library,binder,The Lord of the Eagles,HOB,The Hobbit,46,normal,rare,1,114918,fa0554fc-9448-4ae2-8712-4f4f7af3c7b4,0.32,false,false,near_mint,en,USD,2026-09-10T18:09:55.253Z
Library,binder,Through the Forest Gate,HOB,The Hobbit,137,normal,rare,1,114978,880adfc8-69cf-4062-a804-e65b6cb6056d,0.92,false,false,near_mint,en,USD,2026-09-10T18:09:55.255Z
Library,binder,Iron Hills Blacksmith,HOB,The Hobbit,216,normal,uncommon,1,114899,6b428a9a-3a59-4416-b00b-78e2cb73e2d6,0.27,false,false,near_mint,en,USD,2026-09-10T18:09:55.256Z
Library,binder,Supper for Spiders,HOB,The Hobbit,300,normal,rare,1,114846,de7a0139-ce52-4212-9514-b2daba282288,0.83,false,false,near_mint,en,USD,2026-09-10T18:09:55.257Z
Library,binder,Part in Friendship,HOB,The Hobbit,134,foil,rare,1,114889,b4ff1eac-6d97-40ab-9b7c-c2fdca0917d9,0.34,false,false,near_mint,en,USD,2026-09-10T18:09:55.258Z
Library,binder,Island,HOB,The Hobbit,195,foil,common,1,112927,739aaaac-c424-4ea7-a084-62a6fc0438b0,0.29,false,false,near_mint,en,USD,2026-09-10T18:09:55.259Z
Library,binder,Thrór's Map,HOB,The Hobbit,179,foil,uncommon,1,115032,ad0dba36-d056-4bc1-987a-391da26ad267,0.34,false,false,near_mint,en,USD,2026-09-10T18:09:55.260Z
Library,binder,Beorn's Hospitality,HOB,The Hobbit,120,foil,uncommon,1,114968,153ca57e-30f0-4ad7-ae9d-c55cbf0fd4c9,0.3,false,false,near_mint,en,USD,2026-09-10T18:09:55.261Z
Library,binder,Elvenking's Halls,HOB,The Hobbit,182,foil,common,1,115086,cd477096-41b1-4907-9cb3-852cb22c9ba2,0.23,false,false,near_mint,en,USD,2026-09-10T18:09:55.263Z
Library,binder,Wood Elves,HOB,The Hobbit,142,foil,common,1,112913,2476e42b-b209-4207-8ed9-cb668f89b218,0.3,false,false,near_mint,en,USD,2026-09-10T18:09:55.264Z
Library,binder,Crude Bent Blade,HOB,The Hobbit,63,foil,common,1,115116,fa8fd3c4-bd00-485d-80b1-2b67f5786fce,0.27,false,false,near_mint,en,USD,2026-09-10T18:09:55.266Z
Library,binder,Pinecone Strike,HOB,The Hobbit,107,foil,common,1,115255,ea174cea-40e5-424e-9734-e39aae6c6b17,0.2,false,false,near_mint,en,USD,2026-09-10T18:09:55.267Z
Library,binder,Stone-Giant of High Pass,HOB,The Hobbit,113,normal,rare,1,115102,5f4f4683-ffd2-447a-932b-276f7fa17cca,0.19,false,false,near_mint,en,USD,2026-09-10T18:09:55.269Z
Library,binder,"Sting, Bilbo's Sword",HOB,The Hobbit,237,normal,rare,1,114801,30420a65-65f2-4331-9a5d-b1771da936b0,1.02,false,false,near_mint,en,USD,2026-09-10T18:09:55.270Z
Library,binder,Bilbo's Gambit,HOB,The Hobbit,5,normal,rare,1,114953,45ad01f0-cda8-4931-82bb-cb4949e56ae9,1.53,false,false,near_mint,en,USD,2026-09-10T18:09:55.271Z
Library,binder,"Roads Go Ever, Ever On",HOB,The Hobbit,25,normal,rare,1,114888,b3c1ebd6-967f-4b8c-8f1f-442ce8c1da24,0.23,false,false,near_mint,en,USD,2026-09-10T18:09:55.272Z
Library,binder,"Gollum, Riddle Master",HOB,The Hobbit,70,normal,mythic,1,114835,bbdc7e37-c65a-497a-92b7-a30a6e369c71,2.35,false,false,near_mint,en,USD,2026-09-10T18:09:55.273Z
Library,binder,Down in the Valley,HOB,The Hobbit,124,normal,rare,1,114983,c8aa5179-475b-4cc8-b21e-205b475eb4cf,0.31,false,false,near_mint,en,USD,2026-09-10T18:09:55.274Z
Library,binder,Thranduil's Company,HOB,The Hobbit,168,normal,rare,1,115109,abdb9d4e-e6ca-409b-b589-0cf71724340b,0.33,false,false,near_mint,en,USD,2026-09-10T18:09:55.275Z
Library,binder,Mirkwood,HOB,The Hobbit,188,normal,common,1,115054,612cf954-f86c-4629-99df-4874d56fded3,0.15,false,false,near_mint,en,USD,2026-09-10T18:09:55.276Z
Library,binder,Lake-town,HOB,The Hobbit,186,normal,common,1,115044,2fbd0584-81a7-4c47-8af1-1c8635899a97,0.17,false,false,near_mint,en,USD,2026-09-10T18:09:55.278Z
Library,binder,Island,HOB,The Hobbit,195,normal,common,1,112927,739aaaac-c424-4ea7-a084-62a6fc0438b0,0.32,false,false,near_mint,en,USD,2026-09-10T18:09:55.279Z
Library,binder,"Beorn, Reluctant Host // Till and Tend",HOB,The Hobbit,118,foil,common,1,115066,804589b7-3ef9-473d-97cc-c61a2d41f70d,0.29,false,false,near_mint,en,USD,2026-09-10T18:09:55.281Z
Library,binder,Patient Instructor,HOB,The Hobbit,162,normal,common,1,115091,e4800508-8bb9-41bb-8712-b55fba7a80a5,0.14,false,false,near_mint,en,USD,2026-09-10T18:09:55.285Z
Library,binder,"Smaug, the Great Calamity // Spew Flame",HOB,The Hobbit,109,normal,common,1,115167,419ca9e5-8413-4378-a4ef-eda5a1024218,0.21,false,false,near_mint,en,USD,2026-09-10T18:09:55.286Z
Library,binder,Elvenking's Harper,HOB,The Hobbit,38,normal,common,1,115214,9c50656d-c74a-4e90-9ef7-afa237682516,0.14,false,false,near_mint,en,USD,2026-09-10T18:09:55.287Z
Library,binder,Vow to Erebor,HOB,The Hobbit,31,normal,common,1,115210,8d4f3eb5-fedf-45d6-8bd8-aacbe0ce33b2,0.15,false,false,near_mint,en,USD,2026-09-10T18:09:55.288Z
Library,binder,Front Porch Sentries,HOB,The Hobbit,67,foil,common,1,115094,07bfc803-e11b-47ab-9f25-0ace7e174200,0.2,false,false,near_mint,en,USD,2026-09-10T18:09:55.289Z
Library,binder,Mountain,HOB,The Hobbit,192,foil,common,1,115080,c49d378e-9549-4320-b3c6-1aeb216d1e98,0.2,false,false,near_mint,en,USD,2026-09-10T18:09:55.290Z
Library,binder,"Gandalf, Wandering Wizard",HOB,The Hobbit,41,normal,common,1,115043,1f8403a2-849c-4a59-b0ed-c8803995028d,0.12,false,false,near_mint,en,USD,2026-09-10T18:09:55.296Z
Library,binder,Magnificent End,HOB,The Hobbit,20,normal,common,1,115170,430c8916-1167-400b-9cad-d301f59d5e5d,0.14,false,false,near_mint,en,USD,2026-09-10T18:09:55.297Z
Library,binder,Thorin's Last Stand,HOB,The Hobbit,28,normal,common,1,115134,127367b6-9cfe-4516-9bfd-5b951468a25c,0.1,false,false,near_mint,en,USD,2026-09-10T18:09:55.298Z
Library,binder,Óin the Brave,HOB,The Hobbit,106,normal,common,1,115212,9984b9ef-e81c-48f4-aa33-0504171a2d3c,0.18,false,false,near_mint,en,USD,2026-09-10T18:09:55.302Z
Library,binder,Mirkwood Meditator,HOB,The Hobbit,48,normal,common,1,115226,ad7ed4e6-3fe2-40f1-909b-a03b2a3c941a,0.13,false,false,near_mint,en,USD,2026-09-10T18:09:55.303Z
Library,binder,Attercop,HOB,The Hobbit,116,normal,common,1,115206,81263d5d-e402-4813-9458-161112da27ab,0.12,false,false,near_mint,en,USD,2026-09-10T18:09:55.309Z
Library,binder,Well-Worn Spatula,HOB,The Hobbit,180,normal,common,1,115055,659b687f-4068-496f-81b2-7b606bf07ec1,0.12,false,false,near_mint,en,USD,2026-09-10T18:09:55.310Z
Library,binder,Crude Bent Blade,HOB,The Hobbit,63,normal,common,1,115116,fa8fd3c4-bd00-485d-80b1-2b67f5786fce,0.11,false,false,near_mint,en,USD,2026-09-10T18:09:55.313Z
Library,binder,"Bilbo, Luckwearer // Burglar's Plot",HOB,The Hobbit,218,normal,uncommon,1,114832,b5fe776d-00c2-4d5d-9493-77dd754aa728,0.28,false,false,near_mint,en,USD,2026-09-10T18:09:55.314Z
Library,binder,Plunder the Trollshaws,HOB,The Hobbit,51,normal,common,1,115074,afb73190-b9bd-4744-a011-a37cd9c0148d,0.19,false,false,near_mint,en,USD,2026-09-10T18:09:55.318Z
Library,binder,Goblin-town Flunkies,HOB,The Hobbit,100,normal,common,1,115239,ccff7382-8609-494c-aeee-cd1436456dd0,0.19,false,false,near_mint,en,USD,2026-09-10T18:09:55.319Z
Library,binder,Boughside Wanderers,HOB,The Hobbit,121,normal,common,1,115196,71bec005-2925-4944-be16-2cc5eb30f5d6,0.12,false,false,near_mint,en,USD,2026-09-10T18:09:55.320Z
Library,binder,Eagle of the Great Shelf,HOB,The Hobbit,11,normal,uncommon,1,114895,3feca644-5f65-4477-bbc8-d505cec6f3a5,0.14,false,false,near_mint,en,USD,2026-09-10T18:09:55.323Z
Library,binder,"Bifur, Melodic Rider",HOB,The Hobbit,147,normal,uncommon,1,114849,ee88cc80-8fbf-451c-b2b8-09158426c26a,0.2,false,false,near_mint,en,USD,2026-09-10T18:09:55.324Z
Library,binder,Confusticate and Bebother,HOB,The Hobbit,35,normal,common,1,115071,9de48690-e5ae-495a-addf-305f1db7ec21,0.19,false,false,near_mint,en,USD,2026-09-10T18:09:55.329Z
Library,binder,Pinecone Strike,HOB,The Hobbit,107,normal,common,1,115255,ea174cea-40e5-424e-9734-e39aae6c6b17,0.13,false,false,near_mint,en,USD,2026-09-10T18:09:55.330Z
Library,binder,"Nori, Teller of Tales",HOB,The Hobbit,161,normal,common,1,115076,b05adb48-980c-49a0-9ce6-7c7f3f20715d,0.13,false,false,near_mint,en,USD,2026-09-10T18:09:55.332Z
Library,binder,Silvan Reveler,HOB,The Hobbit,163,normal,uncommon,1,114840,c71b74fb-fb0c-4953-b536-7a3f283c6918,0.23,false,false,near_mint,en,USD,2026-09-10T18:09:55.335Z
Library,binder,"Galion, Elvenking's Butler",HOB,The Hobbit,125,normal,uncommon,1,114979,985bd676-58c4-42c7-a570-1b413e9aa94c,0.18,false,false,near_mint,en,USD,2026-09-10T18:09:55.337Z
Library,binder,Lake-town Mariners // Gone Fishing,HOB,The Hobbit,44,normal,uncommon,1,114996,4202a678-a5f4-47f9-9c18-e88ab9ad20a4,0.13,false,false,near_mint,en,USD,2026-09-10T18:09:55.339Z
Library,binder,Gathering of Darkness,HOB,The Hobbit,68,normal,uncommon,1,114923,2ce066be-e5ad-4b93-8245-1b5018990d03,0.19,false,false,near_mint,en,USD,2026-09-10T18:09:55.340Z
Library,binder,Misty Mountains Raider,HOB,The Hobbit,105,normal,uncommon,1,114974,6dff14cd-b60b-48f4-9d9f-c9019b55df4c,0.22,false,false,near_mint,en,USD,2026-09-10T18:09:55.343Z
Library,binder,Old Fat Spider,HOB,The Hobbit,132,normal,uncommon,1,115033,e0c0f842-40fe-4776-a988-a35216bcfd47,0.13,false,false,near_mint,en,USD,2026-09-10T18:09:55.344Z
Library,binder,Warg Tactics,HOB,The Hobbit,139,foil,common,1,115228,b06d9cee-bb0f-4fe7-ab2a-b55d36461aec,0.26,false,false,near_mint,en,USD,2026-09-10T18:09:55.345Z
Library,binder,Thrór's Map,HOB,The Hobbit,179,normal,uncommon,1,115032,ad0dba36-d056-4bc1-987a-391da26ad267,0.21,false,false,near_mint,en,USD,2026-09-10T18:09:55.346Z
Library,binder,Dreaded Bat-Cloud,HOB,The Hobbit,66,normal,uncommon,1,115186,67d52db5-597e-46d5-af39-c3a2de107d30,0.15,false,false,near_mint,en,USD,2026-09-10T18:09:55.347Z
Library,binder,Troop of Ponies,HOB,The Hobbit,3,normal,uncommon,1,115131,0b4b1c59-bcec-4779-9e27-0e6f9feb4e11,0.37,false,false,near_mint,en,USD,2026-09-10T18:09:55.348Z
Library,binder,Thranduil's Decree,HOB,The Hobbit,56,normal,uncommon,1,114950,e4ded4c1-0e3e-47c5-8fdc-e7c187f68b12,0.26,false,false,near_mint,en,USD,2026-09-10T18:09:55.349Z
Library,binder,Beorn's Hospitality,HOB,The Hobbit,120,normal,uncommon,1,114968,153ca57e-30f0-4ad7-ae9d-c55cbf0fd4c9,0.25,false,false,near_mint,en,USD,2026-09-10T18:09:55.350Z
Library,binder,Glóin the Mighty // Easy Pickings,HOB,The Hobbit,99,normal,uncommon,1,115023,5793b8eb-2fc5-454d-8fa2-20346fef167a,0.3,false,false,near_mint,en,USD,2026-09-10T18:09:55.354Z
Library,binder,Iron Hills,HOB,The Hobbit,185,normal,common,1,115063,78045c43-5cbe-48ff-837d-e7c6baac2937,0.14,false,false,near_mint,en,USD,2026-09-10T18:09:55.363Z
Library,binder,Dreaded Bat-Cloud,HOB,The Hobbit,66,foil,uncommon,1,115186,67d52db5-597e-46d5-af39-c3a2de107d30,0.25,false,false,near_mint,en,USD,2026-09-10T18:09:55.364Z
Library,binder,The Notary Hobbits,HOB,The Hobbit,131,normal,rare,1,115113,d876315f-b269-4254-a517-905c6e927462,0.41,false,false,near_mint,en,USD,2026-09-10T18:09:55.365Z
Library,binder,Bolg of the North,HOB,The Hobbit,148,normal,uncommon,1,114818,7b2d2a7f-88e0-45a9-8579-a6736bcd66eb,0.12,false,false,near_mint,en,USD,2026-09-10T18:09:55.366Z
Library,binder,Troll Negotiations,HOB,The Hobbit,138,normal,uncommon,1,115112,ca0f7bf4-b8a2-4ec4-ad7e-b639de9fa76a,0.1,false,false,near_mint,en,USD,2026-09-10T18:09:55.368Z
Library,binder,"Bilbo Baggins, Burglar // Take a Glance",HOB,The Hobbit,34,normal,common,1,115057,6a109b3e-9f5b-4625-abb7-6b992c10530b,0.14,false,false,near_mint,en,USD,2026-09-10T18:09:55.371Z
Library,binder,Smaug's Fury,HOB,The Hobbit,111,normal,common,1,115218,a16f203a-785e-4c78-9410-fb9f8a0ffa01,0.16,false,false,near_mint,en,USD,2026-09-10T18:09:55.372Z
Library,binder,Stir Up Trouble,HOB,The Hobbit,84,foil,common,1,115266,fd145e3a-c889-4390-accb-863dbcc845ce,0.26,false,false,near_mint,en,USD,2026-09-10T18:09:55.378Z
Library,binder,Thorin Oakenshield,HOB,The Hobbit,202,normal,uncommon,1,114833,b6d8d14d-4713-40ea-9509-81ce68b2184d,0.31,false,false,near_mint,en,USD,2026-09-10T18:09:55.379Z
Library,binder,Elven Raft-Steerer,HOB,The Hobbit,37,normal,uncommon,1,114890,c141695c-c108-41d5-85cb-1f7485d9d533,0.32,false,false,near_mint,en,USD,2026-09-10T18:09:55.380Z
Library,binder,Desolation Prowler,HOB,The Hobbit,64,normal,uncommon,1,115000,63c87009-ff1b-44b9-88b1-e26219094c67,0.24,false,false,near_mint,en,USD,2026-09-10T18:09:55.381Z
Library,binder,Wargling,HOB,The Hobbit,140,normal,common,1,115141,1ccbf823-846f-4f09-9c67-1deebb5d1d92,0.13,false,false,near_mint,en,USD,2026-09-10T18:09:55.387Z
Library,binder,Duskwatch Hunter,HOB,The Hobbit,153,normal,common,1,115045,3685c783-d837-4466-a960-ab3098db64c3,0.16,false,false,near_mint,en,USD,2026-09-10T18:09:55.388Z
Library,binder,Mountain,HOB,The Hobbit,197,foil,common,1,112923,51acfb01-4b0b-48fc-9704-a9b4a1e43a23,0.44,false,false,near_mint,en,USD,2026-09-10T18:09:55.390Z
Library,binder,Dwarven Shortsword,HOB,The Hobbit,10,foil,common,1,115259,f2341cf3-4d2c-4a4f-9aea-8834104a8910,0.23,false,false,near_mint,en,USD,2026-09-10T18:09:55.391Z
Library,binder,Kíli the Resourceful,HOB,The Hobbit,17,normal,rare,1,115097,1805532f-6d99-47d0-9529-5f5831a7fdc8,1.48,false,false,near_mint,en,USD,2026-09-10T18:09:55.392Z
Library,binder,"Dáin, Lord of the Iron Hills",HOB,The Hobbit,8,normal,uncommon,1,115213,99d27749-d16c-45e9-accc-6a01351c17f9,0.23,false,false,near_mint,en,USD,2026-09-10T18:09:55.393Z
Library,binder,Key to the Side-Door,HOB,The Hobbit,175,normal,uncommon,1,115105,898c14a2-d897-4341-83ed-eee666df9648,0.31,false,false,near_mint,en,USD,2026-09-10T18:09:55.394Z
Library,binder,"Burn, Burn, Tree and Fern",HOB,The Hobbit,90,normal,uncommon,1,114856,fceb1a2d-121e-49ad-acf2-1bb5aebec116,0.17,false,false,near_mint,en,USD,2026-09-10T18:09:55.395Z
Library,binder,Moment of Glory,HOB,The Hobbit,21,normal,common,1,115130,0a6a6ff0-b1cd-4b06-bd31-612690094e0e,0.11,false,false,near_mint,en,USD,2026-09-10T18:09:55.396Z
Library,binder,Lakeshore Apothecary,HOB,The Hobbit,43,normal,common,1,115223,abfbb255-a39b-4df5-bfb6-5298584e89f0,0.12,false,false,near_mint,en,USD,2026-09-10T18:09:55.397Z
Library,binder,Bilbo's Deadly Slice,HOB,The Hobbit,62,normal,common,1,115137,17892c93-b9b2-4720-933b-998ed0200492,0.11,false,false,near_mint,en,USD,2026-09-10T18:09:55.402Z
Library,binder,Gigantic Big Bear,HOB,The Hobbit,126,normal,rare,1,115065,7d6ece3d-8e7a-41ad-974f-3c9748de4825,0.44,false,false,near_mint,en,USD,2026-09-10T18:09:55.404Z
Library,binder,"Thranduil, Sindarin Liege // Silvan Rally",HOB,The Hobbit,166,normal,uncommon,1,115048,481870ee-d1f7-421b-86e1-570ea933bbbc,0.29,false,false,near_mint,en,USD,2026-09-10T18:09:55.405Z
Library,binder,Sound the Trumpets,HOB,The Hobbit,55,normal,uncommon,1,114949,dd32a1dd-3541-4572-a717-1deabc14b827,0.12,false,false,near_mint,en,USD,2026-09-10T18:09:55.406Z
Library,binder,Nasty Little Rabbit,HOB,The Hobbit,130,normal,uncommon,1,115030,96bc7d25-2828-478a-8fe5-a1f4ede8c9c0,0.13,false,false,near_mint,en,USD,2026-09-10T18:09:55.407Z
Library,binder,Uneasy Partings,HOB,The Hobbit,58,normal,common,1,115250,e49866d4-966a-40f9-b08d-18e5af6d726b,0.09,false,false,near_mint,en,USD,2026-09-10T18:09:55.408Z
Library,binder,Great Fierce Bee,HOB,The Hobbit,73,normal,common,1,115215,9d9ef88f-d208-4788-9553-cd672b3be1fe,0.12,false,false,near_mint,en,USD,2026-09-10T18:09:55.413Z
Library,binder,Island,HOB,The Hobbit,190,normal,common,1,115083,c6aa89a8-3584-4906-b9a9-41ef2f021f8e,0.18,false,false,near_mint,en,USD,2026-09-10T18:09:55.417Z
Library,binder,The Mountain-king's Return,HOB,The Hobbit,22,normal,uncommon,1,114898,68f4893d-e9a5-4f89-ade3-9ab78a834ad5,0.23,false,false,near_mint,en,USD,2026-09-10T18:09:55.418Z
Library,binder,Master's Councillors,HOB,The Hobbit,47,normal,uncommon,1,114932,addcefdd-e012-4adf-9052-e60376a8d2d3,0.13,false,false,near_mint,en,USD,2026-09-10T18:09:55.419Z
Library,binder,Wilderland Scrounger,HOB,The Hobbit,141,normal,uncommon,1,114999,63078f42-f404-4c61-86be-45d934393b0a,0.18,false,false,near_mint,en,USD,2026-09-10T18:09:55.420Z
Library,binder,Mirkwood Nurturer,HOB,The Hobbit,160,normal,common,1,115061,704b45e4-566e-40f6-a33a-9151018b44e5,0.14,false,false,near_mint,en,USD,2026-09-10T18:09:55.426Z
Library,binder,Quarrel,HOB,The Hobbit,135,normal,common,1,115179,5900a0b4-aa89-4019-94c9-7e9ea3b4792e,0.08,false,false,near_mint,en,USD,2026-09-10T18:09:55.428Z
Library,binder,Dwarven Provisioner,HOB,The Hobbit,9,normal,common,3,115144,1f9a61a1-454e-4d5b-a6dd-1a79fe9dedf3,0.11,false,false,near_mint,en,USD,2026-09-10T18:09:55.254Z
Library,binder,Gollum the Abandoned,HOB,The Hobbit,72,foil,uncommon,2,114926,50d91ef3-6f5d-4255-8d47-be731b5dad30,0.27,false,false,near_mint,en,USD,2026-09-10T18:09:55.262Z
Library,binder,Plunder the Trollshaws,HOB,The Hobbit,51,foil,common,2,115074,afb73190-b9bd-4744-a011-a37cd9c0148d,0.26,false,false,near_mint,en,USD,2026-09-10T18:09:55.265Z
Library,binder,Mountain,HOB,The Hobbit,192,normal,common,3,115080,c49d378e-9549-4320-b3c6-1aeb216d1e98,0.12,false,false,near_mint,en,USD,2026-09-10T18:09:55.277Z
Library,binder,Elvenking's Halls,HOB,The Hobbit,182,normal,common,2,115086,cd477096-41b1-4907-9cb3-852cb22c9ba2,0.19,false,false,near_mint,en,USD,2026-09-10T18:09:55.280Z
Library,binder,Wood Elves,HOB,The Hobbit,142,normal,common,3,112913,2476e42b-b209-4207-8ed9-cb668f89b218,0.29,false,false,near_mint,en,USD,2026-09-10T18:09:55.282Z
Library,binder,Hobbit Hole,HOB,The Hobbit,184,normal,common,3,115038,0365c439-30bf-4d32-a791-166751bdb996,0.2,false,false,near_mint,en,USD,2026-09-10T18:09:55.283Z
Library,binder,Reverent Howl,HOB,The Hobbit,81,normal,common,2,115136,16765eb2-d497-4cd6-b683-20eac2f10bbf,0.13,false,false,near_mint,en,USD,2026-09-10T18:09:55.284Z
Library,binder,Giant's Boulder,HOB,The Hobbit,173,normal,common,4,115241,ce254758-c928-4b43-a952-13fac1845668,0.18,false,false,near_mint,en,USD,2026-09-10T18:09:55.291Z
Library,binder,Stir Up Trouble,HOB,The Hobbit,84,normal,common,2,115266,fd145e3a-c889-4390-accb-863dbcc845ce,0.14,false,false,near_mint,en,USD,2026-09-10T18:09:55.292Z
Library,binder,Ordinary Bear,HOB,The Hobbit,133,normal,common,2,115040,0feb9817-56e1-465a-851c-b2fe202aa8ae,0.13,false,false,near_mint,en,USD,2026-09-10T18:09:55.293Z
Library,binder,Iron Hills Stalwart,HOB,The Hobbit,102,normal,common,2,115172,46daa9ac-0ac7-4df9-b9d2-e03ab5b56c72,0.11,false,false,near_mint,en,USD,2026-09-10T18:09:55.295Z
Library,binder,Goblin Plate Mail,HOB,The Hobbit,157,normal,common,2,115085,cb982607-da37-4894-91a5-cf6307d4d703,0.1,false,false,near_mint,en,USD,2026-09-10T18:09:55.299Z
Library,binder,Long Lake Nuisance,HOB,The Hobbit,45,normal,common,3,115240,cd5af94d-6321-4834-8e5f-e5d0261b3ef3,0.09,false,false,near_mint,en,USD,2026-09-10T18:09:55.300Z
Library,binder,"Ori, Keeper of Songs",HOB,The Hobbit,23,normal,common,2,115081,c5727af5-a487-4b16-8278-81c3c928c417,0.14,false,false,near_mint,en,USD,2026-09-10T18:09:55.301Z
Library,binder,"Beorn, Reluctant Host // Till and Tend",HOB,The Hobbit,118,normal,common,2,115066,804589b7-3ef9-473d-97cc-c61a2d41f70d,0.19,false,false,near_mint,en,USD,2026-09-10T18:09:55.304Z
Library,binder,Ragged Short Spear,HOB,The Hobbit,108,normal,common,2,115203,7bf81a8b-52ad-49f5-a3d4-22613cad3a3d,0.1,false,false,near_mint,en,USD,2026-09-10T18:09:55.306Z
Library,binder,Esgaroth Garrison,HOB,The Hobbit,13,normal,common,2,115177,573f67b0-6ce8-4857-a703-4a5728640736,0.16,false,false,near_mint,en,USD,2026-09-10T18:09:55.308Z
Library,binder,Front Porch Sentries,HOB,The Hobbit,67,normal,common,3,115094,07bfc803-e11b-47ab-9f25-0ace7e174200,0.1,false,false,near_mint,en,USD,2026-09-10T18:09:55.312Z
Library,binder,Ragged Short Spear,HOB,The Hobbit,108,foil,common,2,115203,7bf81a8b-52ad-49f5-a3d4-22613cad3a3d,0.3,false,false,near_mint,en,USD,2026-09-10T18:09:55.315Z
Library,binder,Gundabad Opportunist,HOB,The Hobbit,101,normal,common,2,115233,bc4a60b8-a5bb-4dbf-8d48-95caf757eac3,0.08,false,false,near_mint,en,USD,2026-09-10T18:09:55.316Z
Library,binder,Velvetwing Butterflies // Gaze in Wonder,HOB,The Hobbit,30,normal,common,2,115180,5cc0f994-5048-4898-926e-b56cbc97e0ca,0.08,false,false,near_mint,en,USD,2026-09-10T18:09:55.317Z
Library,binder,Warg Tactics,HOB,The Hobbit,139,normal,common,4,115228,b06d9cee-bb0f-4fe7-ab2a-b55d36461aec,0.19,false,false,near_mint,en,USD,2026-09-10T18:09:55.322Z
Library,binder,Nighthowl Pursuer,HOB,The Hobbit,78,normal,uncommon,2,114959,d3cbe830-7e95-4019-89c4-cfb36bcf00f8,0.23,false,false,near_mint,en,USD,2026-09-10T18:09:55.325Z
Library,binder,Tidings of War,HOB,The Hobbit,115,normal,common,2,115160,38c16a0a-375e-48cb-9720-dbbc08c603ae,0.2,false,false,near_mint,en,USD,2026-09-10T18:09:55.327Z
Library,binder,Lake-town Lookout,HOB,The Hobbit,18,normal,common,2,115138,178c4cf6-6b11-40e4-9673-c560d6818a6b,0.15,false,false,near_mint,en,USD,2026-09-10T18:09:55.328Z
Library,binder,Ravening Warg,HOB,The Hobbit,80,normal,common,2,115257,ea7b5052-b343-466d-879e-2a211657ef0a,0.16,false,false,near_mint,en,USD,2026-09-10T18:09:55.334Z
Library,binder,Dwarven Mauler,HOB,The Hobbit,95,normal,uncommon,2,114982,bd0f0415-43af-4f5d-8999-853c5d42780d,0.28,false,false,near_mint,en,USD,2026-09-10T18:09:55.336Z
Library,binder,Fearsome Goblin Pair,HOB,The Hobbit,156,normal,uncommon,2,115018,2efe2dc7-3eaa-47f6-b1ae-f974c4a8ae79,0.27,false,false,near_mint,en,USD,2026-09-10T18:09:55.338Z
Library,binder,Lake-town Toymaker,HOB,The Hobbit,19,normal,uncommon,2,115185,67304269-c595-4cf0-8dbf-fcb2e9e01fe2,0.07,false,false,near_mint,en,USD,2026-09-10T18:09:55.342Z
Library,binder,Dwarven Shortsword,HOB,The Hobbit,10,normal,common,3,115259,f2341cf3-4d2c-4a4f-9aea-8834104a8910,0.18,false,false,near_mint,en,USD,2026-09-10T18:09:55.356Z
Library,binder,Enchanted River's Grasp,HOB,The Hobbit,39,normal,common,3,115225,ad40a4b9-9fab-49c1-8e9f-6e0776966833,0.15,false,false,near_mint,en,USD,2026-09-10T18:09:55.357Z
Library,binder,Rage into the Valley,HOB,The Hobbit,200,normal,common,2,115158,349d7464-e778-4a24-a528-d31d36ff4799,0.21,false,false,near_mint,en,USD,2026-09-10T18:09:55.382Z
Library,binder,Stony-Voiced Goblins,HOB,The Hobbit,85,normal,common,2,115194,6fcc3699-b475-4612-884d-81bd4f21e9c1,0.12,false,false,near_mint,en,USD,2026-09-10T18:09:55.386Z
Library,binder,"Dori, Bearer of Friends",HOB,The Hobbit,94,normal,common,2,115087,d2f60ad0-c887-4585-85f8-afcf72fb80d0,0.16,false,false,near_mint,en,USD,2026-09-10T18:09:55.409Z
Library,binder,"Sauron, the Dark Lord",HOC,The Hobbit Eternal,76,foil,mythic,1,112910,22dd486a-dfb1-4553-8b0d-d9407cfda36a,146.81,false,false,near_mint,en,USD,2026-09-10T18:10:27.831Z
Library,binder,Dáin of the Ancient Halls,HOC,The Hobbit Eternal,104,normal,mythic,1,115093,f0c5ea58-c6b0-4cf0-bc5e-45c9aa780b91,66.64,false,false,near_mint,en,USD,2026-09-10T18:10:42.365Z
Library,binder,"Orcrist, Goblin-cleaver",HOB,The Hobbit,177,foil,mythic,1,114916,f54f1c1d-6a22-43e9-a842-0a1ae25b323c,15.47,false,false,near_mint,en,USD,2026-09-10T18:11:09.643Z
Library,binder,"Orcrist, Goblin-cleaver",HOB,The Hobbit,177,normal,mythic,1,114916,f54f1c1d-6a22-43e9-a842-0a1ae25b323c,13.52,false,false,near_mint,en,USD,2026-09-10T18:11:20.243Z
Library,binder,The Arkenstone // Seek the Heart,HOB,The Hobbit,170,normal,mythic,1,112935,a56a88ba-fcfa-4b56-bdae-a080b297b871,9.37,false,false,near_mint,en,USD,2026-09-10T18:11:36.046Z
Library,binder,Dispel,BFZ,Battle for Zendikar,76,normal,common,4,10275,bceab6b3-6b64-4964-a501-ce806a6c13ad,0.23,false,false,near_mint,en,USD,2024-04-14T23:43:56.244Z
Library,binder,Deny Existence,SOI,Shadows over Innistrad,55,normal,common,3,8941,16a14eeb-1c85-4029-a047-39a4efef3f74,0.07,false,false,near_mint,en,USD,2024-04-14T23:43:56.244Z
Library,binder,Highland Lake,SOI,Shadows over Innistrad,277,normal,uncommon,4,8719,48b97a23-c4cf-47c9-9dbf-34215ea0e908,0.12,false,false,near_mint,en,USD,2024-04-15T03:01:59.013Z
Library,binder,Cinder Barrens,OGW,Oath of the Gatewatch,168,normal,uncommon,4,9214,949f41a0-9082-4682-88b8-a29fbcb48d5d,0.11,false,false,near_mint,en,USD,2024-04-15T03:25:24.269Z
Library,binder,Book of Mazarbul,LTR,The Lord of the Rings: Tales of Middle-earth,116,normal,uncommon,8,82829,04dcef75-6f98-4233-ae32-6fe41724c8e0,0.07,false,false,near_mint,en,USD,2024-04-16T06:00:55.805Z
Library,binder,Lórien Revealed,LTR,The Lord of the Rings: Tales of Middle-earth,60,normal,common,6,82850,0ce44270-a684-4489-9077-521456e6dfaa,2.5,false,false,near_mint,en,USD,2024-04-16T06:03:29.574Z
Library,binder,The Mouth of Sauron,LTR,The Lord of the Rings: Tales of Middle-earth,216,normal,uncommon,5,83201,76a88814-aa30-4297-b338-3d851bfe7256,0.14,false,false,near_mint,en,USD,2024-04-16T06:03:29.574Z
Library,binder,Borne Upon a Wind,LTR,The Lord of the Rings: Tales of Middle-earth,44,normal,rare,2,83378,a9379675-1a32-4e2b-8aaf-5f908c595f31,1.0,false,false,near_mint,en,USD,2024-04-16T06:03:29.574Z
Library,binder,Swarming of Moria,LTR,The Lord of the Rings: Tales of Middle-earth,150,normal,common,4,82842,0a1bd073-4351-4c56-9b07-4430d0d83084,0.11,false,false,near_mint,en,USD,2024-04-16T20:26:28.312Z
Library,binder,Glorious Gale,LTR,The Lord of the Rings: Tales of Middle-earth,51,normal,common,4,83178,6e1057de-5710-415c-9a51-1d8bd86021a3,0.13,false,false,near_mint,en,USD,2024-04-16T20:26:28.312Z
Library,binder,Sunken Hollow,LTC,Tales of Middle-earth Commander,335,normal,rare,2,83320,9764a8bc-94ff-448f-aed6-2eca21fc0418,0.34,false,false,near_mint,en,USD,2024-04-16T20:37:25.604Z
Library,binder,"Mauhúr, Uruk-hai Captain",LTR,The Lord of the Rings: Tales of Middle-earth,214,normal,uncommon,6,83145,65e9a757-7ed4-4cc0-bb6f-a59fa69b32a5,0.06,false,false,near_mint,en,USD,2024-04-16T20:37:25.604Z
Library,binder,Saruman's Trickery,LTR,The Lord of the Rings: Tales of Middle-earth,68,normal,uncommon,4,83284,8eb6c23b-e52e-4533-9625-884eb0a4d866,0.06,false,false,near_mint,en,USD,2024-04-16T20:37:25.604Z
Library,binder,"Grishnákh, Brash Instigator",LTR,The Lord of the Rings: Tales of Middle-earth,134,normal,uncommon,6,83136,6385e769-f805-499d-9f47-494533362152,0.1,false,false,near_mint,en,USD,2024-04-16T20:37:25.604Z
Library,binder,Saruman the White,LTR,The Lord of the Rings: Tales of Middle-earth,67,normal,uncommon,4,82903,1bfccbab-29fa-4e92-8919-6cd4815fb655,0.1,false,false,near_mint,en,USD,2024-04-16T20:37:25.604Z
Library,binder,Orcish Medicine,LTR,The Lord of the Rings: Tales of Middle-earth,104,normal,common,4,83149,66fae9ab-2302-4dea-a4e8-701938a0ef09,0.05,false,false,near_mint,en,USD,2024-04-16T20:37:25.604Z
Library,binder,Deceive the Messenger,LTR,The Lord of the Rings: Tales of Middle-earth,47,normal,common,4,83406,b2984bc6-7c12-46e4-8dd3-b23e29a7a7ec,0.1,false,false,near_mint,en,USD,2024-04-16T20:37:25.604Z
Library,binder,Surrounded by Orcs,LTR,The Lord of the Rings: Tales of Middle-earth,73,normal,common,4,82905,1c50d4c8-2311-4394-b73f-389eb81e898b,0.04,false,false,near_mint,en,USD,2024-04-16T20:37:25.604Z
Library,binder,Foray of Orcs,LTR,The Lord of the Rings: Tales of Middle-earth,417,normal,uncommon,2,83626,ef083f43-4748-42e6-bc22-fc2570db5ca3,0.05,false,false,near_mint,en,USD,2024-04-17T05:16:23.360Z
Library,binder,Mount Doom,LTR,The Lord of the Rings: Tales of Middle-earth,258,normal,mythic,4,83419,b5bc71a1-2344-4bc6-aa60-658cec19d0d6,4.61,false,false,near_mint,en,USD,2024-04-17T05:16:23.360Z
Library,binder,Tamiyo's Journal,SOI,Shadows over Innistrad,265,normal,rare,2,8731,b474378c-5fa8-418f-8d76-23e78003ed18,2.25,false,false,near_mint,en,USD,2024-04-17T16:28:18.948Z
Library,binder,Fall of Cair Andros,LTR,The Lord of the Rings: Tales of Middle-earth,124,normal,rare,2,82985,354b4623-50a0-41f1-ad1e-7dd6ac3852df,0.16,false,false,near_mint,en,USD,2024-04-19T01:41:04.782Z
Library,binder,Barad-dûr,LTR,The Lord of the Rings: Tales of Middle-earth,425,normal,rare,2,83072,4f1aa00f-aa33-4c89-9014-6184356649ca,1.25,false,false,near_mint,en,USD,2024-04-19T01:50:32.962Z
Library,binder,Pip-Boy 3000,PIP,Fallout,140,normal,rare,2,92664,c2248694-aab0-47a8-ae8b-8d5283075e10,5.45,false,false,near_mint,en,USD,2024-05-07T03:44:09.304Z
Library,binder,Sink into Stupor // Soporific Springs,MH3,Modern Horizons 3,241,normal,uncommon,2,94450,5358b87a-1a29-426d-b165-40c97da2c14d,5.48,false,false,near_mint,en,USD,2024-07-21T20:02:36.043Z
Library,binder,Essence Scatter,FDN,Foundations,153,normal,uncommon,2,101226,dd05c850-f91e-4ffb-b4cc-8418d49dad90,0.29,false,false,near_mint,en,USD,2024-11-13T02:11:03.241Z
Library,binder,An Offer You Can't Refuse,FDN,Foundations,160,normal,uncommon,2,100948,a829747f-cf9b-4d81-ba66-9f0630ed4565,1.23,false,false,near_mint,en,USD,2024-11-13T02:11:03.241Z
Library,binder,Smaug the Magnificent,HOB,The Hobbit,229,foil,mythic,1,112922,4edcf8eb-d0b0-4aec-bec0-64c56982cdce,91.58,false,false,near_mint,en,USD,2026-09-12T02:32:45.881Z
Library,binder,"Thorin, Mountain-king",HOB,The Hobbit,114,normal,mythic,1,112904,117347af-0dd7-4350-901d-8c8a81387e22,5.34,false,false,near_mint,en,USD,2026-09-12T02:33:34.152Z
Library,binder,Aggravated Assault,SLD,Secret Lair Drop,1983,foil,rare,1,106707,61310de0-9eee-4683-83bd-0c8434fde8d1,29.24,false,false,near_mint,en,USD,2026-09-15T02:02:29.394Z
Library,binder,Thought-Knot Seer,OGW,Oath of the Gatewatch,9,normal,rare,2,9373,bffc360e-db41-48f3-9365-680d55046e04,3.99,false,false,near_mint,en,USD,2024-04-14T17:28:27.291Z
Library,binder,Matter Reshaper,OGW,Oath of the Gatewatch,6,normal,rare,5,9376,3906b61a-3865-4dfd-ae06-a7d2a608851a,0.56,false,false,near_mint,en,USD,2024-04-14T17:30:56.444Z
Library,binder,Reality Smasher,OGW,Oath of the Gatewatch,7,normal,rare,3,9375,52d4b652-a830-4fd4-94bb-c17c227f2928,3.25,false,false,near_mint,en,USD,2024-04-14T17:31:46.122Z
Library,binder,Rogue's Passage,ORI,Magic Origins,250,normal,uncommon,4,10692,e9851abd-ec17-4b97-9e5f-c335985a5f29,0.4,false,false,near_mint,en,USD,2024-04-14T23:32:26.393Z
Library,binder,Titan's Presence,BFZ,Battle for Zendikar,14,normal,uncommon,3,10337,39d5e3ab-9719-4918-af4f-25bda5401191,0.2,false,false,near_mint,en,USD,2024-04-14T23:32:26.393Z
Library,binder,Sanctum of Ugin,BFZ,Battle for Zendikar,242,normal,rare,4,10109,86798d03-9f2d-46bd-a660-13c8dd5535ce,2.0,false,false,near_mint,en,USD,2024-04-14T23:32:26.393Z
Library,binder,Shrine of the Forsaken Gods,BFZ,Battle for Zendikar,245,normal,rare,4,10106,9da2af9a-28c4-4edd-95c4-cc09c2de4adc,0.41,false,false,near_mint,en,USD,2024-04-14T23:32:26.393Z
Library,binder,Eldrazi Mimic,OGW,Oath of the Gatewatch,2,normal,rare,4,9380,311a05b1-042d-47e7-9fd7-6e8abe8fc578,2.22,false,false,near_mint,en,USD,2024-04-14T23:32:26.393Z
Library,binder,Mirrorpool,OGW,Oath of the Gatewatch,174,normal,mythic,2,9208,edbea2b5-eed3-464b-9d5c-9591f309f298,1.66,false,false,near_mint,en,USD,2024-04-14T23:32:26.393Z
Library,binder,Hedron Archive,BFZ,Battle for Zendikar,223,normal,uncommon,6,10128,2519149c-f8a3-413f-b7b2-cd596970be4c,0.21,false,false,near_mint,en,USD,2024-04-14T23:32:26.393Z
Library,binder,Spawning Bed,BFZ,Battle for Zendikar,248,normal,uncommon,4,10103,e3a532b2-de88-40af-8961-b01eada05bd3,0.28,false,false,near_mint,en,USD,2024-04-14T23:32:26.393Z
Library,binder,Spatial Contortion,OGW,Oath of the Gatewatch,8,normal,uncommon,5,9374,4e2acf70-7625-4b77-83c1-0e08436da31f,0.22,false,false,near_mint,en,USD,2024-04-14T23:32:26.393Z
Library,binder,Endbringer,POGW,Oath of the Gatewatch Promos,3,foil,rare,2,9442,103cee09-5938-4a5b-bfd6-78f0e57826c8,0.65,false,false,near_mint,en,USD,2024-04-14T23:32:26.393Z
Library,binder,Mage-Ring Network,ORI,Magic Origins,249,normal,uncommon,4,10693,4988180b-a374-43fd-b299-fb61c781df2e,0.2,false,false,near_mint,en,USD,2024-04-14T23:32:26.393Z
Library,binder,Hedron Crawler,OGW,Oath of the Gatewatch,164,normal,common,7,9218,9f827f92-1df6-4fd0-aa61-ec2e53476f9c,0.17,false,false,near_mint,en,USD,2024-04-14T23:32:26.393Z
Library,binder,Kozilek's Channeler,BFZ,Battle for Zendikar,10,normal,common,4,10341,c550d179-32ec-4ad8-91c2-d79320a21cba,0.22,false,false,near_mint,en,USD,2024-04-14T23:43:56.244Z
Library,binder,Bane of Bala Ged,BFZ,Battle for Zendikar,1,normal,uncommon,3,10350,3741e62a-4b86-46ff-a7df-a8ceaf3b9a0c,0.39,false,false,near_mint,en,USD,2024-04-14T23:43:56.244Z
Library,binder,Conduit of Ruin,BFZ,Battle for Zendikar,4,normal,rare,2,10347,4bc855d3-817c-4748-a7f5-1533d8b0e930,6.27,false,false,near_mint,en,USD,2024-04-14T23:43:56.244Z
Library,binder,Gruesome Slaughter,BFZ,Battle for Zendikar,9,normal,rare,2,10342,3d3e464c-3032-4579-8840-4fe75474e3fb,0.42,false,false,near_mint,en,USD,2024-04-15T02:21:16.694Z
Library,binder,Warden of Geometries,OGW,Oath of the Gatewatch,11,normal,common,3,9371,c7f517b9-ac10-4710-8ef1-ced1253d5ecf,0.14,false,false,near_mint,en,USD,2024-04-17T06:09:39.045Z
Library,binder,Mystic Forge,M3C,Modern Horizons 3 Commander,302,normal,rare,2,94931,375e6985-e212-4bd0-b06c-0ca7dc1f68e6,0.8,false,false,near_mint,en,USD,2024-07-30T04:56:30.618Z
Library,binder,Sea of Clouds,BBD,Battlebond,84,normal,rare,1,1909,080aebe8-535e-4632-b733-8aba98abff22,7.03,false,false,near_mint,en,USD,2024-04-16T06:30:31.098Z
Library,binder,Herald's Horn,M3C,Modern Horizons 3 Commander,296,normal,uncommon,1,94924,2cfafee3-c060-44bd-be6e-8d36501d72d3,4.75,false,false,near_mint,en,USD,2024-10-08T03:07:33.042Z
Library,binder,Sol Ring,LTC,Tales of Middle-earth Commander,284,normal,uncommon,1,83094,5805f64c-dd88-4e94-8f0a-a01dae67e3ba,2.15,false,false,near_mint,en,USD,2024-12-22T23:33:30.486Z
Library,binder,Command Tower,LTC,Tales of Middle-earth Commander,301,normal,common,1,83079,5306a95e-fb18-463d-81a9-3c3b8121fc94,0.26,false,false,near_mint,en,USD,2024-12-22T23:33:30.486Z
Library,binder,Arcane Signet,LTC,Tales of Middle-earth Commander,273,normal,common,2,83071,4e92354d-c203-41e1-822d-8263fadd9eb3,0.49,false,false,near_mint,en,USD,2024-12-22T23:33:30.486Z
Library,binder,Encroaching Dragonstorm,TDM,Tarkir: Dragonstorm,305,foil,uncommon,2,104799,8d1e6797-f938-4161-a231-dac2da23b573,1.4,false,false,near_mint,en,USD,2025-04-04T19:44:58.586Z
Library,binder,Call the Spirit Dragons,TDM,Tarkir: Dragonstorm,309,normal,mythic,1,104812,9473ac65-acb4-454b-84ce-2a505387cc24,19.44,false,false,near_mint,en,USD,2025-04-05T20:49:53.792Z
Library,binder,Forest,TDM,Tarkir: Dragonstorm,276,foil,common,4,104283,48811e13-5774-4da1-95ec-6ea5dc4976ad,0.58,false,false,near_mint,en,USD,2025-04-05T20:49:53.792Z
Library,binder,Negate,OGW,Oath of the Gatewatch,59,normal,common,5,9323,026c499d-3d5b-4f65-a824-f78f146b82ef,0.16,false,false,near_mint,en,USD,2024-04-14T23:43:56.244Z
Library,binder,Witch-king of Angmar,LTR,The Lord of the Rings: Tales of Middle-earth,114,normal,mythic,2,83368,a55e6508-0b59-4573-bc4e-67b27279cfed,4.14,false,false,near_mint,en,USD,2024-04-16T19:50:59.720Z
Library,binder,Claim the Precious,LTR,The Lord of the Rings: Tales of Middle-earth,81,normal,common,2,82862,121c12c4-83ea-463e-8fdf-30718968a2bd,0.16,false,false,near_mint,en,USD,2024-04-16T20:26:28.312Z
Library,binder,Ringsight,LTR,The Lord of the Rings: Tales of Middle-earth,220,normal,uncommon,4,82992,3700a65c-6f54-4d56-9c6f-8364c45a058c,0.29,false,false,near_mint,en,USD,2024-04-16T20:26:28.312Z
Library,binder,Birthday Escape,LTR,The Lord of the Rings: Tales of Middle-earth,43,normal,common,1,83034,42db2313-b13d-4292-bef2-bf86f989d32f,0.18,false,false,near_mint,en,USD,2024-04-19T02:10:49.476Z
Library,binder,Inherited Envelope,LTR,The Lord of the Rings: Tales of Middle-earth,242,normal,common,2,83418,b590d028-ea6a-4550-b5e2-ba328a81bbc0,0.16,false,false,near_mint,en,USD,2024-04-19T02:10:49.476Z
Library,binder,Lord of the Nazgûl,LTC,Tales of Middle-earth Commander,60,normal,rare,1,83030,41e3d118-8f97-4c68-acff-2f90a055af5b,3.06,false,false,near_mint,en,USD,2024-10-06T22:43:02.793Z
Library,binder,Relic of Sauron,LTC,Tales of Middle-earth Commander,79,normal,rare,1,82887,175b3d28-5c74-4972-9b5c-5e39762c78f4,5.48,false,false,near_mint,en,USD,2024-12-22T23:33:30.486Z
Library,binder,"Cadric, Soul Kindler",DMC,Dominaria United Commander,10,normal,rare,1,71869,f82f8cab-5039-4e3a-a2ba-cbf829db80ed,18.49,false,false,near_mint,en,USD,2026-09-17T00:39:33.879Z
Library,binder,Embercleave,ELD,Throne of Eldraine,120,normal,mythic,1,46218,aaae15dd-11b6-4421-99e9-365c7fe4a5d6,10.37,false,false,near_mint,en,USD,2026-09-17T00:40:02.432Z
Library,binder,The Reaver Cleaver,M3C,Modern Horizons 3 Commander,217,normal,rare,1,95091,1d671d06-5881-41c4-a4ff-79c8733bebf5,29.69,false,false,near_mint,en,USD,2026-09-17T22:00:18.498Z
Library,binder,"Sram, Senior Edificer",CMR,Commander Legends,386,normal,rare,1,56227,e1ab1ef1-f4e8-461e-801a-a498e4946fa1,2.39,false,false,near_mint,en,USD,2026-09-17T22:00:18.499Z
Library,binder,Hammer of Nazahn,CMM,Commander Masters,388,normal,rare,1,84998,e77a8ac1-f40d-423e-a0b3-0a8e236a6c1e,15.29,false,false,near_mint,en,USD,2026-09-17T22:00:18.500Z
Library,binder,Gleaming Splendor,HOB,The Hobbit,15,normal,mythic,1,115163,3b087bd4-bbb7-4963-bdb6-0a700ff19a04,34.38,false,false,near_mint,en,USD,2026-09-18T21:48:00.462Z
Library,binder,Dwarven Mine,ELD,Throne of Eldraine,243,normal,common,1,46095,5c83074d-0c9b-4b58-94ca-d75240485579,0.42,false,false,near_mint,en,USD,2026-09-18T21:48:00.463Z
Library,binder,Diamond Pick-Axe,LCI,The Lost Caverns of Ixalan,143,normal,uncommon,1,88470,4ae30fa7-3d1d-417f-80d7-a668236cb2c1,2.45,false,false,near_mint,en,USD,2026-09-18T21:48:00.464Z
Library,binder,Bearded Axe,KHM,Kaldheim,388,normal,uncommon,1,56788,2381dbab-e968-4bbc-b3a7-a1e55b066039,0.92,false,false,near_mint,en,USD,2026-09-18T21:48:00.465Z
Library,binder,The Lonely Mountain,HOB,The Hobbit,187,normal,rare,1,114831,b39ebc4d-a01a-4401-ab3a-bf6142c93b47,0.67,false,false,near_mint,en,USD,2026-09-18T21:48:00.466Z
Library,binder,"Torbran, Thane of Red Fell",ELD,Throne of Eldraine,147,normal,rare,1,46191,79f591cd-d277-4ba5-b1bf-1c09cac9cb8a,5.34,false,false,near_mint,en,USD,2026-09-18T21:48:00.467Z
Library,binder,Gimli's Reckless Might,LTC,Tales of Middle-earth Commander,494,foil,rare,1,86438,36f85c90-08e9-42cd-9d5d-55f77d5544aa,6.38,false,false,near_mint,en,USD,2026-09-18T21:48:00.468Z
Library,binder,An Unexpected Party // At the Door,HOB,The Hobbit,29,normal,rare,1,112918,3aa29fe8-1687-486f-b4df-c04977869ab1,0.35,false,false,near_mint,en,USD,2026-09-18T21:51:56.513Z
Wanted,list,"Karn, the Great Creator",WAR,War of the Spark,1,normal,rare,1,44403,3ec0c0fb-1a4f-45f4-85b7-346a6d3ce2c5,6.32,false,false,near_mint,en,USD,2024-04-16T00:48:16.903Z
Wanted,list,"Emrakul, the Promised End",EMN,Eldritch Moon,6,normal,mythic,1,8331,8d74a469-c71d-4773-99d3-5456b31df424,40.14,false,false,near_mint,en,USD,2024-04-16T00:50:17.409Z
Wanted,list,Void Winnower,BFZ,Battle for Zendikar,17,normal,mythic,1,10334,8cbedb0a-34ca-4d42-bb43-cbea0f3c6d02,28.87,false,false,near_mint,en,USD,2024-04-16T00:50:27.310Z
Wanted,list,"Kozilek, Butcher of Truth",ROE,Rise of the Eldrazi,6,normal,mythic,1,21961,067fac91-2483-4678-b86a-2c54a3a480cf,45.66,false,false,near_mint,en,USD,2024-04-16T00:53:41.630Z
Wanted,list,Call Forth the Tempest,LTC,Tales of Middle-earth Commander,509,foil,rare,1,86597,81d6b979-251a-4736-86f0-35a6c8b492c9,6.33,false,false,near_mint,en,USD,2024-04-16T00:59:36.577Z
Wanted,list,Blightsteel Colossus,MBS,Mirrodin Besieged,99,normal,mythic,1,20042,7928bb14-7631-4830-a756-26d1ea832ba2,35.09,false,false,near_mint,en,USD,2024-04-16T01:06:04.599Z
Wanted,list,Eye of Ugin,MM2,Modern Masters 2015,242,normal,rare,1,10975,d2d5124b-4d73-4aa9-9331-88e03779ffad,74.11,false,false,excellent,en,USD,2024-10-03T18:47:20.631Z
Wanted,list,Changeling Outcast,MH1,Modern Horizons,82,normal,common,1,44852,08151d00-513a-4957-aa16-01c0f0245112,0.99,false,false,near_mint,en,USD,2024-10-04T04:08:11.675Z
Wanted,list,Darksteel Monolith,CMM,Commander Masters,743,normal,rare,1,85058,f5b7d3df-4e9b-422b-a88c-43650a67a9c6,11.5,false,false,near_mint,en,USD,2024-10-04T04:26:27.917Z
Wanted,list,Echoes of Eternity,MH3,Modern Horizons 3,4,normal,rare,1,94584,b28b9bee-d726-407b-9e5b-2231384df81e,1.79,false,false,near_mint,en,USD,2024-10-04T04:27:17.988Z
Wanted,list,"Shinka, the Bloodsoaked Keep",LTC,Tales of Middle-earth Commander,374,normal,mythic,1,83653,f6cd3fbc-908d-4653-a133-e35843a5ac65,14.53,false,false,near_mint,en,USD,2024-10-04T15:12:44.208Z
Wanted,list,Danny Pink,WHO,Doctor Who,39,normal,rare,1,87831,bf5e0a50-304c-4b3f-b5f7-1ca1213c0282,5.1,false,false,near_mint,en,USD,2024-10-05T21:33:42.536Z
Wanted,list,Eldritch Immunity,M3C,Modern Horizons 3 Commander,33,normal,rare,1,94964,64a63b90-dbd6-4b66-8031-a3e230ada5b9,4.44,false,false,near_mint,en,USD,2024-10-07T18:22:53.794Z
Wanted,list,Eldrazi Confluence,M3C,Modern Horizons 3 Commander,32,normal,rare,1,94975,78ee2013-29dc-4879-9d59-1b492996d297,3.0,false,false,near_mint,en,USD,2024-10-07T18:23:01.336Z
Wanted,list,"Arthur, Marigold Knight",BLC,Bloomburrow Commander,5,foil,mythic,1,96398,9b3603aa-58a2-41d4-a58f-2b3306876e35,0.37,false,false,near_mint,en,USD,2024-10-14T06:58:02.297Z
Wanted,list,Mirror Room // Fractured Realm,DSK,Duskmourn: House of Horror,67,normal,mythic,1,98667,c2e085dd-a448-4f5a-9cfa-5c2034234e7c,3.61,false,false,near_mint,en,USD,2024-12-27T02:02:14.864Z
Wanted,list,Omniscience,FDN,Foundations,161,normal,mythic,1,95588,d33d91d0-1506-45e4-9def-975bf901815e,4.05,false,false,near_mint,en,USD,2024-12-27T02:04:41.146Z
Wanted,list,"Gishath, Sun's Avatar",SLD,Secret Lair Drop,320,normal,mythic,1,64010,6674c7f7-8022-4457-9a8a-6b87ff3348b0,26.2,false,false,near_mint,en,USD,2024-12-27T18:15:01.900Z
Wanted,list,"Ulamog, the Ceaseless Hunger",SLD,Secret Lair Drop,1122,normal,mythic,1,77408,82fa24fb-aecc-4c33-9e79-c29651ddafbe,34.39,false,false,near_mint,en,USD,2024-12-27T18:15:35.828Z
Wanted,list,"Sarkhan, Soul Aflame",MAT,March of the Machine: The Aftermath,46,normal,mythic,1,82539,6225f139-f6eb-4eb5-9776-159a599d8255,4.19,false,false,near_mint,en,USD,2024-12-27T20:56:20.297Z
Wanted,list,Static Orb,7ED,Seventh Edition,319,normal,rare,1,32487,86bf43b1-8d4e-4759-bb2d-0b2e03ba7012,18.71,false,false,near_mint,en,USD,2024-12-27T21:35:50.657Z
Wanted,list,Dragonlord's Servant,C17,Commander 2017,135,normal,uncommon,1,4320,39e9bfcb-af85-4c4c-95e3-e6460d69719e,0.52,false,false,near_mint,en,USD,2025-01-02T20:38:44.719Z
Wanted,list,Dragonspeaker Shaman,C17,Commander 2017,136,normal,uncommon,1,4319,bfdedba0-fa73-4087-9daa-2640da27154a,1.99,false,false,near_mint,en,USD,2025-01-02T20:38:54.853Z
Wanted,list,Fortunate Few,C17,Commander 2017,4,normal,rare,1,4451,d84361bb-abc3-4b2d-9475-700fd262703b,0.49,false,false,near_mint,en,USD,2025-01-03T01:19:32.077Z
Wanted,list,Fractured Identity,C17,Commander 2017,37,normal,rare,1,4418,b2f73f5d-1aad-48c2-9e74-5f7bdd87900f,1.12,false,false,near_mint,en,USD,2025-01-03T01:21:16.029Z
Wanted,list,Crucible of Fire,C17,Commander 2017,133,normal,rare,1,4322,ebf4ddbc-71c9-4dd3-8a29-0bf87f1e61b0,1.0,false,false,near_mint,en,USD,2025-01-03T03:10:42.164Z
Wanted,list,Curse of Bounty,C17,Commander 2017,30,normal,uncommon,1,4425,2f497641-b73a-4399-bc89-5274c42e17cc,0.77,false,false,near_mint,en,USD,2025-01-03T03:11:15.747Z
Wanted,list,"Dromoka, the Eternal",C17,Commander 2017,170,normal,rare,1,4285,b8db6ab8-cd12-431a-bf18-28464cf03509,0.6,false,false,near_mint,en,USD,2025-01-03T03:13:11.626Z
Wanted,list,"Silumgar, the Drifting Death",C17,Commander 2017,194,normal,rare,1,4261,ca5afa5e-6e8d-4390-8de5-217413807d89,1.3,false,false,near_mint,en,USD,2025-01-10T01:01:18.782Z
Wanted,list,Ulvenwald Tracker,MM3,Modern Masters 2017,144,normal,rare,1,6069,4da9e7d8-5f01-4d55-a0a8-afe5e7d5f8e4,10.76,false,false,near_mint,en,USD,2025-03-23T04:47:05.363Z
Wanted,list,"Xenagos, God of Revels",SLD,Secret Lair Drop,2061,normal,mythic,1,106745,66581b3b-4e5b-4580-8fec-9684f0168cdb,6.28,false,false,near_mint,en,USD,2025-08-28T21:10:11.242Z
dragons,list,"Kokusho, the Evening Star",IMA,Iconic Masters,95,normal,rare,1,3530,ab56cedb-1bcd-48a5-8503-a8e324e236ad,27.93,false,false,near_mint,en,USD,2025-01-19T11:07:24.163Z
dragons,list,Terror of the Peaks,OTJ,Outlaws of Thunder Junction,149,normal,mythic,1,93260,904ff94a-4db4-44a6-8593-89c32905b3fc,17.82,false,false,near_mint,en,USD,2025-01-19T11:07:42.806Z
dragons,list,Lapis Orb of Dragonkind,CLB,Commander Legends: Battle for Baldur's Gate,82,normal,common,1,68921,26ed684b-e3a1-421d-8cfd-c5eee673a3a1,0.11,false,false,near_mint,en,USD,2025-01-28T22:21:32.882Z
dragons,list,Jade Orb of Dragonkind,CLB,Commander Legends: Battle for Baldur's Gate,236,normal,common,1,68889,1b32bae4-65e4-4bdb-8bc5-b98a5aac1568,0.12,false,false,near_mint,en,USD,2025-01-28T22:21:49.778Z
dragons,list,Crux of Fate,C17,Commander 2017,107,normal,rare,1,4348,11721b88-2654-482c-b9d4-80e54efdbf63,2.4,false,false,near_mint,en,USD,2025-03-09T04:49:49.421Z
dragons,list,Draconic Lore,CLB,Commander Legends: Battle for Baldur's Gate,64,normal,common,1,69030,557f2aa6-0b82-4f60-9617-610b613c2a48,0.06,false,false,near_mint,en,USD,2025-03-16T02:40:58.535Z
dragons,list,Klauth's Will,AFC,Forgotten Realms Commander,51,normal,rare,1,60584,761e1f77-5231-4008-829f-99650b429fb3,5.21,false,false,near_mint,en,USD,2025-03-26T04:47:25.991Z
dragons,list,Temur Ascendancy,PKTK,Khans of Tarkir Promos,207p,normal,rare,1,51689,80ac4542-1852-46d7-9f9d-eea8158297fa,8.69,false,false,near_mint,en,USD,2025-03-26T04:48:27.503Z
dragons,list,Ureni of the Unwritten,TDC,Tarkir: Dragonstorm Commander,9,normal,mythic,1,104387,f54ecbf1-83df-4486-bd6a-7d1f173b6863,21.1,false,false,near_mint,en,USD,2025-03-30T06:11:04.369Z
dragons,list,"Domri, Anarch of Bolas",PWAR,War of the Spark Promos,191p,normal,rare,1,51731,c32b49e5-e506-4659-9cf4-62fb64846d9c,1.75,false,false,near_mint,en,USD,2025-04-17T03:15:52.523Z
dragons,list,Summon: Bahamut,FIN,Final Fantasy,1,normal,mythic,1,105670,95318d85-4a08-47ac-a43d-ea83c0bea81c,20.2,false,false,near_mint,en,USD,2025-09-04T22:17:04.551Z
Lands and fetches,list,Mwonvuli Acid-Moss,TSP,Time Spiral,207,normal,common,1,26693,6841dbf6-5023-4612-bbd7-182fd35b05c8,1.09,false,false,near_mint,en,USD,2025-03-22T23:19:46.953Z
Lands and fetches,list,Spoils of Victory,C13,Commander 2013,172,normal,uncommon,1,15214,8a7ee186-b25f-4185-830d-e8e7cf23d4e5,1.8,false,false,near_mint,en,USD,2025-03-22T23:31:11.745Z
Lands and fetches,list,Savai Triome,IKO,Ikoria: Lair of Behemoths,253,normal,rare,1,49824,748e6a61-9c1f-4225-9f04-e54002f63ac3,19.7,false,false,near_mint,en,USD,2025-03-22T23:42:32.078Z
Lands and fetches,list,Indatha Triome,IKO,Ikoria: Lair of Behemoths,248,normal,rare,1,49829,2b74bb81-fb9a-40e5-a941-e517430b52f5,17.65,false,false,near_mint,en,USD,2025-03-22T23:42:39.528Z
Lands and fetches,list,Raugrin Triome,IKO,Ikoria: Lair of Behemoths,251,normal,rare,1,49826,02138fbb-3962-4348-8d31-faaefba0b8b2,14.65,false,false,near_mint,en,USD,2025-03-22T23:42:46.638Z
Lands and fetches,list,Spara's Headquarters,SNC,Streets of New Capenna,257,normal,rare,1,67828,7363f1fb-9af3-4212-921f-d59533faf0e5,10.53,false,false,near_mint,en,USD,2025-03-22T23:48:34.298Z
Lands and fetches,list,Overgrown Tomb,RVR,Ravnica Remastered,407,normal,rare,1,89573,15c1114f-5f7c-4ecf-8aac-e48853df008b,14.69,false,false,near_mint,en,USD,2025-04-17T01:22:31.678Z
Lands and fetches,list,Breeding Pool,RVR,Ravnica Remastered,399,normal,rare,1,89994,f920e32c-8a4b-4152-be3a-02810f3e5f13,19.21,false,false,near_mint,en,USD,2025-04-17T01:22:52.379Z
Lands and fetches,list,Verdant Catacombs,MH2,Modern Horizons 2,440,normal,rare,1,59007,981b3a2e-de94-428d-8e5d-5a7ba6afe4a2,25.77,false,false,near_mint,en,USD,2025-04-17T01:28:00.975Z
Lands and fetches,list,Scalding Tarn,MH2,Modern Horizons 2,439,normal,rare,1,58955,17c6ba55-2470-4dde-a7fa-137a60716c96,37.38,false,false,near_mint,en,USD,2025-04-17T01:28:36.044Z
Lands and fetches,list,Flooded Strand,MH3,Modern Horizons 3,436,normal,rare,1,91782,d3016d92-a5ee-44d7-aa0a-775fa04a7c6a,20.03,false,false,near_mint,en,USD,2025-04-17T01:28:59.095Z
Lands and fetches,list,Wooded Foothills,MH3,Modern Horizons 3,441,normal,rare,1,91752,3164be2f-28c9-4a33-bd70-d5089396538c,15.34,false,false,near_mint,en,USD,2025-04-17T01:29:12.371Z
Lands and fetches,list,Hallowed Fountain,RVR,Ravnica Remastered,404,normal,rare,1,85112,438fb324-2c51-4763-a32a-6e315e9f769c,14.81,false,false,near_mint,en,USD,2025-04-17T01:29:26.472Z
Lands and fetches,list,Arid Mesa,MH2,Modern Horizons 2,436,normal,rare,1,58984,716c415e-5eb8-4644-ac64-5ba7c3f0ea65,29.23,false,false,near_mint,en,USD,2025-04-17T01:29:44.115Z
Lands and fetches,list,Marsh Flats,MH2,Modern Horizons 2,437,normal,rare,1,59044,f19a6f20-8ca1-4a8b-8488-bcb5d86868dc,30.25,false,false,near_mint,en,USD,2025-04-17T01:29:59.508Z
urza upgrades,list,Talisman of Dominance,SLD,Secret Lair Drop,1053,normal,rare,1,71178,8b5713b7-f2a6-41c5-a485-058b7393570b,35.38,false,false,near_mint,en,USD,2025-05-03T22:52:01.529Z
urza upgrades,list,Talisman of Progress,SLD,Secret Lair Drop,1052,normal,rare,1,71172,7333e089-dc31-4c2f-9230-c2033d95c7e6,17.94,false,false,near_mint,en,USD,2025-05-03T22:54:22.355Z
urza upgrades,list,Mana Drain,LEG,Legends,65,normal,uncommon,1,41054,e691adef-3027-4e6a-889f-9f4e2df36a7c,189.37,false,false,near_mint,en,USD,2025-05-03T22:55:04.125Z
urza upgrades,list,Generous Gift,H1R,Modern Horizons 1 Timeshifts,2,foil,uncommon,1,59532,47f44d5a-f3d6-4a9a-8bd3-b17a88565c51,3.12,false,false,near_mint,en,USD,2025-05-03T22:55:45.661Z
urza upgrades,list,Ornithopter of Paradise,MH2,Modern Horizons 2,430,normal,common,1,59448,23ac45cf-4dc8-47b9-8ca8-e72464f745d6,0.27,false,false,near_mint,en,USD,2025-05-03T23:26:10.869Z
urza upgrades,list,Dovin's Veto,TSR,Time Spiral Remastered,375,normal,special,1,57552,2392b542-5ae6-4d0e-808c-734f1d06afa4,4.66,false,false,near_mint,en,USD,2025-05-03T23:44:46.628Z
urza upgrades,list,Unwinding Clock,BRR,The Brothers' War Retro Artifacts,61,normal,rare,1,75362,2cb86d65-15c3-4169-9716-c8394ede4f65,10.69,false,false,near_mint,en,USD,2025-05-04T02:35:55.027Z
urza upgrades,list,Adarkar Wastes,ICE,Ice Age,351,normal,rare,1,39458,09dd9023-f7ee-4e99-8821-7059deb83730,26.76,false,false,near_mint,en,USD,2025-05-04T02:50:15.336Z
urza upgrades,list,Caves of Koilos,APC,Apocalypse,140,normal,rare,1,32316,144dd08e-451e-4438-b572-7a138e1a15f3,12.51,false,false,near_mint,en,USD,2025-05-04T02:50:44.180Z
urza upgrades,list,Metalworker,UDS,Urza's Destiny,135,normal,rare,1,34710,2050d414-71c7-4c42-a1ff-4c04068ba7f2,112.99,false,false,near_mint,en,USD,2025-05-04T08:21:35.873Z
urza upgrades,list,Abjure,WTH,Weatherlight,31,normal,common,1,37266,fbad9449-d09c-4fd0-b2ad-2aa3a29e03bf,2.53,false,false,near_mint,en,USD,2025-05-10T06:28:16.841Z
urza upgrades,list,"Ertai, the Corrupted",PLS,Planeshift,107,normal,rare,1,32844,66b950d9-8fef-4deb-b51b-26edb90abc56,0.94,false,false,near_mint,en,USD,2025-05-10T06:30:49.951Z
urza upgrades,list,Envelop,JUD,Judgment,39,normal,common,1,31559,e7ed250e-12d0-4ebc-9410-5711e71c6d1f,0.25,false,false,near_mint,en,USD,2025-05-10T06:33:07.735Z
urza upgrades,list,Intervene,ULG,Urza's Legacy,33,normal,common,1,35487,4b0e3894-5dfe-4d03-9996-eebf96c58168,0.21,false,false,near_mint,en,USD,2025-05-10T06:34:08.064Z
urza upgrades,list,Extinguish,P02,Portal Second Age,38,normal,common,1,36464,641f4e66-b46b-4da3-a053-f3763400d4f5,0.24,false,false,near_mint,en,USD,2025-05-10T06:35:18.386Z
urza upgrades,list,Talisman of Hierarchy,SLD,Secret Lair Drop,1057,normal,rare,1,71164,36168640-0708-4d51-bc8e-d32e24ae095a,18.72,false,false,near_mint,en,USD,2025-05-11T00:56:54.541Z
Urza's Iron Alliance,deck,"Alela, Artful Provocateur",BRC,The Brothers' War Commander,119,normal,mythic,1,75418,43d28c05-0ba1-4afa-a784-b71741375507,0.42,false,false,near_mint,en,USD,2025-05-03T20:30:13.069Z
Urza's Iron Alliance,deck,Ancient Den,BRC,The Brothers' War Commander,172,normal,common,1,75738,bc74f956-3bef-46bc-a180-6b1773ee4ca6,3.51,false,false,near_mint,en,USD,2025-05-03T20:30:13.069Z
Urza's Iron Alliance,deck,Angel of the Ruins,BRC,The Brothers' War Commander,68,normal,rare,1,75908,f95bbb9b-aeae-4c3d-9106-3bb4cd8140c2,0.15,false,false,near_mint,en,USD,2025-05-03T20:30:13.069Z
Urza's Iron Alliance,deck,Arcane Sanctum,BRC,The Brothers' War Commander,173,normal,uncommon,1,75742,bdf3948c-2c20-46d8-a25d-650b989d0760,0.73,false,false,near_mint,en,USD,2025-05-03T20:30:13.069Z
Urza's Iron Alliance,deck,Arcane Signet,BRC,The Brothers' War Commander,132,normal,common,1,75802,d5a30a51-3afb-45e9-aab6-40fec44ec55a,1.3,false,false,near_mint,en,USD,2025-05-03T20:30:13.069Z
Urza's Iron Alliance,deck,"Armix, Filigree Thrasher",BRC,The Brothers' War Commander,103,normal,uncommon,1,75920,fe688c90-2dcf-48b9-a8b5-bea3500bb0a5,0.12,false,false,near_mint,en,USD,2025-05-03T20:30:13.069Z
Urza's Iron Alliance,deck,Ash Barrens,BRC,The Brothers' War Commander,174,normal,common,1,75856,e688045d-e26a-4063-bae4-89723d70c129,0.19,false,false,near_mint,en,USD,2025-05-03T20:30:13.069Z
Urza's Iron Alliance,deck,Austere Command,BRC,The Brothers' War Commander,69,normal,rare,1,75770,c800e39d-753b-4e0a-8a00-54dd20825103,0.67,false,false,near_mint,en,USD,2025-05-03T20:30:13.069Z
Urza's Iron Alliance,deck,Azorius Chancery,BRC,The Brothers' War Commander,175,normal,uncommon,1,75810,d70df0a7-8a09-4715-9a31-8016511c3feb,0.25,false,false,near_mint,en,USD,2025-05-03T20:30:13.069Z
Urza's Iron Alliance,deck,Azorius Signet,BRC,The Brothers' War Commander,133,normal,common,1,75504,64ce2373-6b2c-4248-a053-a7fc49f7c480,0.55,false,false,near_mint,en,USD,2025-05-03T20:30:13.069Z
Urza's Iron Alliance,deck,Baleful Strix,BRC,The Brothers' War Commander,120,normal,rare,1,75384,351b47f5-1c85-4e21-9ede-cb13ac96fbc4,1.38,false,false,near_mint,en,USD,2025-05-03T20:30:13.069Z
Urza's Iron Alliance,deck,Bident of Thassa,BRC,The Brothers' War Commander,80,normal,rare,1,75328,1e2df1d6-af98-4d6a-bae9-f5df8f21b6cf,0.69,false,false,near_mint,en,USD,2025-05-03T20:30:13.069Z
Urza's Iron Alliance,deck,Bojuka Bog,BRC,The Brothers' War Commander,176,normal,common,1,75703,ac21a3cc-f3d7-4ac8-9df0-a126738ab54c,2.3,false,false,near_mint,en,USD,2025-05-03T20:30:13.069Z
Urza's Iron Alliance,deck,Bronze Guardian,BRC,The Brothers' War Commander,70,normal,rare,1,75906,f8b4a39f-d428-47c4-ab4c-452327607aab,2.96,false,false,near_mint,en,USD,2025-05-03T20:30:13.069Z
Urza's Iron Alliance,deck,Chief of the Foundry,BRC,The Brothers' War Commander,134,normal,uncommon,1,75591,82a00649-080b-4297-80f2-c1e8f18c2ade,0.15,false,false,near_mint,en,USD,2025-05-03T20:30:13.069Z
Urza's Iron Alliance,deck,Chrome Courier,BRC,The Brothers' War Commander,123,normal,common,1,75429,47a40b66-a700-4308-99f3-f3d40db30375,0.1,false,false,near_mint,en,USD,2025-05-03T20:30:13.069Z
Urza's Iron Alliance,deck,Command Tower,BRC,The Brothers' War Commander,178,normal,common,1,75603,84b79453-bb88-4c23-8cdb-82ba57ea3bc5,1.14,false,false,near_mint,en,USD,2025-05-03T20:30:13.069Z
Urza's Iron Alliance,deck,Cranial Plating,BRC,The Brothers' War Commander,136,normal,uncommon,1,75436,4b2253d5-f58c-4618-be1e-16e1808806fb,0.39,false,false,near_mint,en,USD,2025-05-03T20:30:13.069Z
Urza's Iron Alliance,deck,Darksteel Citadel,BRC,The Brothers' War Commander,180,normal,uncommon,1,75832,df29d8e6-f195-46db-9307-41687b5f0f20,4.27,false,false,near_mint,en,USD,2025-05-03T20:30:13.069Z
Urza's Iron Alliance,deck,Darksteel Juggernaut,BRC,The Brothers' War Commander,137,normal,rare,1,75672,a0e4cce2-9c30-4ca9-a069-cc86d4ac57e5,0.29,false,false,near_mint,en,USD,2025-05-03T20:30:13.069Z
Urza's Iron Alliance,deck,Despark,BRC,The Brothers' War Commander,124,normal,uncommon,1,75390,37648ada-7912-4c98-b9eb-585d22cead7e,0.46,false,false,near_mint,en,USD,2025-05-03T20:30:13.069Z
Urza's Iron Alliance,deck,Digsite Engineer,BRC,The Brothers' War Commander,71,normal,rare,1,75453,5270882b-2382-450e-bb0c-7804be4f19ea,0.32,false,false,near_mint,en,USD,2025-05-03T20:30:13.069Z
Urza's Iron Alliance,deck,Dimir Aqueduct,BRC,The Brothers' War Commander,182,normal,uncommon,1,75264,012b9371-45e0-4e06-ad7a-4c52d1d38262,0.16,false,false,near_mint,en,USD,2025-05-03T20:30:13.069Z
Urza's Iron Alliance,deck,Dimir Signet,BRC,The Brothers' War Commander,138,normal,common,1,75330,1f03430e-2c3d-4317-b4bd-06c2059b7e34,0.48,false,false,near_mint,en,USD,2025-05-03T20:30:13.069Z
Urza's Iron Alliance,deck,Etherium Sculptor,BRC,The Brothers' War Commander,82,normal,common,1,75605,852e521b-a833-4af0-93f9-6732d382224c,2.4,false,false,near_mint,en,USD,2025-05-03T20:30:13.069Z
Urza's Iron Alliance,deck,Ethersworn Adjudicator,BRC,The Brothers' War Commander,83,normal,mythic,1,75639,9442f53b-0588-48f9-b7df-7e9d9ae6aa82,0.33,false,false,near_mint,en,USD,2025-05-03T20:30:13.069Z
Urza's Iron Alliance,deck,Evolving Wilds,BRC,The Brothers' War Commander,184,normal,common,1,75300,1334e6ac-1edb-4945-935c-0e0ccdde134d,0.25,false,false,near_mint,en,USD,2025-05-03T20:30:13.069Z
Urza's Iron Alliance,deck,Exotic Orchard,BRC,The Brothers' War Commander,185,normal,rare,1,75645,95d63eac-469f-454f-a575-7f19abb554cf,0.45,false,false,near_mint,en,USD,2025-05-03T20:30:13.069Z
Urza's Iron Alliance,deck,Filigree Attendant,BRC,The Brothers' War Commander,85,normal,uncommon,1,75412,411590fe-221e-4f6a-aad5-e156a95ac63b,0.14,false,false,near_mint,en,USD,2025-05-03T20:30:13.069Z
Urza's Iron Alliance,deck,Goldmire Bridge,BRC,The Brothers' War Commander,186,normal,common,1,75405,3f529a4f-e2c6-48dc-9001-ed0009b58152,0.32,false,false,near_mint,en,USD,2025-05-03T20:30:13.069Z
Urza's Iron Alliance,deck,Indomitable Archangel,BRC,The Brothers' War Commander,72,normal,mythic,1,75847,e2d7a901-238c-4ea3-a6cb-6c9b4cea2ad6,0.36,false,false,near_mint,en,USD,2025-05-03T20:30:13.069Z
Urza's Iron Alliance,deck,Island,BRC,The Brothers' War Commander,31,normal,common,4,75917,fc8c4d2d-416c-4b8b-b46d-0e11f0e8245d,0.15,false,false,near_mint,en,USD,2025-05-03T20:30:13.069Z
Urza's Iron Alliance,deck,Kayla's Music Box,BRC,The Brothers' War Commander,15,normal,rare,1,75749,c0e9819f-6bda-4fd3-8d61-3746e1e67418,0.1,false,false,near_mint,en,USD,2025-05-03T20:30:13.069Z
Urza's Iron Alliance,deck,Liquimetal Torque,BRC,The Brothers' War Commander,145,normal,uncommon,1,75779,ca37bdbb-cd35-4d04-a28b-d5eb1f9c2dc3,1.57,false,false,near_mint,en,USD,2025-05-03T20:30:13.069Z
Urza's Iron Alliance,deck,"Losheel, Clockwork Scholar",BRC,The Brothers' War Commander,73,normal,rare,1,75635,92bc35a8-1337-43da-a002-71f5a85e8853,2.82,false,false,near_mint,en,USD,2025-05-03T20:30:13.069Z
Urza's Iron Alliance,deck,March of Progress,BRC,The Brothers' War Commander,8,normal,rare,1,75704,ac2da0e8-cdc5-4ffc-8a5e-893c34b7dd45,0.73,false,false,near_mint,en,USD,2025-05-03T20:30:13.069Z
Urza's Iron Alliance,deck,Marionette Master,BRC,The Brothers' War Commander,109,normal,rare,1,75343,236c3425-17a2-404e-8630-8dbeb9c3981d,2.11,false,false,near_mint,en,USD,2025-05-03T20:30:13.069Z
Urza's Iron Alliance,deck,Master of Etherium,BRC,The Brothers' War Commander,86,normal,rare,1,75627,90f52cb2-3c34-4935-91b0-9ef51e6f5817,0.42,false,false,near_mint,en,USD,2025-05-03T20:30:13.069Z
Urza's Iron Alliance,deck,Mistvault Bridge,BRC,The Brothers' War Commander,189,normal,common,1,75571,7ad684fb-cfb0-48b2-802f-bda96afafdc3,0.41,false,false,near_mint,en,USD,2025-05-03T20:30:13.069Z
Urza's Iron Alliance,deck,Myr Battlesphere,BRC,The Brothers' War Commander,151,normal,rare,1,75842,e225aa6b-bcf0-4672-8c95-b18e39e0b826,0.3,false,false,near_mint,en,USD,2025-05-03T20:30:13.069Z
Urza's Iron Alliance,deck,Noxious Gearhulk,BRC,The Brothers' War Commander,110,normal,mythic,1,75647,96886e7f-66b2-4f67-a5c6-c65500bcfdef,0.69,false,false,near_mint,en,USD,2025-05-03T20:30:13.069Z
Urza's Iron Alliance,deck,One with the Machine,BRC,The Brothers' War Commander,90,normal,rare,1,75814,d835976e-cab4-4155-b1dd-eca9cb60830e,0.13,false,false,near_mint,en,USD,2025-05-03T20:30:13.069Z
Urza's Iron Alliance,deck,Orzhov Basilica,BRC,The Brothers' War Commander,191,normal,uncommon,1,75531,6d31f89f-1758-4f6f-8de8-d270983866fd,0.27,false,false,near_mint,en,USD,2025-05-03T20:30:13.069Z
Urza's Iron Alliance,deck,Orzhov Signet,BRC,The Brothers' War Commander,154,normal,common,1,75728,b99cac18-281d-437f-ae34-87a10b92c6e9,0.74,false,false,near_mint,en,USD,2025-05-03T20:30:13.069Z
Urza's Iron Alliance,deck,Path of Ancestry,BRC,The Brothers' War Commander,192,normal,common,1,75644,95c1557e-68dd-46be-9b1e-0a65e04fe739,0.21,false,false,near_mint,en,USD,2025-05-03T20:30:13.069Z
Urza's Iron Alliance,deck,Phyrexian Rebirth,BRC,The Brothers' War Commander,74,normal,rare,1,75582,7f2aa3b8-b41c-432b-9927-c7eae1d6e78e,0.18,false,false,near_mint,en,USD,2025-05-03T20:30:13.069Z
Urza's Iron Alliance,deck,Plains,BRC,The Brothers' War Commander,29,normal,common,4,75755,c23864ff-e83c-4899-99e0-4ca5167bd4e1,0.12,false,false,near_mint,en,USD,2025-05-03T20:30:13.069Z
Urza's Iron Alliance,deck,Prairie Stream,BRC,The Brothers' War Commander,193,normal,rare,1,75311,18baf8cd-ed0f-41fd-9295-3affee8a5bbc,0.2,false,false,near_mint,en,USD,2025-05-03T20:30:13.069Z
Urza's Iron Alliance,deck,Preordain,BRC,The Brothers' War Commander,92,normal,common,1,75911,fa6a22a2-2c97-4279-a7c8-4033698ac108,5.39,false,false,near_mint,en,USD,2025-05-03T20:30:13.069Z
Urza's Iron Alliance,deck,Razortide Bridge,BRC,The Brothers' War Commander,195,normal,common,1,75400,390d2c8e-d53f-4590-9a9c-9faad5824ea3,2.62,false,false,near_mint,en,USD,2025-05-03T20:30:13.069Z
Urza's Iron Alliance,deck,Relic of Progenitus,BRC,The Brothers' War Commander,157,normal,uncommon,1,75451,51ab3b6e-c7f2-48a1-bfa3-e7708b539bd6,7.54,false,false,near_mint,en,USD,2025-05-03T20:30:13.069Z
Urza's Iron Alliance,deck,River of Tears,BRC,The Brothers' War Commander,197,normal,rare,1,75707,ae7cfcdf-d654-45c3-bf79-ccba120b5e68,0.18,false,false,near_mint,en,USD,2025-05-03T20:30:13.069Z
Urza's Iron Alliance,deck,"Sai, Master Thopterist",BRC,The Brothers' War Commander,93,normal,rare,1,75617,8d8e0685-ee2f-4b27-a1b3-6e6183bdf229,0.81,false,false,near_mint,en,USD,2025-05-03T20:30:13.069Z
Urza's Iron Alliance,deck,"Sanwell, Avenger Ace",BRC,The Brothers' War Commander,5,normal,rare,1,75539,70cb4359-8e57-4d1a-bf1f-c188555376ce,0.14,false,false,near_mint,en,USD,2025-05-03T20:30:13.069Z
Urza's Iron Alliance,deck,Seat of the Synod,BRC,The Brothers' War Commander,198,normal,common,1,75416,4277ebca-1c8d-4066-969a-28adf6445b3e,1.46,false,false,near_mint,en,USD,2025-05-03T20:30:13.069Z
Urza's Iron Alliance,deck,Sharding Sphinx,BRC,The Brothers' War Commander,94,normal,rare,1,75666,9d1968e0-c77b-4b16-8270-3de90e084927,0.18,false,false,near_mint,en,USD,2025-05-03T20:30:13.069Z
Urza's Iron Alliance,deck,Sharuum the Hegemon,BRC,The Brothers' War Commander,128,normal,rare,1,75365,2d7373e7-385f-4887-b1c7-af6d422dd70a,0.14,false,false,near_mint,en,USD,2025-05-03T20:30:13.069Z
Urza's Iron Alliance,deck,Shimmer Dragon,BRC,The Brothers' War Commander,95,normal,rare,1,75643,9532d03d-a4c2-44c4-ae14-3f8e0bce79a5,0.36,false,false,near_mint,en,USD,2025-05-03T20:30:13.069Z
Urza's Iron Alliance,deck,Skullclamp,BRC,The Brothers' War Commander,159,normal,uncommon,1,75394,3865d44e-7207-4440-9db4-627531979852,7.08,false,false,near_mint,en,USD,2025-05-03T20:30:13.069Z
Urza's Iron Alliance,deck,Skycloud Expanse,BRC,The Brothers' War Commander,201,normal,rare,1,75792,cf76b175-0523-48c9-afc3-dced07999710,0.18,false,false,near_mint,en,USD,2025-05-03T20:30:13.069Z
Urza's Iron Alliance,deck,Sol Ring,BRC,The Brothers' War Commander,160,normal,uncommon,1,75562,772edef7-2f17-4244-b1bb-4e7a53c253e1,2.77,false,false,near_mint,en,USD,2025-05-03T20:30:13.069Z
Urza's Iron Alliance,deck,Solemn Simulacrum,BRC,The Brothers' War Commander,161,normal,rare,1,75697,aa1afaaa-70d5-434a-994d-cc341c8b8e29,0.64,false,false,near_mint,en,USD,2025-05-03T20:30:13.069Z
Urza's Iron Alliance,deck,Sphinx's Revelation,BRC,The Brothers' War Commander,130,normal,mythic,1,75306,16813d4f-4555-4c70-89d6-7b96719f9749,0.32,false,false,near_mint,en,USD,2025-05-03T20:30:13.069Z
Urza's Iron Alliance,deck,Spire of Industry,BRC,The Brothers' War Commander,203,normal,rare,1,75296,10b8e3a0-2a3e-401a-80a1-a3c8744f0c28,1.64,false,false,near_mint,en,USD,2025-05-03T20:30:13.069Z
Urza's Iron Alliance,deck,Steel Hellkite,BRC,The Brothers' War Commander,163,normal,rare,1,75782,cbc13ed2-8f89-493d-89ee-fe73a333e59c,0.33,false,false,near_mint,en,USD,2025-05-03T20:30:13.069Z
Urza's Iron Alliance,deck,Steel Overseer,BRC,The Brothers' War Commander,164,normal,rare,1,75407,3fb27f1e-21fb-4017-8ef2-37c3206003e3,0.82,false,false,near_mint,en,USD,2025-05-03T20:30:13.069Z
Urza's Iron Alliance,deck,Sunken Hollow,BRC,The Brothers' War Commander,204,normal,rare,1,75872,ebafcb7f-e66c-4f7d-a7d9-ca4b4c0eee9d,0.43,false,false,near_mint,en,USD,2025-05-03T20:30:13.069Z
Urza's Iron Alliance,deck,Swamp,BRC,The Brothers' War Commander,33,normal,common,3,75452,5205f782-e6af-4152-a15f-080935017e4b,0.17,false,false,near_mint,en,USD,2025-05-03T20:30:13.069Z
Urza's Iron Alliance,deck,Swiftfoot Boots,BRC,The Brothers' War Commander,166,normal,uncommon,1,75457,53a91058-f98a-48dd-94da-354710a27019,1.27,false,false,near_mint,en,USD,2025-05-03T20:30:13.069Z
Urza's Iron Alliance,deck,Swords to Plowshares,BRC,The Brothers' War Commander,75,normal,uncommon,1,75292,0f34ecf6-460c-4451-b26c-a1fced340c92,1.69,false,false,near_mint,en,USD,2025-05-03T20:30:13.069Z
Urza's Iron Alliance,deck,"Tawnos, Solemn Survivor",BRC,The Brothers' War Commander,3,foil,mythic,1,75743,bdf67de0-f468-4f04-99ab-a442347bb16b,0.25,false,false,near_mint,en,USD,2025-05-03T20:30:13.069Z
Urza's Iron Alliance,deck,Tempered Steel,BRC,The Brothers' War Commander,76,normal,rare,1,75302,143cf473-681c-41b3-8719-55b878382368,1.19,false,false,near_mint,en,USD,2025-05-03T20:30:13.069Z
Urza's Iron Alliance,deck,Temple of Deceit,BRC,The Brothers' War Commander,205,normal,rare,1,75331,1f604a40-dbe4-464f-98da-69c8125614f0,0.18,false,false,near_mint,en,USD,2025-05-03T20:30:13.069Z
Urza's Iron Alliance,deck,Temple of Enlightenment,BRC,The Brothers' War Commander,206,normal,rare,1,75268,029a10c0-f589-4f56-8704-1de1bd2cb163,0.17,false,false,near_mint,en,USD,2025-05-03T20:30:13.069Z
Urza's Iron Alliance,deck,Temple of Silence,BRC,The Brothers' War Commander,209,normal,rare,1,75387,36ffb731-b0b4-455e-b296-1ad46a82ab18,0.26,false,false,near_mint,en,USD,2025-05-03T20:30:13.069Z
Urza's Iron Alliance,deck,"Teshar, Ancestor's Apostle",BRC,The Brothers' War Commander,77,normal,rare,1,75375,31b96ec5-065e-41a8-9383-2b86888f4405,0.18,false,false,near_mint,en,USD,2025-05-03T20:30:13.069Z
Urza's Iron Alliance,deck,Thopter Shop,BRC,The Brothers' War Commander,19,normal,rare,1,75858,e72a798b-8dab-41f4-9c2d-1d461e1b46c5,0.29,false,false,near_mint,en,USD,2025-05-03T20:30:13.069Z
Urza's Iron Alliance,deck,Thopter Spy Network,BRC,The Brothers' War Commander,97,normal,rare,1,75817,d85d7885-8c2b-44e9-aa78-40471de15f71,0.5,false,false,near_mint,en,USD,2025-05-03T20:30:13.069Z
Urza's Iron Alliance,deck,Thought Monitor,BRC,The Brothers' War Commander,98,normal,rare,1,75263,01179c70-a87a-46aa-a95d-3269889e87ff,2.06,false,false,near_mint,en,USD,2025-05-03T20:30:13.069Z
Urza's Iron Alliance,deck,Thought Vessel,BRC,The Brothers' War Commander,167,normal,uncommon,1,75750,c1968fb1-4c78-40b7-929c-271569ea0cc9,2.47,false,false,near_mint,en,USD,2025-05-03T20:30:13.069Z
Urza's Iron Alliance,deck,Unbreakable Formation,BRC,The Brothers' War Commander,78,normal,rare,1,75815,d83a7b27-eb3e-4bd5-8463-9a901ed31710,0.51,false,false,near_mint,en,USD,2025-05-03T20:30:13.069Z
Urza's Iron Alliance,deck,"Urza, Chief Artificer",BRC,The Brothers' War Commander,2,foil,mythic,1,75869,ea409050-4296-4b76-a6cd-2896ce1b88e4,1.1,false,false,near_mint,en,USD,2025-05-03T20:30:13.069Z
Urza's Iron Alliance,deck,Vault of Whispers,BRC,The Brothers' War Commander,211,normal,common,1,75891,f482fe5c-1ff5-46f8-befa-b84deaa29f45,1.85,false,false,near_mint,en,USD,2025-05-03T20:30:13.069Z
Urza's Iron Alliance,deck,Vindicate,BRC,The Brothers' War Commander,131,normal,rare,1,75848,e311f87d-a0ed-473a-9bab-282c13e63ea9,1.15,false,false,near_mint,en,USD,2025-05-03T20:30:13.069Z
Urza's Iron Alliance,deck,Whirler Rogue,BRC,The Brothers' War Commander,101,normal,uncommon,1,75764,c4c846c7-b12a-4465-af5e-36adf2b6cdd0,0.09,false,false,near_mint,en,USD,2025-05-03T20:30:13.069Z
Urza's Iron Alliance,deck,Wire Surgeons,BRC,The Brothers' War Commander,10,normal,rare,1,75511,6590bb3c-7613-457f-a028-d7cda3cd6eb4,0.12,false,false,near_mint,en,USD,2025-05-03T20:30:13.069Z
Urza's Iron Alliance,deck,Counterspell,DMR,Dominaria Remastered,281,normal,common,1,78134,d14d5ff3-40c0-4f22-91ad-d6c8447cb9e0,1.41,false,false,near_mint,en,USD,2025-05-05T00:07:41.630Z
Urza's Iron Alliance,deck,Foundry Inspector,BRR,The Brothers' War Retro Artifacts,16,normal,uncommon,1,75656,9a0bd043-ae62-41fe-a33b-989acd89b175,0.2,false,false,near_mint,en,USD,2025-05-05T00:08:03.123Z
Urza's Iron Alliance,deck,"Urza, Lord High Artificer",DMR,Dominaria Remastered,296,foil,mythic,1,78003,81329329-0154-4f89-a476-a54112dfa0b7,16.5,false,false,near_mint,en,USD,2025-05-05T00:08:31.767Z
Urza's Iron Alliance,deck,"Emry, Lurker of the Loch",BRC,The Brothers' War Commander,81,normal,rare,1,75699,aa6592b0-c809-4711-bb39-4c9a9e55657e,2.91,false,false,near_mint,en,USD,2025-05-11T00:28:05.543Z
Urza's Iron Alliance,deck,"Padeem, Consul of Innovation",BRC,The Brothers' War Commander,91,normal,rare,1,75286,0cb2569f-d4ea-47f8-b9ba-5436400c7e2e,1.09,false,false,near_mint,en,USD,2025-05-11T00:28:21.911Z
Urza's Iron Alliance,deck,Mystic Forge,BRR,The Brothers' War Retro Artifacts,36,normal,mythic,1,75696,a9a842eb-3583-4ce7-afab-e81adafd66eb,1.65,false,false,near_mint,en,USD,2025-05-11T00:28:52.088Z
I am death,deck,Orim's Chant,PLS,Planeshift,11,normal,rare,1,32941,055afa78-b969-498f-a3ad-c792426e5ee6,13.89,false,false,near_mint,en,USD,2024-04-16T20:26:28.312Z
I am death,deck,Delighted Halfling,LTR,The Lord of the Rings: Tales of Middle-earth,158,normal,rare,1,83185,71384418-173a-4f77-adab-56e52fa23692,9.8,false,false,near_mint,en,USD,2024-04-16T20:43:59.787Z
I am death,deck,Xander's Lounge,SNC,Streets of New Capenna,260,normal,rare,1,67763,54f449ff-4025-465e-9ec5-a5cf42c4c9d3,9.7,false,false,near_mint,en,USD,2024-10-06T21:16:08.079Z
I am death,deck,Chromatic Lantern,ONC,Phyrexia: All Will Be One Commander,127,normal,rare,1,78574,5df8ba21-7522-4163-a801-0e967c0ccf99,2.99,false,false,near_mint,en,USD,2024-10-06T22:02:12.412Z
I am death,deck,Day of Judgment,FDN,Foundations,140,normal,rare,1,95585,96e84bdc-8a9a-4c58-ba8b-9f052fd60069,0.9,false,false,near_mint,en,USD,2024-11-13T02:21:01.626Z
I am death,deck,Rogue's Passage,FDN,Foundations,264,normal,uncommon,1,100922,a2a424ea-ef32-4ac5-8f8c-3ea1839f01d4,0.45,false,false,near_mint,en,USD,2024-11-14T02:41:54.650Z
I am death,deck,Crumbling Necropolis,LTC,Tales of Middle-earth Commander,302,normal,uncommon,1,83015,3e221859-c573-47ed-a811-9b3e02178bda,0.41,false,false,near_mint,en,USD,2024-12-22T23:33:30.486Z
I am death,deck,Dragonskull Summit,LTC,Tales of Middle-earth Commander,304,normal,rare,1,83524,d0581897-7bdb-465e-ab52-9e656b9a5607,1.44,false,false,near_mint,en,USD,2024-12-22T23:33:30.486Z
I am death,deck,Path of Ancestry,LTC,Tales of Middle-earth Commander,322,normal,common,1,83545,d79e2780-94ae-41bb-af48-c63abc726fb5,0.25,false,false,near_mint,en,USD,2024-12-22T23:33:30.486Z
I am death,deck,Sulfurous Springs,LTC,Tales of Middle-earth Commander,334,normal,rare,1,82860,119ea61b-8575-4491-a422-2eadebe8b261,3.24,false,false,near_mint,en,USD,2024-12-22T23:33:30.486Z
I am death,deck,The Ur-Dragon,CMM,Commander Masters,361,normal,mythic,1,80425,10d42b35-844f-4a64-9981-c6118d45e826,24.99,false,false,near_mint,en,USD,2024-12-27T21:01:39.502Z
I am death,deck,Twinflame Tyrant,FDN,Foundations,469,normal,mythic,1,100105,04a474e3-e7de-4b4d-ad89-a72571968687,20.76,false,false,near_mint,en,USD,2024-12-28T02:40:46.702Z
I am death,deck,Balefire Dragon,CMM,Commander Masters,207,normal,mythic,1,84238,37def363-c431-43b4-8c5f-933941507681,12.27,false,false,near_mint,en,USD,2024-12-28T02:41:14.364Z
I am death,deck,"Nicol Bolas, the Ravager // Nicol Bolas, the Arisen",M19,Core Set 2019,218,normal,mythic,1,1094,7b215968-93a6-4278-ac61-4e3e8c3c3943,16.9,false,false,near_mint,en,USD,2024-12-28T02:42:41.940Z
I am death,deck,Temple of the Dragon Queen,AFR,Adventures in the Forgotten Realms,260,normal,uncommon,1,60150,0c79b3c6-ccbe-48ae-a1f7-ddfd37ecdbf5,0.37,false,false,near_mint,en,USD,2025-01-09T02:30:22.646Z
I am death,deck,"Niv-Mizzet, Dracogenius",C17,Commander 2017,184,normal,rare,1,4271,1b1c4bed-9b6b-42f9-939d-ece0f959a0a3,1.09,false,false,near_mint,en,USD,2025-01-09T02:30:22.646Z
I am death,deck,Carnelian Orb of Dragonkind,FDN,Foundations,534,normal,common,1,101620,f0c07546-c5a1-4dfc-b5e1-d697578a8c11,0.5,false,false,near_mint,en,USD,2025-01-09T02:30:22.646Z
I am death,deck,Haven of the Spirit Dragon,AFC,Forgotten Realms Commander,245,normal,rare,1,60741,637ea3f0-d3ec-4cd4-8725-b845c50a6b96,4.6,false,false,near_mint,en,USD,2025-01-09T02:30:22.646Z
I am death,deck,Earthquake,CM2,Commander Anthology Volume II,95,normal,rare,1,1642,7cf2f3c7-66b2-48f6-97ef-09150903df7e,0.86,false,false,near_mint,en,USD,2025-01-09T02:30:22.646Z
I am death,deck,Dragonlord Dromoka,2X2,Double Masters 2022,202,normal,mythic,1,70182,4262e71a-b1fa-4b54-b623-34f4a7ccd500,11.54,false,false,near_mint,en,USD,2025-01-09T02:30:22.646Z
I am death,deck,"Ojutai, Soul of Winter",C17,Commander 2017,187,normal,rare,1,4268,7eb90a6b-da46-44ab-88b8-31aaffdee75b,0.71,false,false,near_mint,en,USD,2025-01-09T02:30:22.646Z
I am death,deck,Bladewing the Risen,IMA,Iconic Masters,193,normal,uncommon,1,3432,27ce43cb-44f4-4d94-8700-d9f3cc043989,1.41,false,false,near_mint,en,USD,2025-01-09T02:30:22.646Z
I am death,deck,Dragonspeaker Shaman,AFC,Forgotten Realms Commander,330,normal,uncommon,1,60772,7b0a2799-197e-4d61-ab23-67d974458a05,2.48,false,false,near_mint,en,USD,2025-01-09T02:30:22.646Z
I am death,deck,The World Tree,KHM,Kaldheim,275,normal,rare,1,57026,a70cb6d9-3955-4064-917b-11dec26440c5,4.57,false,false,near_mint,en,USD,2025-01-09T02:30:22.646Z
I am death,deck,Farseek,BLC,Bloomburrow Commander,119,normal,uncommon,1,96328,6c41b3c9-bbed-447d-a952-250bb7091a9e,1.85,false,false,near_mint,en,USD,2025-01-09T02:30:22.646Z
I am death,deck,Frontier Siege,C17,Commander 2017,150,normal,rare,1,4305,5e7ee5ff-eabc-4947-b5fe-2647c7e2eb82,0.76,false,false,near_mint,en,USD,2025-01-09T23:19:22.178Z
I am death,deck,"Atarka, World Render",SCD,Starter Commander Decks,1,etched,mythic,1,74575,719f172b-f9ad-4960-af66-757eb54147f6,1.96,false,false,near_mint,en,USD,2025-01-11T05:03:11.981Z
I am death,deck,Ancient Silver Dragon,CLB,Commander Legends: Battle for Baldur's Gate,56,normal,mythic,1,69300,ced18935-4ce9-466e-a88d-2b14ff8f989f,27.03,false,false,near_mint,en,USD,2025-01-13T01:18:42.147Z
I am death,deck,Hellkite Tyrant,RVR,Ravnica Remastered,428,normal,rare,1,89595,2078d569-47c1-43c8-b34f-ef84951b7566,8.37,false,false,near_mint,en,USD,2025-01-13T01:19:38.651Z
I am death,deck,Utvara Hellkite,RVR,Ravnica Remastered,342,foil,mythic,1,89957,e4823a15-c00a-4bcc-9757-f2dd8c2f3b1d,7.03,false,false,near_mint,en,USD,2025-01-18T02:59:59.071Z
I am death,deck,Goldspan Dragon,KHM,Kaldheim,358,foil,mythic,1,57027,a7cec498-e2ac-4ca0-9aa2-ef98ba634c32,24.09,false,false,near_mint,en,USD,2025-01-18T03:00:34.486Z
I am death,deck,Ancient Gold Dragon,CLB,Commander Legends: Battle for Baldur's Gate,3,normal,mythic,1,68988,421395b1-2694-42fd-bb90-0007e78adefc,15.58,false,false,near_mint,en,USD,2025-01-19T18:23:47.827Z
I am death,deck,Ancient Bronze Dragon,CLB,Commander Legends: Battle for Baldur's Gate,214,normal,mythic,1,69111,781af4dd-9e3c-48af-80e9-b52c427d2120,10.92,false,false,near_mint,en,USD,2025-01-19T18:24:03.013Z
I am death,deck,Ancient Copper Dragon,CLB,Commander Legends: Battle for Baldur's Gate,161,normal,mythic,1,68962,3836dddd-a7e4-499f-ad49-ce298aa65720,72.82,false,false,near_mint,en,USD,2025-01-19T18:24:14.328Z
I am death,deck,Ancient Brass Dragon,CLB,Commander Legends: Battle for Baldur's Gate,111,normal,mythic,1,67511,6430c61b-407d-471d-9012-07f1ddef28aa,23.9,false,false,near_mint,en,USD,2025-01-19T18:24:25.554Z
I am death,deck,Rejuvenating Springs,LTC,Tales of Middle-earth Commander,325,normal,rare,1,83491,c68876b6-5a30-4dea-af0a-53d30e6f8029,4.66,false,false,near_mint,en,USD,2025-01-24T06:59:02.276Z
I am death,deck,Raise the Palisade,LTC,Tales of Middle-earth Commander,23,normal,rare,1,83206,7966eb7a-0ef7-470f-9769-0d5f45f0395b,8.11,false,false,near_mint,en,USD,2025-01-24T07:00:56.386Z
I am death,deck,Heroic Intervention,LTC,Tales of Middle-earth Commander,249,normal,rare,1,83035,4377b09d-08e8-4150-bb84-4a9c00c7af82,10.57,false,false,near_mint,en,USD,2025-01-24T07:01:21.554Z
I am death,deck,Whispersilk Cloak,LTC,Tales of Middle-earth Commander,292,normal,uncommon,1,83299,92b5bbfe-2e61-417b-9a75-fc39de57098c,1.99,false,false,near_mint,en,USD,2025-01-30T19:30:50.866Z
I am death,deck,Jetmir's Garden,SNC,Streets of New Capenna,351,normal,rare,1,68008,ca9203fa-12db-4fa0-affd-4db277c871b7,11.21,false,false,near_mint,en,USD,2025-03-11T16:42:24.589Z
I am death,deck,"Sarkhan, Fireblood",M19,Core Set 2019,154,normal,mythic,1,1158,3553a70e-75de-4a8c-9b20-92cd4a317101,4.3,false,false,near_mint,en,USD,2025-03-20T02:30:26.231Z
I am death,deck,Dragon Tempest,DTK,Dragons of Tarkir,136,normal,rare,1,11678,cefac283-8491-4d11-9a40-0e90cbeac19f,7.22,false,false,near_mint,en,USD,2025-03-20T02:31:07.641Z
I am death,deck,"Skithiryx, the Blight Dragon",SOM,Scars of Mirrodin,79,normal,mythic,1,20953,c930c9cc-1b64-4f36-afe2-6bf120a74ce2,8.93,false,false,near_mint,en,USD,2025-03-20T02:31:34.419Z
I am death,deck,Tiamat,AFR,Adventures in the Forgotten Realms,235,normal,mythic,1,58983,6dd0b9b0-55f4-4ce7-a916-6f23687f3fe4,8.95,false,false,near_mint,en,USD,2025-03-20T04:24:27.316Z
I am death,deck,Bonehoard Dracosaur,LCI,The Lost Caverns of Ixalan,321,normal,mythic,1,88339,22897e93-bb69-4ad3-bdcc-723c7020a378,10.64,false,false,near_mint,en,USD,2025-03-23T02:11:49.591Z
I am death,deck,Scalelord Reckoner,C17,Commander 2017,6,normal,rare,1,4449,c91c3606-d037-4b97-a7b6-ab1ed09bc976,12.01,false,false,near_mint,en,USD,2025-03-23T02:12:59.854Z
I am death,deck,Raffine's Tower,SNC,Streets of New Capenna,353,normal,rare,1,67697,36bb77f3-8ec4-4b8a-a283-4126037f4d00,12.25,false,false,near_mint,en,USD,2025-03-23T02:14:04.263Z
I am death,deck,Elegant Parlor,MKM,Murders at Karlov Manor,260,normal,rare,1,90965,72c6d541-e2cb-4d6e-acac-90a8f53b7006,7.32,false,false,near_mint,en,USD,2025-03-23T02:15:02.659Z
I am death,deck,Blood Crypt,RNA,Ravnica Allegiance,245,normal,rare,1,43620,5faba6c8-3463-47c1-ba01-09eb87fcb2d5,15.22,false,false,near_mint,en,USD,2025-03-30T04:17:20.208Z
I am death,deck,Bloodstained Mire,MH3,Modern Horizons 3,216,normal,rare,1,91762,579743fe-f71e-4cb2-8629-d6b02ed1591d,10.67,false,false,near_mint,en,USD,2025-03-30T04:17:20.208Z
I am death,deck,Nature's Lore,CLB,Commander Legends: Battle for Baldur's Gate,244,normal,common,1,69022,543d1e79-cac6-455c-9fda-f13c849579d6,2.21,false,false,near_mint,en,USD,2025-03-30T04:17:20.208Z
I am death,deck,Polluted Delta,KTK,Khans of Tarkir,239,normal,rare,1,13159,ff2f5f58-9a95-4ca6-93a0-813738f0072f,14.53,false,false,near_mint,en,USD,2025-03-30T04:17:20.208Z
I am death,deck,Skyshroud Claim,CMM,Commander Masters,321,normal,common,1,84680,a0e12f0e-ab41-4413-8b88-9bde907fab22,1.62,false,false,near_mint,en,USD,2025-03-30T04:17:20.208Z
I am death,deck,Steam Vents,GRN,Guilds of Ravnica,257,normal,rare,1,226,b8ebe3cf-7143-453a-b0ef-2f5bdaac3185,13.7,false,false,near_mint,en,USD,2025-03-30T04:17:20.208Z
I am death,deck,Stomping Ground,RNA,Ravnica Allegiance,259,normal,rare,1,43606,dcaa1ff6-304e-4660-9df3-36de8e89592e,11.71,false,false,near_mint,en,USD,2025-03-30T04:17:20.208Z
I am death,deck,Windswept Heath,MH3,Modern Horizons 3,235,normal,rare,1,91776,bd1d13f7-fd38-4f0b-a8e0-1eac78668117,8.2,false,false,near_mint,en,USD,2025-03-30T04:17:20.208Z
I am death,deck,Sacred Foundry,RVR,Ravnica Remastered,409,normal,rare,1,89848,a9eb59ea-bddd-4d5f-96e8-0c1f0ce84c11,18.33,false,false,near_mint,en,USD,2025-03-30T04:18:40.496Z
I am death,deck,Godless Shrine,GTC,Gatecrash,242,normal,rare,1,16582,6fd672bb-18cf-44e3-8dda-5310b1e0fffe,12.85,false,false,near_mint,en,USD,2025-04-01T02:07:37.769Z
I am death,deck,Zagoth Triome,IKO,Ikoria: Lair of Behemoths,313,normal,rare,1,49764,f809f970-25a7-4c34-b98f-1cb08012080d,19.29,false,false,near_mint,en,USD,2025-04-01T02:08:47.365Z
I am death,deck,Watery Grave,RVR,Ravnica Remastered,415,normal,rare,1,89974,ef7f4762-4283-4368-948b-e60a29e78a0c,20.52,false,false,near_mint,en,USD,2025-04-01T02:09:23.992Z
I am death,deck,Temple Garden,GRN,Guilds of Ravnica,258,normal,rare,1,225,2b9b0195-beda-403e-bc27-7ae3be9f318c,10.8,false,false,near_mint,en,USD,2025-04-01T02:10:13.663Z
I am death,deck,Scavenger Regent // Exude Toxin,TDM,Tarkir: Dragonstorm,90,normal,rare,1,104446,0d4b46a3-847a-44a7-9f68-2cb4657cad61,0.73,false,false,near_mint,en,USD,2025-04-04T19:44:58.586Z
I am death,deck,Perennation,TDM,Tarkir: Dragonstorm,368,normal,mythic,1,104653,5596f0c7-8007-4136-bab0-58a9cd852a6e,12.95,false,false,near_mint,en,USD,2025-04-04T19:44:58.586Z
I am death,deck,Mystic Monastery,TDM,Tarkir: Dragonstorm,262,normal,uncommon,1,104945,c7b8a01c-c400-47c7-8270-78902efe850e,0.27,false,false,near_mint,en,USD,2025-04-04T19:44:58.586Z
I am death,deck,Nomad Outpost,TDM,Tarkir: Dragonstorm,263,foil,uncommon,1,104868,a68fbeaa-941f-4d53-becd-f93ed22b9a54,0.35,false,false,near_mint,en,USD,2025-04-05T20:49:53.792Z
I am death,deck,Frostcliff Siege,TDM,Tarkir: Dragonstorm,385,foil,rare,1,104344,b32ab782-5f99-489c-895a-49c5c5ea249d,3.27,false,false,near_mint,en,USD,2025-04-05T20:49:53.792Z
I am death,deck,Dracogenesis,TDM,Tarkir: Dragonstorm,300,normal,mythic,1,104266,30f7c75a-c8f7-4f34-bc86-9d0441dc3a40,27.58,false,false,near_mint,en,USD,2025-04-05T20:49:53.792Z
I am death,deck,Mox Jasper,TDM,Tarkir: Dragonstorm,325,normal,mythic,1,103990,2c0372d8-362d-486e-96c0-5738427a1087,39.05,false,false,near_mint,en,USD,2025-04-05T20:49:53.792Z
I am death,deck,Misty Rainforest,SPG,Special Guests,111,foil,mythic,1,104321,894105c4-d3ce-4d38-855b-24aa47b112c1,50.39,false,false,near_mint,en,USD,2025-04-05T20:49:53.792Z
I am death,deck,Herd Heirloom,TDM,Tarkir: Dragonstorm,347,normal,rare,1,104939,c5e7d936-60f8-40fc-b6a9-be677a97395b,1.6,false,false,near_mint,en,USD,2025-04-12T03:17:07.869Z
I am death,deck,Maelstrom of the Spirit Dragon,TDM,Tarkir: Dragonstorm,260,foil,rare,1,104359,c4e90bfb-d9a5-48a9-9ff9-b0f50a813eee,1.62,false,false,near_mint,en,USD,2025-04-12T03:41:54.394Z
I am death,deck,Deceptive Frostkite,TDC,Tarkir: Dragonstorm Commander,19,normal,rare,1,104485,1f87120f-d2a7-4c06-aadd-3ed5729d7abf,2.91,false,false,near_mint,en,USD,2025-04-12T03:45:48.979Z
I am death,deck,Three Visits,WHO,Doctor Who,235,normal,uncommon,1,88104,fc20bfa9-6d55-49f4-a86a-8fb3b433ee29,6.47,false,false,near_mint,en,USD,2025-04-22T19:01:34.363Z
I am death,deck,Dragon's Hoard,CLB,Commander Legends: Battle for Baldur's Gate,858,normal,rare,1,69470,36b6f0a8-b6c2-49fc-880c-01ad63213271,3.02,false,false,near_mint,en,USD,2025-04-22T19:03:30.696Z
I am death,deck,Ziatora's Proving Ground,SNC,Streets of New Capenna,261,normal,rare,1,67835,75fdce80-e338-4a50-bdc6-786511feaeef,7.21,false,false,near_mint,en,USD,2025-04-29T16:22:41.178Z
I am death,deck,Ketria Triome,IKO,Ikoria: Lair of Behemoths,310,normal,rare,1,49767,f5b5b9bb-ee9f-4a52-bd74-fd2759c8e3d3,17.49,false,false,near_mint,en,USD,2025-04-29T16:22:41.178Z
I am death,deck,Mistrise Village,TDM,Tarkir: Dragonstorm,397,foil,rare,1,104793,8c4f775c-98dd-4506-a02c-d22024f31d67,35.25,false,false,near_mint,en,USD,2025-04-30T05:08:20.219Z
I am death,deck,Path to Exile,BLC,Bloomburrow Commander,147,normal,uncommon,1,96413,a5b070f2-f2f2-4ccd-9a4b-d19ea01b2298,1.0,false,false,near_mint,en,USD,2025-07-31T17:08:51.212Z
I am death,deck,Hellkite Courser,TDC,Tarkir: Dragonstorm Commander,218,normal,mythic,1,104980,d33eca2e-fef0-42fd-9970-46d5bdb4bd4b,4.4,false,false,near_mint,en,USD,2025-08-10T04:10:14.317Z
I am death,deck,"Ramos, Dragon Engine",C17,Commander 2017,55,foil,mythic,1,4400,2e747ef1-a1ad-4859-a70c-3f935f017310,3.15,false,false,near_mint,en,USD,2025-09-07T02:43:02.239Z
I am death,deck,Dragonlord Silumgar,DTK,Dragons of Tarkir,220,normal,mythic,1,11594,2eae504d-d4a9-440f-8ceb-df967cc50494,3.92,false,false,near_mint,en,USD,2025-09-07T02:44:06.520Z
I am death,deck,"Firkraag, Cunning Instigator",CLB,Commander Legends: Battle for Baldur's Gate,642,normal,mythic,1,69818,60b7b14d-c860-448e-8d7b-66ea05be281c,9.68,false,false,near_mint,en,USD,2025-09-07T02:44:30.354Z
I am death,deck,Indatha Triome,IKO,Ikoria: Lair of Behemoths,248,normal,rare,1,49829,2b74bb81-fb9a-40e5-a941-e517430b52f5,16.44,false,false,near_mint,en,USD,2025-09-23T16:23:48.248Z
I am death,deck,Two-Headed Hellkite,DMC,Dominaria United Commander,90,normal,rare,1,71291,1b363509-ddc8-4bf1-8817-acd8345cde4f,11.45,false,false,near_mint,en,USD,2026-03-28T01:39:42.038Z
I am death,deck,Old Gnawbone,AFR,Adventures in the Forgotten Realms,197,foil,mythic,1,60299,77ceba8b-de19-4db8-b5a7-f5df49bf241f,49.83,false,false,near_mint,en,USD,2026-04-02T06:44:21.286Z
I am death,deck,Sunscorch Regent,FIC,Final Fantasy Commander,255,normal,rare,1,105858,25774e8c-bbc1-4a53-926c-7c01c2ac908f,0.35,false,false,near_mint,en,USD,2026-06-07T21:06:18.168Z
I am death,deck,Dragon's Fire,J25,Foundations Jumpstart,134,normal,common,1,100375,3a06bf6c-1b18-4b00-84a4-d7e36b7ae0c1,0.34,false,false,near_mint,en,USD,2026-06-07T21:06:18.167Z
I am death,deck,Broodcaller Scourge,TDC,Tarkir: Dragonstorm Commander,44,normal,rare,1,104723,6fc0a74b-0b8a-4c70-87f2-f9f2625d5ff2,0.41,false,false,near_mint,en,USD,2026-06-07T21:06:18.166Z
I am death,deck,"Smaug, Wicked Worm",HOB,The Hobbit,164,normal,rare,1,115042,19cc91f0-e724-41ac-b6d8-9a293bd63b42,1.98,false,false,near_mint,en,USD,2026-09-10T18:09:55.268Z
I am death,deck,Call the Spirit Dragons,TDM,Tarkir: Dragonstorm,309,normal,mythic,1,104812,9473ac65-acb4-454b-84ce-2a505387cc24,19.44,false,false,near_mint,en,USD,2025-04-05T20:49:53.792Z
I am death,deck,Command Tower,LTC,Tales of Middle-earth Commander,301,normal,common,1,83079,5306a95e-fb18-463d-81a9-3c3b8121fc94,0.26,false,false,near_mint,en,USD,2024-12-22T23:33:30.486Z
I am death,deck,Encroaching Dragonstorm,TDM,Tarkir: Dragonstorm,305,foil,uncommon,1,104799,8d1e6797-f938-4161-a231-dac2da23b573,1.4,false,false,near_mint,en,USD,2025-04-04T19:44:58.586Z
I am death,deck,Herald's Horn,M3C,Modern Horizons 3 Commander,296,normal,uncommon,1,94924,2cfafee3-c060-44bd-be6e-8d36501d72d3,4.75,false,false,near_mint,en,USD,2024-10-08T03:07:33.042Z
I am death,deck,Sea of Clouds,BBD,Battlebond,84,normal,rare,1,1909,080aebe8-535e-4632-b733-8aba98abff22,7.03,false,false,near_mint,en,USD,2024-04-16T06:30:31.098Z
I am death,deck,Sol Ring,LTC,Tales of Middle-earth Commander,284,normal,uncommon,1,83094,5805f64c-dd88-4e94-8f0a-a01dae67e3ba,2.15,false,false,near_mint,en,USD,2024-12-22T23:33:30.486Z
Undying Shadow,deck,"Witch-king, Sky Scourge",LTC,Tales of Middle-earth Commander,511,foil,mythic,1,86359,0cd26961-ed53-417c-8a1e-2641d5f05640,0.77,false,false,near_mint,en,USD,2024-04-15T01:46:17.974Z
Undying Shadow,deck,"Minas Morgul, Dark Fortress",LTC,Tales of Middle-earth Commander,514,foil,rare,1,86479,50f76652-15e7-4190-842e-db6db6d66e91,7.26,false,false,near_mint,en,USD,2024-04-15T01:46:35.715Z
Undying Shadow,deck,Mount Doom,LTR,The Lord of the Rings: Tales of Middle-earth,343,normal,mythic,1,83612,e9a087f9-57c3-4743-b03b-7bfd2b86eefd,3.92,false,false,near_mint,en,USD,2024-04-16T19:42:55.506Z
Undying Shadow,deck,Nazgûl,LTR,The Lord of the Rings: Tales of Middle-earth,337,normal,uncommon,1,83583,e0a5630d-325f-4f7a-9885-b249c6480023,9.46,false,false,near_mint,en,USD,2024-04-16T20:26:28.312Z
Undying Shadow,deck,Nazgûl,LTR,The Lord of the Rings: Tales of Middle-earth,334,foil,uncommon,1,83111,5e9c9901-c329-4a68-96ab-f33d7c12aefe,15.05,false,false,near_mint,en,USD,2024-04-16T20:26:28.312Z
Undying Shadow,deck,Nazgûl,LTR,The Lord of the Rings: Tales of Middle-earth,333,normal,uncommon,1,83162,69b32f90-b32f-41a6-af0c-1c967ec49b73,10.18,false,false,near_mint,en,USD,2024-04-16T20:37:25.604Z
Undying Shadow,deck,Flame of Anor,LTR,The Lord of the Rings: Tales of Middle-earth,406,normal,rare,1,83608,e882ef7d-ddff-40f5-a4f5-bff5c8169dc1,3.86,false,false,near_mint,en,USD,2024-04-19T01:52:34.112Z
Undying Shadow,deck,Bojuka Bog,LTC,Tales of Middle-earth Commander,358,foil,mythic,1,83200,763fee38-68bf-4c2f-837f-bd5077138368,18.07,false,false,near_mint,en,USD,2024-04-20T01:56:47.387Z
Undying Shadow,deck,Nazgûl,LTR,The Lord of the Rings: Tales of Middle-earth,332,normal,uncommon,1,83517,ce65226a-12cd-416a-bb60-12e9b35f609b,12.99,false,false,near_mint,en,USD,2024-04-20T07:22:26.342Z
Undying Shadow,deck,Sol Ring,PIP,Fallout,239,normal,uncommon,1,92816,e675f7e2-5c9f-4912-8fdd-daaeda284a3d,1.99,false,false,near_mint,en,USD,2024-05-23T20:27:10.766Z
Undying Shadow,deck,The One Ring,LTR,The Lord of the Rings: Tales of Middle-earth,246,normal,mythic,1,83540,d5806e68-1054-458e-866d-1f2470f682b2,77.53,false,false,near_mint,en,USD,2024-04-18T20:30:20.358Z
Undying Shadow,deck,Nazgûl,LTR,The Lord of the Rings: Tales of Middle-earth,100,normal,uncommon,1,83245,833936c6-9381-4c0b-a81c-4a938be95040,8.24,false,false,near_mint,en,USD,2024-07-20T20:37:59.567Z
Undying Shadow,deck,Evolving Wilds,RIX,Rivals of Ixalan,186,normal,common,1,2832,62df0466-3bb4-423c-aae8-412205fb9f14,0.2,false,false,near_mint,en,USD,2024-07-21T20:02:36.043Z
Undying Shadow,deck,Toxic Deluge,MH3,Modern Horizons 3,412,normal,rare,1,94434,4ab57e89-a420-4a3a-b2ba-34bb427e40d4,5.03,false,false,near_mint,en,USD,2024-08-02T07:32:42.623Z
Undying Shadow,deck,"Witch-king, Bringer of Ruin",LTR,The Lord of the Rings: Tales of Middle-earth,293,normal,rare,1,83295,90da1d3e-dbcb-4b1e-a606-d4fc1a60a8fe,5.18,false,false,near_mint,en,USD,2024-08-10T18:34:21.405Z
Undying Shadow,deck,Reflecting Pool,LTC,Tales of Middle-earth Commander,373,foil,mythic,1,83293,90600867-9b2b-4174-8fb5-3f58469e8733,17.23,false,false,near_mint,en,USD,2024-04-16T20:10:40.214Z
Undying Shadow,deck,Ringwraiths,LTR,The Lord of the Rings: Tales of Middle-earth,284,normal,rare,1,82953,2a8495c3-96cf-40ab-b68a-1b5711b7659e,0.83,false,false,near_mint,en,USD,2024-09-29T21:07:32.332Z
Undying Shadow,deck,Nazgûl,LTR,The Lord of the Rings: Tales of Middle-earth,338,normal,uncommon,1,83465,bf96c268-c86b-4d5e-bf04-200c427e5fa5,9.2,false,false,near_mint,en,USD,2024-09-29T21:08:33.019Z
Undying Shadow,deck,Kindred Dominance,C17,Commander 2017,18,normal,rare,1,4437,9794115a-5509-4d9a-b119-d2b61942e87b,15.49,false,false,near_mint,en,USD,2024-09-29T21:52:25.594Z
Undying Shadow,deck,Bitter Triumph,LCI,The Lost Caverns of Ixalan,91,normal,uncommon,1,88237,05bdd22c-3e11-4c29-bdfa-d3dfc0e90a9f,2.1,false,false,near_mint,en,USD,2024-09-29T21:52:42.179Z
Undying Shadow,deck,Flesh Duplicate,WHO,Doctor Who,44,normal,rare,1,87334,512e9bd2-77b9-4c1c-8d30-e6249dbd930e,14.15,false,false,near_mint,en,USD,2024-09-29T21:52:57.497Z
Undying Shadow,deck,Terramorphic Expanse,WHO,Doctor Who,913,foil,common,1,87346,537f1fa1-1ae6-4ec1-ba87-4d64f9d3b12b,4.66,false,false,near_mint,en,USD,2024-09-29T21:53:44.950Z
Undying Shadow,deck,Arcane Signet,C21,Commander 2021,234,normal,common,1,58485,01b186af-8825-4257-80fd-9c1ecdb21414,0.51,false,false,near_mint,en,USD,2024-09-29T21:54:51.963Z
Undying Shadow,deck,Talisman of Indulgence,40K,"Warhammer 40,000 Commander",257,normal,uncommon,1,72309,2844e7be-32d2-41dd-9a03-eab9fd09bf14,2.55,false,false,near_mint,en,USD,2024-09-29T21:55:11.197Z
Undying Shadow,deck,Nazgûl,LTR,The Lord of the Rings: Tales of Middle-earth,336,normal,uncommon,1,83377,a92d5a03-a4c9-4432-b3bb-f5bb21f65db0,8.95,false,false,near_mint,en,USD,2024-09-29T22:06:08.915Z
Undying Shadow,deck,Nazgûl,LTR,The Lord of the Rings: Tales of Middle-earth,335,normal,uncommon,1,83019,3f16e3fe-cc9f-414e-8643-3f66c0ab2536,9.0,false,false,near_mint,en,USD,2024-09-29T22:06:48.343Z
Undying Shadow,deck,Nazgûl,LTR,The Lord of the Rings: Tales of Middle-earth,339,normal,uncommon,1,83023,4023a6de-3ac7-488a-b1a9-b1e26681d9bc,9.95,false,false,near_mint,en,USD,2024-09-29T22:07:08.861Z
Undying Shadow,deck,Twinflame,2X2,Double Masters 2022,129,normal,rare,1,70505,ccaa7c17-55e7-44e4-a965-182f63f32c72,4.61,false,false,near_mint,en,USD,2024-09-29T22:18:28.441Z
Undying Shadow,deck,Reality Shift,CMM,Commander Masters,113,normal,uncommon,1,84015,0850a187-ba95-46f2-aa81-397b45460bbc,0.42,false,false,near_mint,en,USD,2024-09-29T22:18:38.316Z
Undying Shadow,deck,Quasiduplicate,GRN,Guilds of Ravnica,51,normal,rare,1,432,f069646c-fae2-40bd-92bc-35459a84d847,0.55,false,false,near_mint,en,USD,2024-09-29T22:18:52.158Z
Undying Shadow,deck,Aetherspouts,MIC,Midnight Hunt Commander,97,normal,rare,1,63667,b5cb6da6-d43b-4ad1-bb77-9eeb6d15240c,0.49,false,false,near_mint,en,USD,2024-09-29T22:19:07.202Z
Undying Shadow,deck,Village Rites,LCC,The Lost Caverns of Ixalan Commander,212,normal,common,1,88360,2841339b-faef-407d-9838-d03fe80e6294,0.99,false,false,near_mint,en,USD,2024-09-29T22:19:21.286Z
Undying Shadow,deck,See Double,PMOM,March of the Machine Promos,77p,normal,rare,1,82290,6a8a9d78-e812-4cec-a6b9-944e925e398c,0.85,false,false,near_mint,en,USD,2024-09-29T22:19:45.287Z
Undying Shadow,deck,Change of Plans,NCC,New Capenna Commander,24,normal,rare,1,68285,7cc7f675-3e56-4e5a-9618-9a9ba8e0310d,0.52,false,false,near_mint,en,USD,2024-09-29T22:19:53.871Z
Undying Shadow,deck,Shifting Shadow,NEC,Neon Dynasty Commander,109,normal,rare,1,67089,f4c34cbe-c41f-4fcb-b1b6-720b6b214fef,0.25,false,false,near_mint,en,USD,2024-09-29T22:20:06.272Z
Undying Shadow,deck,Mirage Mockery,ONC,Phyrexia: All Will Be One Commander,32,normal,rare,1,78955,f70f3c42-13ce-49d8-b34e-82263f311b27,0.39,false,false,near_mint,en,USD,2024-09-29T22:20:15.231Z
Undying Shadow,deck,Corrupted Conviction,MOM,March of the Machine,98,normal,common,1,81450,ce133ad5-8748-4a3d-ae8c-7b2a5938927d,0.38,false,false,near_mint,en,USD,2024-09-29T22:20:24.814Z
Undying Shadow,deck,Lethal Scheme,LCC,The Lost Caverns of Ixalan Commander,201,normal,rare,1,88757,a132a71e-f173-47bc-a014-444e3fd7c122,0.34,false,false,near_mint,en,USD,2024-09-29T22:20:35.982Z
Undying Shadow,deck,Virtue of Knowledge // Vantress Visions,WOE,Wilds of Eldraine,76,normal,mythic,1,85776,df606cf5-67dc-46f4-8c79-1d2f1d054391,3.98,false,false,near_mint,en,USD,2024-09-29T22:21:00.175Z
Undying Shadow,deck,Dack's Duplicate,CNS,Conspiracy,43,normal,rare,1,14377,c5cd963b-08bd-40a3-be1c-01e20aa41424,0.5,false,false,near_mint,en,USD,2024-09-29T22:27:52.484Z
Undying Shadow,deck,Herald of Secret Streams,LCC,The Lost Caverns of Ixalan Commander,158,normal,rare,1,88983,e6e1f2ab-e437-444e-9edb-73278d9c7616,3.59,false,false,near_mint,en,USD,2024-09-29T22:35:38.775Z
Undying Shadow,deck,Metallic Mimic,LCC,The Lost Caverns of Ixalan Commander,308,normal,rare,1,88810,adb9937b-7f8e-43b2-a2e3-06ccb7fb737e,5.43,false,false,near_mint,en,USD,2024-09-29T22:39:40.505Z
Undying Shadow,deck,Thundering Raiju,NEO,Kamigawa: Neon Dynasty,166,normal,rare,1,66834,ec1a2920-6d39-4276-921c-65cc16a45f17,0.4,false,false,near_mint,en,USD,2024-09-29T23:02:32.950Z
Undying Shadow,deck,Midnight Reaper,MIC,Midnight Hunt Commander,125,normal,rare,1,63687,ce14d37a-1f25-44e6-a6e5-c91851c887c5,0.4,false,false,near_mint,en,USD,2024-09-29T23:02:40.817Z
Undying Shadow,deck,River Kelpie,SHM,Shadowmoor,49,normal,rare,1,24817,970adaaf-1534-4529-8da4-c4dcf7c08b7b,1.0,false,false,near_mint,en,USD,2024-09-29T23:03:43.305Z
Undying Shadow,deck,Auton Soldier,WHO,Doctor Who,36,normal,rare,1,87316,4cc35b82-a233-4460-968e-d90980fb2074,7.01,false,false,near_mint,en,USD,2024-09-29T23:13:50.372Z
Undying Shadow,deck,Uncivil Unrest,MOC,March of the Machine Commander,35,normal,rare,1,81324,31afae93-d3c7-49c3-9f00-2cd9621e0ff8,10.1,false,false,near_mint,en,USD,2024-09-29T23:18:04.410Z
Undying Shadow,deck,Descendants' Fury,CMM,Commander Masters,766,normal,rare,1,84341,4ce28dd7-56d0-4801-855f-ddebf81adf6e,1.83,false,false,near_mint,en,USD,2024-09-29T23:19:33.799Z
Undying Shadow,deck,Quantum Misalignment,WHO,Doctor Who,52,normal,rare,1,87894,ceba3080-4e10-46b3-887c-e2d45581962b,5.2,false,false,near_mint,en,USD,2024-09-29T23:25:23.531Z
Undying Shadow,deck,Wave Goodbye,LCC,The Lost Caverns of Ixalan Commander,79,normal,rare,1,88449,45803e98-5d99-4bd9-adac-37c854649167,7.06,false,false,near_mint,en,USD,2024-09-29T23:25:29.465Z
Undying Shadow,deck,Training Center,CMR,Commander Legends,358,normal,rare,1,55836,b15c58c0-4d42-488e-bb9d-7a550d9ea5e6,8.35,false,false,near_mint,en,USD,2024-10-06T21:13:58.882Z
Undying Shadow,deck,Sulfur Falls,DOM,Dominaria,247,normal,rare,1,2029,6bc412fc-e9d4-4283-bd4a-811384e79b5c,1.08,false,false,near_mint,en,USD,2024-10-06T21:13:58.882Z
Undying Shadow,deck,Drowned Catacomb,M12,Magic 2012,226,normal,rare,1,19041,39ad4371-6c81-4b4c-98eb-d5c289c8c0e2,2.51,false,false,near_mint,en,USD,2024-10-06T21:14:25.515Z
Undying Shadow,deck,Dragonskull Summit,M13,Magic 2013,222,normal,rare,1,17601,5e49c561-570c-43dd-a369-48bc7ad7edac,1.69,false,false,near_mint,en,USD,2024-10-06T21:14:52.408Z
Undying Shadow,deck,Fiery Islet,MH1,Modern Horizons,238,normal,rare,1,44696,a3aab13c-9d9d-4507-ae5d-da979990ae1b,2.12,false,false,near_mint,en,USD,2024-10-06T21:15:12.375Z
Undying Shadow,deck,Exotic Orchard,MKC,Murders at Karlov Manor Commander,260,normal,rare,1,90398,703da628-5a77-4cb4-8c29-1bdbae500d50,0.25,false,false,near_mint,en,USD,2024-10-06T21:15:39.235Z
Undying Shadow,deck,Shadowblood Ridge,PIP,Fallout,288,normal,rare,1,92913,ff02d5d2-2f71-4b93-a0c5-5964ec08524f,0.26,false,false,near_mint,en,USD,2024-10-06T21:15:57.010Z
Undying Shadow,deck,Crumbling Necropolis,ALA,Shards of Alara,222,normal,uncommon,1,23877,94da8e38-77a4-4d25-9e1f-f33c246f60c8,0.45,false,false,near_mint,en,USD,2024-10-06T21:16:36.870Z
Undying Shadow,deck,Foreboding Ruins,SOI,Shadows over Innistrad,272,normal,rare,1,8724,3c26ee31-7e2a-4eed-b448-04989fb57523,0.49,false,false,near_mint,en,USD,2024-10-06T21:16:57.263Z
Undying Shadow,deck,Command Tower,BLC,Bloomburrow Commander,130,normal,common,1,96318,63a39996-48b7-42bb-9759-a42382ee0468,0.26,false,false,near_mint,en,USD,2024-10-06T21:17:22.405Z
Undying Shadow,deck,Smoldering Marsh,BFZ,Battle for Zendikar,247,normal,rare,1,10104,359b189d-aa51-4e90-820a-e79884562e34,0.5,false,false,near_mint,en,USD,2024-10-06T21:17:53.482Z
Undying Shadow,deck,"Marchesa, the Black Rose",2X2,Double Masters 2022,382,foil,rare,1,70583,e9975663-3038-4c72-b29c-65635dbe36bb,1.4,false,false,near_mint,en,USD,2024-10-06T21:18:46.752Z
Undying Shadow,deck,All Will Be One,ONE,Phyrexia: All Will Be One,118,normal,mythic,1,78611,6d75e1f4-bd63-428e-8e6e-131594b3ba44,13.08,false,false,near_mint,en,USD,2024-10-06T22:01:45.128Z
Undying Shadow,deck,Talisman of Dominance,MIC,Midnight Hunt Commander,164,normal,uncommon,1,63598,56f62d84-f62f-4363-a99e-fe5387c3d77e,1.08,false,false,near_mint,en,USD,2024-10-06T22:03:35.045Z
Undying Shadow,deck,"Yahenni, Undying Partisan",LCC,The Lost Caverns of Ixalan Commander,214,normal,rare,1,88369,2b77cd68-fbdd-4bca-a68c-299425588a61,0.73,false,false,near_mint,en,USD,2024-10-06T22:04:32.998Z
Undying Shadow,deck,Unspeakable Symbol,SCG,Scourge,79,normal,uncommon,1,30609,2cc4601b-5f34-4733-8c32-9779de4c502c,2.62,false,false,near_mint,en,USD,2024-10-06T22:41:19.637Z
Undying Shadow,deck,"Drana, Liberator of Malakir",BFZ,Battle for Zendikar,109,normal,mythic,1,10242,d3f6ed18-eb6f-4d07-8660-cf7c074c87cd,0.86,false,false,near_mint,en,USD,2024-10-06T22:42:05.733Z
Undying Shadow,deck,Carrion Feeder,SCG,Scourge,59,normal,common,1,30629,88042031-64af-4f84-85d5-95992b43aa6c,1.65,false,false,near_mint,en,USD,2024-10-06T22:44:07.231Z
Undying Shadow,deck,Stormcarved Coast,VOW,Innistrad: Crimson Vow,284,foil,rare,1,64166,3e589848-2c25-43e8-a940-7769f7936815,7.99,false,false,near_mint,en,USD,2024-10-06T22:44:44.474Z
Undying Shadow,deck,Canoptek Wraith,40K,"Warhammer 40,000 Commander",153,normal,rare,1,72269,06199f88-720f-484a-953e-9189bafbe173,0.95,false,false,near_mint,en,USD,2024-10-06T22:45:12.417Z
Undying Shadow,deck,In the Darkness Bind Them,LTC,Tales of Middle-earth Commander,58,normal,rare,1,83661,f7f7413b-0a65-4338-90eb-4b4c5462c21c,1.07,false,false,near_mint,en,USD,2024-12-22T23:33:30.486Z
Undying Shadow,deck,Mistrise Village,TDM,Tarkir: Dragonstorm,397,normal,rare,1,104793,8c4f775c-98dd-4506-a02c-d22024f31d67,14.91,false,false,near_mint,en,USD,2025-04-04T19:44:58.586Z
Undying Shadow,deck,Teval's Judgment,TDC,Tarkir: Dragonstorm Commander,68,normal,rare,1,104954,cb210e6e-fcd1-4ab7-9827-fa73fdce3825,9.5,false,false,near_mint,en,USD,2025-04-05T20:49:53.792Z
Undying Shadow,deck,Worthy Cost,TDM,Tarkir: Dragonstorm,99,foil,common,1,104883,adc18edc-01d8-4a7e-a87b-a854e50aa75e,0.55,false,false,near_mint,en,USD,2025-04-05T20:49:53.792Z
Undying Shadow,deck,Call of the Ring,LTR,The Lord of the Rings: Tales of Middle-earth,79,normal,rare,1,83376,a92a2c5a-e450-494a-b23b-7ac0a6c50535,1.86,false,false,near_mint,en,USD,2025-04-07T04:40:56.682Z
Undying Shadow,deck,Watery Grave,EOE,Edge of Eternities,261,normal,rare,1,106762,5b8170dc-6a90-46fc-9989-7575f3d402b5,11.38,false,false,near_mint,en,USD,2026-05-20T18:47:04.541Z
Undying Shadow,deck,Birthday Escape,LTR,The Lord of the Rings: Tales of Middle-earth,43,normal,common,1,83034,42db2313-b13d-4292-bef2-bf86f989d32f,0.18,false,false,near_mint,en,USD,2024-04-19T02:10:49.476Z
Undying Shadow,deck,Claim the Precious,LTR,The Lord of the Rings: Tales of Middle-earth,81,normal,common,1,82862,121c12c4-83ea-463e-8fdf-30718968a2bd,0.16,false,false,near_mint,en,USD,2024-04-16T20:26:28.312Z
Undying Shadow,deck,Inherited Envelope,LTR,The Lord of the Rings: Tales of Middle-earth,242,normal,common,1,83418,b590d028-ea6a-4550-b5e2-ba328a81bbc0,0.16,false,false,near_mint,en,USD,2024-04-19T02:10:49.476Z
Undying Shadow,deck,Lord of the Nazgûl,LTC,Tales of Middle-earth Commander,60,normal,rare,1,83030,41e3d118-8f97-4c68-acff-2f90a055af5b,3.06,false,false,near_mint,en,USD,2024-10-06T22:43:02.793Z
Undying Shadow,deck,Relic of Sauron,LTC,Tales of Middle-earth Commander,79,normal,rare,1,82887,175b3d28-5c74-4972-9b5c-5e39762c78f4,5.48,false,false,near_mint,en,USD,2024-12-22T23:33:30.486Z
Undying Shadow,deck,Ringsight,LTR,The Lord of the Rings: Tales of Middle-earth,220,normal,uncommon,1,82992,3700a65c-6f54-4d56-9c6f-8364c45a058c,0.29,false,false,near_mint,en,USD,2024-04-16T20:26:28.312Z
Undying Shadow,deck,Witch-king of Angmar,LTR,The Lord of the Rings: Tales of Middle-earth,114,normal,mythic,1,83368,a55e6508-0b59-4573-bc4e-67b27279cfed,4.14,false,false,near_mint,en,USD,2024-04-16T19:50:59.720Z